draw	plm_auroc	plm_minus_length
0	0.9522497704315885	0.3279767370676462
1	0.9436964504283964	0.5195838433292533
2	0.9314516129032258	0.3432459677419355
3	0.9936034115138592	0.43496801705756927
4	0.9912429378531074	0.3303672316384181
5	0.9763556116015133	0.39832912988650704
6	0.9849041207670337	0.42125662994696034
7	0.9744050291872475	0.3291423439604849
8	0.9411764705882353	0.28019757521329147
9	0.9482905982905984	0.44166666666666676
10	0.9600000000000001	0.3491056910569107
11	0.9826607818411097	0.35703026481715006
12	0.9778225806451613	0.378024193548387
13	0.9332173913043479	0.26991304347826095
14	0.84140625	0.3513671875
15	0.9380869565217391	0.2186086956521739
16	0.9773013871374526	0.3854035308953341
17	0.9848790322580645	0.40658602150537637
18	0.9601139601139601	0.5145299145299145
19	0.9744360902255639	0.36566416040100247
20	0.99140625	0.34453124999999996
21	0.9344409519533005	0.5002245172878312
22	0.9645217391304348	0.31565217391304345
23	0.955952380952381	0.3913690476190478
24	0.9205128205128205	0.438034188034188
25	0.9815188172043011	0.4415322580645161
26	0.9196521739130434	0.440695652173913
27	0.948631421072366	0.39820022497187857
28	0.9541666666666667	0.3790178571428572
29	0.917002688172043	0.2691532258064516
30	0.9593750000000001	0.32734375000000004
31	0.9193850768653918	0.30389951256092995
32	0.9013240857503153	0.3311790668348046
33	0.9913419913419913	0.2918470418470418
34	0.9444444444444444	0.38870851370851367
35	0.9933712121212122	0.2623106060606061
36	0.9784463403682083	0.35249214189492584
37	0.9648809523809525	0.3071428571428573
38	0.9422799422799423	0.20652958152958145
39	0.9304347826086956	0.34782608695652173
40	0.9857954545454546	0.3944128787878789
41	0.9359445124439003	0.3312933496532027
42	0.9593413978494625	0.1898521505376346
43	0.9870744010088272	0.31793820933165196
44	0.9442913988368534	0.322467095194368
45	0.9216347956505437	0.3157105361829772
46	0.9850018747656544	0.4131983502062243
47	0.9692538432695913	0.3717660292463443
48	0.9612403100775193	0.3667890656874745
49	0.8401002506265665	0.38621553884711785
50	0.9782485875706215	0.45084745762711864
51	0.9515042658284688	0.2934440951953301
52	0.9032258064516129	0.3052755376344085
53	0.952020202020202	0.3979076479076479
54	0.9294871794871795	0.40833333333333344
55	0.8923076923076922	0.3373931623931624
56	0.9214015151515151	0.4126420454545454
57	0.9972451790633609	0.3659320477502297
58	0.9388440860215054	0.38642473118279574
59	0.977486559139785	0.323252688172043
60	0.9049550854824688	0.3527962909301652
61	0.9856308935788056	0.44589133363268973
62	0.9772357723577236	0.38390243902439025
63	0.9207223752678299	0.41352923171104994
64	0.9107818411097099	0.36822194199243374
65	0.9148437500000001	0.4576171875
66	0.9881680946552427	0.3523051815585474
67	0.9321789321789322	0.3773448773448774
68	0.9674059139784946	0.35903897849462363
69	0.9593413978494625	0.3593750000000001
70	0.9271284271284271	0.4137806637806637
71	0.9082926829268293	0.313170731707317
72	0.9570707070707072	0.3713924963924965
73	0.8494492044063648	0.3582211342309263
74	0.9673043478260869	0.4344347826086955
75	0.9963037634408602	0.35231854838709675
76	0.8998655913978495	0.3251008064516129
77	0.9297619047619048	0.35014880952380967
78	0.981640146878825	0.44308445532435736
79	0.9851190476190476	0.4308035714285714
80	0.9506048387096774	0.4049059139784946
81	0.9628796400449944	0.41601049868766404
82	0.9885760913912689	0.3423092615259078
83	0.9793775778027747	0.4705661792275966
84	0.942257217847769	0.4606299212598424
85	0.9799145299145299	0.41047008547008546
86	0.9523809523809524	0.37157287157287167
87	0.9779319041614124	0.3598675914249686
88	0.953926398145465	0.2697768762677484
89	0.9741282339707537	0.448631421072366
90	0.9498556998556998	0.5308441558441559
91	0.9787841697266422	0.488984088127295
92	0.9243107769423561	0.32581453634085233
93	0.9889716018748276	0.35194375516956145
94	0.9014634146341464	0.2865040650406504
95	0.9397435897435897	0.41901709401709397
96	0.9893920848633211	0.4504283965728274
97	0.9109543010752689	0.40944220430107536
98	0.9667338709677419	0.4067540322580645
99	0.979296875	0.36054687499999993
100	0.9582608695652174	0.3700869565217392
101	0.9635772357723577	0.4
102	0.9359445124439003	0.37311301509587913
103	0.937109375	0.30546875000000007
104	0.8877413560844185	0.38010776829815895
105	0.9851190476190477	0.3796130952380953
106	0.8861916771752838	0.4605926860025221
107	0.9773013871374526	0.48849306431273637
108	0.8988575268817205	0.22278225806451613
109	0.9330885352917178	0.39779681762545915
110	0.9278499278499277	0.26515151515151514
111	0.978515625	0.41582031249999996
112	0.962129733783277	0.19872515935508062
113	0.9978354978354979	0.2568542568542569
114	0.9069834830483918	0.40654882642712264
115	0.9872068230277184	0.497867803837953
116	0.883984867591425	0.398329129886507
117	0.9565054368203973	0.523997000374953
118	0.8837606837606838	0.2940170940170941
119	0.9657258064516129	0.32543682795698925
120	0.918154761904762	0.3252976190476191
121	0.9826086956521739	0.3636521739130435
122	0.9145649432534678	0.45507566204287514
123	0.953821138211382	0.3521951219512194
124	0.9054834054834054	0.30826118326118324
125	0.9787826086956521	0.39356521739130435
126	0.9812523434570678	0.37270341207349067
127	0.9844961240310077	0.3914728682170542
128	0.9583333333333334	0.31468413978494625
129	0.9007936507936507	0.37085137085137077
130	0.8808649530803753	0.44532843737250094
131	0.8991376077990252	0.34026996625421835
132	0.93125	0.31328125000000007
133	0.9642857142857143	0.27362914862914867
134	0.8974210373804694	0.3671399594320487
135	0.9583858764186634	0.3997477931904162
136	0.9371093749999999	0.38691406249999993
137	0.94207453973956	0.37359676695105526
138	0.986904761904762	0.3883928571428572
139	0.9808802308802309	0.3430735930735932
140	0.9628722970216238	0.3392492860057119
141	0.9431818181818181	0.36695075757575746
142	0.9375764993880048	0.463688290493676
143	0.928515625	0.3941406249999999
144	0.9115110611173602	0.43944506936632916
145	0.933984375	0.35761718749999993
146	0.9482564679415073	0.4351331083614548
147	0.949000407996736	0.31130150958792324
148	0.9209956709956709	0.26749639249639245
149	0.8596443965517242	0.29903017241379315
150	0.9420745397395599	0.4400538841490794
151	0.9754385964912281	0.5117794486215539
152	0.919140625	0.48750000000000004
153	0.9573252688172044	0.35416666666666674
154	0.9535984848484849	0.32078598484848486
155	0.992982456140351	0.3035087719298246
156	0.8942608695652174	0.2667826086956523
157	0.9857201142390861	0.3686250509995921
158	0.9478632478632478	0.3615384615384615
159	0.9595905172413793	0.4154094827586208
160	0.9875	0.39598214285714284
161	0.9794782608695652	0.39426086956521744
162	0.9530434782608695	0.412695652173913
163	0.9927557229788467	0.3364242248623587
164	0.952734375	0.45078125
165	0.9546875	0.20429687500000016
166	0.9906250000000001	0.39960937500000004
167	0.9227994227994228	0.3529942279942281
168	0.9801587301587302	0.3466810966810968
169	0.9902512185976753	0.31064866891638543
170	0.9707792207792207	0.25018037518037506
171	0.933984375	0.4447265625
172	0.9760127931769724	0.3470149253731345
173	0.9291338582677167	0.5073115860517436
174	0.9614604462474646	0.38959721819762405
175	0.8935028248587571	0.2860169491525424
176	0.8546176046176046	0.24422799422799424
177	0.9623655913978495	0.29133064516129037
178	0.9627826086956521	0.5306086956521738
179	0.9884559884559885	0.3872655122655122
180	0.9372513008876645	0.3795531068258341
181	0.944140625	0.3902343749999999
182	0.9987389659520807	0.394388398486759
183	0.9385365853658537	0.412520325203252
184	0.94765625	0.30683593749999993
185	0.9565476190476191	0.37514880952380947
186	0.9196908602150539	0.43145161290322587
187	0.9583858764186634	0.3396910466582598
188	0.9381720430107526	0.3237567204301075
189	0.9391801075268817	0.30779569892473124
190	0.9797979797979798	0.3632756132756132
191	0.9853768278965129	0.46456692913385833
192	0.9360025220680959	0.308795712484237
193	0.9025974025974025	0.21699134199134196
194	0.8888888888888888	0.277056277056277
195	0.9238845144356955	0.5013123359580053
196	0.958119658119658	0.3831196581196581
197	0.9600000000000001	0.2921739130434784
198	0.8816738816738817	0.34199134199134207
199	0.9463414634146341	0.3390243902439023
200	0.9468671679197996	0.2756892230576442
201	0.9110911540188595	0.2963628199371352
202	0.9166666666666666	0.4698773448773449
203	0.944128787878788	0.42850378787878796
204	0.9801739130434782	0.4815652173913043
205	0.98515625	0.2945312499999999
206	0.9482758620689655	0.33782327586206895
207	0.9824876515491693	0.3378985181859002
208	0.9448621553884712	0.4007518796992482
209	0.9231304347826086	0.46643478260869553
210	0.9823232323232325	0.34469696969696983
211	0.9955863808322823	0.2611916771752836
212	0.9905982905982906	0.31004273504273505
213	0.9290668348045398	0.3050126103404792
214	0.9909381663113007	0.2398720682302773
215	0.945391304347826	0.385391304347826
216	0.9794372294372294	0.37662337662337664
217	0.9354838709677419	0.3051075268817204
218	0.9674796747967479	0.27609756097560967
219	0.938034188034188	0.36431623931623935
220	0.8773448773448774	0.33730158730158744
221	0.92578125	0.26484375000000004
222	0.9606782106782107	0.40494227994227994
223	0.9008695652173913	0.3318260869565217
224	0.9265040650406504	0.3461788617886179
225	0.9146005509641872	0.2402816039179675
226	0.9643757881462799	0.4396279949558638
227	0.9877398720682302	0.49120469083155643
228	0.9278499278499278	0.2499999999999999
229	0.9733700642791552	0.5439240893786349
230	0.9356060606060607	0.3617424242424242
231	0.9615384615384616	0.43504273504273505
232	0.9795081967213114	0.41015132408575017
233	0.9646464646464646	0.341089466089466
234	0.9294354838709677	0.35433467741935487
235	0.8217948717948719	0.303846153846154
236	0.9401739130434783	0.44347826086956527
237	0.9252173913043479	0.48104347826086963
238	0.9744136460554371	0.4613539445628999
239	0.9859375	0.478515625
240	0.9128872923215088	0.4124382577458465
241	0.9495726495726495	0.3482905982905983
242	0.9240893786348332	0.31435567799204167
243	0.9261097325613454	0.31141439205955335
244	0.9763478260869565	0.48
245	0.9219373219373219	0.3042735042735043
246	0.8363575268817204	0.3106518817204301
247	0.9892857142857142	0.43333333333333335
248	0.9937499999999999	0.3296874999999999
249	0.988984088127295	0.3533251733986128
250	0.9820022497187851	0.42369703787026614
251	0.9136752136752136	0.3273504273504274
252	0.9762601626016261	0.3785365853658538
253	0.9457391304347826	0.3883478260869566
254	0.912890625	0.391015625
255	0.9737903225806451	0.37130376344086025
256	0.909765625	0.3164062500000001
257	0.9652274702984642	0.4120544769631991
258	0.8900813008130082	0.5009756097560976
259	0.8778409090909091	0.36363636363636365
260	0.988034188034188	0.41937321937321936
261	0.970703125	0.3783203125
262	0.9403824521934757	0.39276340457442815
263	0.9684139784946236	0.4178427419354839
264	0.8991869918699187	0.2757723577235772
265	0.9338296112489661	0.39164598842018206
266	0.9359445124439003	0.31823745410036697
267	0.9200268817204301	0.22681451612903225
268	0.9509408602150536	0.47177419354838696
269	0.9553091397849462	0.37180779569892475
270	0.9659147869674186	0.3453634085213033
271	0.9605543710021321	0.37260127931769715
272	0.9312736443883984	0.33653846153846156
273	0.959200326397389	0.3404732762137904
274	0.9452991452991453	0.3211538461538461
275	0.9574314574314574	0.22402597402597413
276	0.9532930107526881	0.3413978494623656
277	0.9473304473304474	0.36417748917748916
278	0.9508771929824562	0.3060150375939851
279	0.9336585365853659	0.35430894308943095
280	0.96953125	0.414453125
281	0.9961538461538462	0.25576923076923075
282	0.9639024390243903	0.451219512195122
283	0.9312499999999999	0.37578124999999996
284	0.9321789321789321	0.3145743145743145
285	0.957421875	0.5072265625
286	0.9699146834306241	0.48585541086663664
287	0.9697580645161291	0.35181451612903236
288	0.9482926829268292	0.3240650406504064
289	0.9638260869565217	0.44660869565217387
290	0.9678932178932179	0.24837662337662336
291	0.9737903225806452	0.3471102150537635
292	0.8665850673194614	0.3896368829049367
293	0.9069767441860466	0.4530803753569972
294	0.9595050618672667	0.3747656542932135
295	0.9586086956521739	0.2841739130434783
296	0.8507317073170733	0.2666666666666667
297	0.9448924731182796	0.3891129032258065
298	0.9888167388167387	0.22438672438672425
299	0.9840650406504066	0.3517073170731708
300	0.9056910569105691	0.35495934959349595
301	0.9250076522803795	0.34527089072543615
302	0.9571603427172583	0.34720522235822115
303	0.991003787878788	0.3380681818181819
304	0.968780487804878	0.4585365853658536
305	0.9337957124842371	0.37594577553593944
306	0.9883764529433821	0.37532808398950135
307	0.87578125	0.2640625
308	0.9867187500000001	0.4535156250000001
309	0.9436553030303031	0.3982007575757577
310	0.9412878787878787	0.35677083333333326
311	0.9219467401285583	0.32690541781450866
312	0.9797525309336332	0.32039745031871014
313	0.9415073115860517	0.2988376452943382
314	0.9761424731182796	0.3682795698924731
315	0.9246323529411764	0.4105392156862744
316	0.9901212393354288	0.38078132016165245
317	0.9932508436445444	0.36220472440944873
318	0.9717948717948718	0.45192307692307687
319	0.9692307692307692	0.41837606837606833
320	0.9720238095238095	0.4107142857142857
321	0.9494084047327621	0.3302733578131375
322	0.983901515151515	0.35061553030303017
323	0.8786324786324786	0.3952991452991453
324	0.9617547806524185	0.3254593175853019
325	0.961391304347826	0.28400000000000003
326	0.8451127819548871	0.2857142857142856
327	0.993359375	0.42207031250000004
328	0.9172619047619047	0.37529761904761894
329	0.8837365591397849	0.28931451612903214
330	0.9507193143556779	0.3847566574839302
331	0.9512768817204301	0.32594086021505375
332	0.9167479674796748	0.3276422764227642
333	0.9657282741738066	0.3023255813953488
334	0.9137607799025121	0.2330333708286464
335	0.9457264957264958	0.3867521367521368
336	0.9418822647169104	0.3153355830521185
337	0.9119623655913979	0.319388440860215
338	0.9459005376344087	0.3509744623655916
339	0.9022366522366523	0.36616161616161624
340	0.954471544715447	0.34894308943089425
341	0.9596837944664032	0.3901185770750988
342	0.9892857142857143	0.32068452380952395
343	0.9351331083614548	0.41582302212223476
344	0.9914529914529915	0.4010683760683761
345	0.9583739837398373	0.3645528455284551
346	0.9820022497187851	0.3837645294338208
347	0.9891774891774892	0.3744588744588744
348	0.9081196581196581	0.3474358974358974
349	0.855609756097561	0.366829268292683
350	0.9752530933633295	0.4418822647169104
351	0.9889112903225806	0.36458333333333326
352	0.9627994955863808	0.35750315258511967
353	0.9884711779448622	0.30726817042606513
354	0.9704347826086956	0.4158260869565218
355	0.9453125	0.367578125
356	0.991263440860215	0.39129704301075263
357	0.9363525091799264	0.33394532843737235
358	0.8940924395469849	0.31221303948576673
359	0.9203389830508475	0.336864406779661
360	0.9747863247863248	0.5076923076923077
361	0.9717073170731707	0.2552845528455284
362	0.9565217391304348	0.41895652173913045
363	0.9663825757575758	0.4528882575757577
364	0.8682219419924339	0.21532156368221944
365	0.9401739130434783	0.405217391304348
366	0.9343358395989976	0.40275689223057654
367	0.926860025220681	0.38713745271122324
368	0.9866522366522367	0.37770562770562777
369	0.9358198924731181	0.3012432795698923
370	0.974704202366381	0.32231742146062825
371	0.9689922480620156	0.39902080783353744
372	0.9527417027417028	0.26893939393939403
373	0.9796401515151515	0.29734848484848486
374	0.974905303030303	0.33641098484848475
375	0.9291666666666666	0.3928571428571428
376	0.9336332958380202	0.5193100862392201
377	0.9918032786885246	0.45444514501891553
378	0.9820386169735069	0.4658733722496631
379	0.9930434782608695	0.40452173913043465
380	0.955988455988456	0.2950937950937952
381	0.9328125	0.46406250000000004
382	0.9675141242937854	0.33912429378531084
383	0.9322916666666666	0.3437499999999999
384	0.996031746031746	0.4976551226551227
385	0.953515625	0.3685546875
386	0.9193043478260869	0.4375652173913044
387	0.9448297604035308	0.32755359394703654
388	0.9508771929824562	0.25588972431077706
389	0.9596521739130435	0.355304347826087
390	0.8733198924731183	0.3894489247311828
391	0.9434984520123839	0.3263673890608876
392	0.9489247311827956	0.3677755376344085
393	0.9341397849462365	0.247143817204301
394	0.975390625	0.3935546875
395	0.9786324786324786	0.5207264957264958
396	0.9516375880012243	0.3853688399142945
397	0.8967768257853936	0.28824969400244793
398	0.9852150537634409	0.46118951612903225
399	0.889784946236559	0.35668682795698914
400	0.9391869918699186	0.34829268292682924
401	0.948046875	0.4287109375
402	0.992004264392324	0.4760127931769722
403	0.9764309764309764	0.3041016222834405
404	0.9805217391304347	0.5542608695652174
405	0.9628796400449943	0.38713910761154846
406	0.9611706751666184	0.4323384526224283
407	0.8914062500000001	0.4
408	0.9937391304347826	0.36417391304347824
409	0.9328695652173913	0.4594782608695652
410	0.955859375	0.42207031250000004
411	0.9260683760683761	0.40555555555555567
412	0.9937499999999999	0.21367187499999996
413	0.9209756097560976	0.44325203252032525
414	0.9732173913043479	0.3911304347826088
415	0.9530803753569971	0.292125662994696
416	0.9816239316239317	0.3217948717948719
417	0.9017094017094017	0.3897435897435898
418	0.8690476190476191	0.3338744588744589
419	0.9707536557930259	0.40382452193475815
420	0.876171875	0.366796875
421	0.9036723163841808	0.4028248587570621
422	0.9906261717285338	0.3667041619797524
423	0.8953880764904387	0.3526434195725534
424	0.9351190476190476	0.37529761904761905
425	0.9372357723577237	0.41089430894308954
426	0.9344964799510255	0.411386593204775
427	0.9553091397849462	0.3765120967741936
428	0.9595959595959597	0.33333333333333337
429	0.9869674185463658	0.3313283208020049
430	0.8860142482189727	0.282339707536558
431	0.9957264957264957	0.4258547008547009
432	0.983984375	0.3560546874999999
433	1.0	0.2958422174840085
434	0.9946960424316607	0.5279477764177889
435	0.9788776796973517	0.46311475409836056
436	0.9622764227642276	0.46178861788617886
437	0.9375	0.351171875
438	0.9034090909090908	0.29024621212121204
439	0.9354147535965718	0.40281603917967557
440	0.949000407996736	0.42023663810689516
441	0.9487179487179487	0.31666666666666665
442	0.9928154467894027	0.2478670857656039
443	0.9401739130434783	0.29634782608695664
444	0.9408695652173913	0.4384347826086956
445	0.9929378531073447	0.39915254237288156
446	0.9445628997867804	0.30996801705756927
447	0.9007633587786259	0.373372249663224
448	0.8755609955120359	0.4381884944920441
449	0.9383928571428571	0.42276785714285714
450	0.9430894308943089	0.47073170731707303
451	0.9693362193362194	0.3915945165945166
452	0.9829565217391304	0.289391304347826
453	0.948905109489051	0.305242203052422
454	0.9500000000000001	0.372863247863248
455	0.9429565217391305	0.4097391304347826
456	0.9552669552669554	0.341810966810967
457	0.947198275862069	0.45460668103448276
458	0.9844877344877344	0.35299422799422786
459	0.9585137085137085	0.27074314574314573
460	0.9908831908831909	0.3655270655270656
461	0.9755201958384332	0.4108527131782944
462	0.961820480404551	0.34058154235145366
463	0.8786086956521738	0.3168695652173913
464	0.9710937500000001	0.5208984375000001
465	0.9887741356084419	0.3340817242927705
466	0.9253906249999999	0.32695312499999984
467	0.9183467741935484	0.295866935483871
468	0.944	0.1584347826086956
469	0.975	0.332421875
470	0.9946960424316605	0.3186454508363933
471	0.9859307359307359	0.3194444444444444
472	0.9555283557731538	0.3523051815585475
473	0.9642857142857144	0.3644345238095239
474	0.9057527539779682	0.32048143614851077
475	0.8944444444444444	0.37136752136752127
476	0.9474782608695652	0.3817391304347826
477	0.9480225988700565	0.46214689265536724
478	0.90703125	0.38691406249999993
479	0.9458689458689459	0.5527065527065527
480	0.936607142857143	0.3532738095238097
481	0.9523809523809523	0.32380952380952377
482	0.9733783277090364	0.44019497562804655
483	0.8972431077694235	0.33609022556390966
484	0.931640625	0.40839843750000004
485	0.9153225806451613	0.5122647849462365
486	0.976545842217484	0.355277185501066
487	0.8837606837606836	0.3222222222222221
488	0.978562421185372	0.48644388398486754
489	0.9869441044471644	0.45736434108527135
490	0.8827067669172933	0.22907268170426065
491	0.9861267341582303	0.4460067491563555
492	0.9589565217391304	0.410086956521739
493	0.939380332285586	0.34530758868432876
494	0.9386724386724387	0.4352453102453103
495	0.9524652338811631	0.36257901390644753
496	0.9066008082622362	0.25325550067355185
497	0.9674796747967479	0.3691056910569105
498	0.9446022727272727	0.27083333333333337
499	0.9965811965811966	0.4544159544159544
500	0.9751121991024072	0.4165646674826602
501	0.9360795454545454	0.27935606060606066
502	0.852734375	0.33515625000000004
503	0.9643817204301075	0.40759408602150526
504	0.9278058007566204	0.37326607818411106
505	0.929059829059829	0.2767094017094016
506	0.9846153846153847	0.3209401709401709
507	0.9265040650406504	0.2817886178861789
508	0.9286035024696901	0.3529411764705882
509	0.968975468975469	0.44480519480519487
510	0.9055555555555556	0.3568376068376069
511	0.9060162601626016	0.4747967479674796
512	0.9935064935064936	0.39574314574314584
513	0.9779432037496554	0.3981251723187207
514	0.9577553593947037	0.41771752837326603
515	0.9910714285714286	0.36577380952380956
516	0.9497562804649418	0.42669666291713537
517	0.9712009803921569	0.5756740196078431
518	0.9863281249999999	0.38203124999999993
519	0.996011396011396	0.23247863247863243
520	0.9595238095238096	0.4703869047619048
521	0.8728813559322034	0.431497175141243
522	0.9548872180451129	0.3426065162907269
523	0.98828125	0.3369140625
524	0.9606854838709677	0.46656586021505375
525	0.9886363636363636	0.431344696969697
526	0.9479644934190389	0.36363636363636365
527	0.8611111111111112	0.3576839826839827
528	0.9632034632034633	0.45905483405483416
529	0.9759349593495935	0.39235772357723575
530	0.9025537634408602	0.255880376344086
531	0.9620295698924732	0.27066532258064535
532	0.93359375	0.421484375
533	0.9163059163059163	0.3564213564213564
534	0.957341715312079	0.3174674449932644
535	0.9203478260869564	0.3532173913043478
536	0.960650406504065	0.3445528455284552
537	0.8674782608695653	0.23773913043478268
538	0.9082007343941249	0.2707058343533253
539	0.9899193548387096	0.3424059139784946
540	0.9886989278470009	0.48971312662996236
541	0.9217391304347825	0.24539130434782597
542	0.9919173776380781	0.32667265379434207
543	0.9533913043478262	0.3897391304347826
544	0.9543343653250774	0.3797729618163055
545	0.9606782106782107	0.4384920634920635
546	0.9621297337832772	0.4816272965879266
547	0.9934720522235821	0.412688698490412
548	0.9313482216708022	0.3930245381858284
549	0.9703787026621672	0.3352080989876265
550	0.9861281109751122	0.26336189310485525
551	0.9711309523809525	0.314732142857143
552	0.9460869565217392	0.33443478260869586
553	0.9714402284781722	0.4904120767033865
554	0.9218679838347553	0.3215087561742255
555	0.9540869565217391	0.38886956521739136
556	0.9375841939829367	0.3767400089806915
557	0.9810223446587082	0.3550658096112641
558	0.9002016129032258	0.17909946236559127
559	0.9717108217332735	0.40255949708127536
560	0.9133522727272728	0.5030776515151516
561	0.9871304347826086	0.2930434782608695
562	0.9372357723577236	0.4331707317073171
563	0.9541847041847042	0.42334054834054835
564	0.993452380952381	0.4084821428571429
565	0.985546875	0.2837890625
566	0.8477633477633478	0.30266955266955275
567	0.9217171717171717	0.391053391053391
568	0.9563443492452061	0.24826601387188907
569	0.9872159090909092	0.3802083333333335
570	0.9481844145246837	0.34353325173398597
571	0.9203125	0.39863281249999993
572	0.9884615384615385	0.49529914529914537
573	0.952695652173913	0.4361739130434782
574	0.9963235294117647	0.19362745098039225
575	0.977994227994228	0.5082972582972582
576	0.9794642857142858	0.4599702380952382
577	0.9093970003060912	0.2591062136516682
578	0.9655652173913043	0.5226086956521738
579	0.9934720522235823	0.5203998368013056
580	0.9824390243902439	0.4783739837398373
581	0.9745944291398837	0.4168962350780533
582	0.9516746411483255	0.41483253588516755
583	0.9447293447293448	0.31737891737891744
584	0.9558260869565217	0.3869565217391304
585	0.9617547806524185	0.3438320209973754
586	0.9655284552845528	0.3317073170731707
587	0.9065656565656565	0.43308080808080796
588	0.9432048681541582	0.34685598377281934
589	0.9527417027417028	0.4341630591630592
590	0.957997311827957	0.385752688172043
591	0.9371639784946236	0.3504704301075269
592	0.9682933553901296	0.34835952577888074
593	0.9909774436090226	0.456390977443609
594	0.9704260651629073	0.32180451127819554
595	0.971861471861472	0.2925685425685427
596	0.9919799498746867	0.4190476190476191
597	0.9328695652173913	0.32730434782608686
598	0.9524023349797934	0.3744948361023799
599	0.917717528373266	0.342843631778058
600	0.9351478494623656	0.3135080645161291
601	0.8798701298701298	0.34090909090909083
602	1.0	0.2329710144927536
603	0.922920892494929	0.3936540133294698
604	0.93671875	0.43046875000000007
605	0.9163854518185227	0.256092988376453
606	0.9783761729906161	0.3641370869033048
607	0.9455266955266957	0.47817460317460336
608	0.9415365779002144	0.3033363942454853
609	0.90859375	0.3740234375
610	0.9848675914249684	0.4728877679697351
611	0.9405217391304349	0.5142608695652175
612	0.9273182957393484	0.3634085213032582
613	0.9482564679415073	0.34776902887139105
614	0.962730130220027	0.4041311180960935
615	0.9392084863321093	0.2584659322725418
616	0.9790764790764791	0.42027417027417024
617	0.9944347826086957	0.44869565217391305
618	0.905078125	0.4078125
619	0.9575683394532843	0.48368013055895553
620	0.9515447154471545	0.42195121951219516
621	0.9183593750000001	0.287109375
622	0.9784463403682084	0.4557700942972609
623	0.9626568717477808	0.5071931435567799
624	0.882051282051282	0.31688034188034186
625	0.9565217391304348	0.27733860342555994
626	0.9917510311211098	0.47881514810648673
627	0.9527417027417028	0.4173881673881674
628	0.9732173913043478	0.4422608695652174
629	0.9466498103666244	0.5132743362831858
630	0.9749565217391305	0.2939130434782611
631	0.9603478260869565	0.4772173913043477
632	0.9823455233291299	0.29854981084489296
633	0.9722222222222222	0.37644300144300136
634	0.9417968750000001	0.4382812500000002
635	0.983127109111361	0.40157480314960625
636	0.980859375	0.4283203125
637	0.9485119047619047	0.40104166666666663
638	0.9624819624819625	0.3115079365079365
639	0.9064102564102564	0.26431623931623927
640	0.9366861248316121	0.4027840143691064
641	0.9188311688311688	0.351010101010101
642	0.9681588902900378	0.358764186633039
643	0.9491341991341992	0.3178210678210679
644	0.989392084863321	0.37086903304773544
645	0.9823772028496437	0.2185976752905886
646	0.9504273504273504	0.38717948717948714
647	0.9280089988751405	0.3847019122609673
648	0.9839015151515151	0.3686079545454545
649	0.8423076923076923	0.486965811965812
650	0.960013440860215	0.4008736559139785
651	0.952755905511811	0.43550806149231347
652	0.9243070362473348	0.42963752665245203
653	0.9473518284993695	0.30390920554854983
654	0.923890608875129	0.36184210526315796
655	0.979002624671916	0.40607424071991005
656	0.9595959595959596	0.40847872666054486
657	0.9268115942028986	0.3626811594202899
658	0.976068376068376	0.360042735042735
659	0.9133928571428571	0.29702380952380947
660	0.948046875	0.39531249999999996
661	0.9282106782106782	0.29202741702741697
662	0.903530895334174	0.42670239596469095
663	0.9551203590371277	0.32558139534883723
664	0.9332583427071616	0.3802024746906637
665	0.9171766625866993	0.33455732354141166
666	0.8914529914529915	0.32948717948717954
667	0.9921259842519685	0.49400074990626175
668	0.9583858764186634	0.4129886506935687
669	0.9435483870967741	0.4033938172043009
670	0.8924963924963925	0.29942279942279937
671	0.9854636591478696	0.41378446115288203
672	0.9862231182795699	0.4213709677419354
673	0.9520059992500937	0.3798275215598049
674	0.8456439393939394	0.33167613636363646
675	0.97796817625459	0.3272133822929417
676	0.9568926807364168	0.4470139200718456
677	0.927007299270073	0.2670869276708693
678	0.967360261117911	0.41982864137086895
679	0.947244623655914	0.3921370967741936
680	0.9525558616467709	0.3726660544842365
681	0.8935133108361454	0.25628046494188217
682	0.9869441044471644	0.3335373317013465
683	0.9478412054476963	0.3571428571428572
684	0.9265381083562901	0.38414447505356597
685	0.9234375	0.3203125
686	0.9884559884559885	0.40746753246753253
687	0.9519489247311828	0.5682123655913978
688	0.9032156368221942	0.35734552332912983
689	0.9996747967479674	0.3528455284552845
690	0.9231304347826087	0.339304347826087
691	0.9684139784946236	0.3881048387096774
692	0.9555555555555556	0.3153846153846155
693	0.9195312499999999	0.4117187499999999
694	0.8984375	0.3408203125
695	0.9604243166054671	0.3282333741330069
696	0.9379734848484849	0.4327651515151516
697	0.9394531249999999	0.3095703124999999
698	0.9213675213675213	0.3995726495726496
699	0.9958643507030603	0.4201819685690653
700	0.9659147869674186	0.4275689223057645
701	0.9532930107526881	0.3442540322580645
702	0.8617424242424243	0.26846590909090917
703	0.9567523459812322	0.30048959608323134
704	0.9163059163059163	0.35191197691197695
705	0.8849206349206349	0.39520202020202017
706	0.9847154471544716	0.34829268292682924
707	0.9235772357723577	0.3364227642276423
708	0.953515625	0.3554687499999999
709	0.9444444444444444	0.4063852813852813
710	0.9892231701841042	0.39739559946115854
711	0.9614762931034484	0.3750000000000001
712	0.9332611832611832	0.37409812409812404
713	0.9223170184104177	0.3744948361023799
714	0.928515625	0.332421875
715	0.9627016129032259	0.31115591397849474
716	0.99296875	0.33769531249999996
717	0.986086956521739	0.4641739130434782
718	0.8467843631778058	0.2988650693568726
719	0.8796747967479676	0.27479674796747966
720	0.9443609022556392	0.5451127819548873
721	0.9690860215053763	0.38877688172043
722	0.9817150063051703	0.39643757881462804
723	0.9172619047619048	0.3750000000000001
724	0.9595050618672666	0.32245969253843276
725	0.9846269216347957	0.45238095238095244
726	0.9623655913978494	0.4180107526881719
727	0.9559523809523809	0.3672619047619047
728	0.933982683982684	0.321969696969697
729	0.9162393162393162	0.4209401709401709
730	0.9722222222222222	0.4581529581529581
731	0.8843283582089553	0.3275586353944563
732	0.8792559899117276	0.28609709962168983
733	0.9549062049062049	0.3461399711399711
734	0.9767383059418457	0.4327433628318583
735	0.924310776942356	0.37017543859649127
736	0.9906160750713994	0.34924520603835163
737	0.8796521739130435	0.29026086956521746
738	0.9294507575757576	0.3726325757575757
739	0.9785624211853721	0.30863808322824726
740	0.9512560929883763	0.3704536932883389
741	0.9474782608695652	0.206608695652174
742	0.9958260869565217	0.2965217391304348
743	0.9669565217391304	0.3589565217391304
744	0.968421052631579	0.4293233082706768
745	0.9838770153730784	0.32245969253843276
746	0.9616483068135454	0.41819665442676457
747	0.945703125	0.36347656249999993
748	0.9327956989247311	0.39969758064516137
749	0.9762011674898967	0.41198922317018405
750	0.9912195121951219	0.3985365853658537
751	0.9590243902439024	0.4826016260162601
752	0.936328125	0.400390625
753	0.8554687500000001	0.24082031250000013
754	0.9363478260869564	0.35599999999999987
755	0.9281925744594043	0.39759281925744594
756	0.9836065573770492	0.3595523329129886
757	0.9310569105691058	0.4276422764227643
758	0.8747450020399836	0.2927376580987352
759	0.9979600163198694	0.39677682578539364
760	0.8705234159779615	0.32522191613100704
761	0.9952651515151515	0.2767518939393939
762	0.9639880952380954	0.32247023809523834
763	0.98828125	0.4541015625
764	0.9509698275862069	0.39264547413793094
765	0.9167564655172413	0.47036637931034475
766	0.9039066008082621	0.3457566232599909
767	0.98989898989899	0.3448773448773449
768	0.9619047619047619	0.33675595238095235
769	0.928125	0.31328125000000007
770	0.9122609673790776	0.32995875515560547
771	0.943154761904762	0.39047619047619053
772	0.9851818590031433	0.4135608441850023
773	0.9132543103448276	0.30657327586206895
774	0.992653810835629	0.29445974900520355
775	0.92265625	0.47148437499999996
776	0.93828125	0.5054687499999999
777	0.9766502020655591	0.3035473731477324
778	0.9404761904761906	0.39628427128427135
779	0.9527417027417028	0.31619769119769126
780	0.9132832080200501	0.28270676691729324
781	0.9388440860215054	0.31804435483870974
782	0.8927634045744282	0.343082114735658
783	0.8837000449034574	0.3022002694207452
784	0.9236467236467237	0.48603988603988607
785	0.9228219696969697	0.28148674242424243
786	0.9602081420263238	0.3526170798898072
787	0.8976377952755906	0.2274090738657668
788	0.9733475479744137	0.46215351812366745
789	0.9163606691146471	0.23990208078335384
790	0.9268441995714723	0.3354759718396082
791	0.868625050999592	0.25152998776009794
792	0.9796001631986945	0.5383516931864546
793	0.9726088908845981	0.5
794	0.9643794525684289	0.27615298087739026
795	0.9175846593227254	0.4545083639330885
796	0.9226495726495726	0.29337606837606833
797	0.90546875	0.28203125000000007
798	0.9401739130434782	0.3579130434782608
799	0.9559884559884559	0.3816738816738816
800	0.9853658536585365	0.4130081300813008
801	0.9730081300813008	0.4759349593495935
802	0.9430894308943089	0.39186991869918686
803	0.9351190476190476	0.378720238095238
804	0.943496801705757	0.29104477611940305
805	0.9619512195121951	0.39658536585365844
806	0.9787841697266422	0.5079559363525092
807	0.9887514060742407	0.4298837645294339
808	0.8947036569987389	0.390920554854981
809	0.8546176046176046	0.29148629148629157
810	0.981640625	0.3050781250000001
811	0.9282106782106782	0.21753246753246747
812	0.9878687620623104	0.3684863523573201
813	0.9834146341463414	0.42617886178861786
814	0.9525641025641026	0.5502136752136753
815	0.9796875	0.542578125
816	0.9546027742749055	0.4331651954602773
817	0.9294354838709677	0.3834005376344086
818	0.9579130434782609	0.2791304347826087
819	0.9247159090909092	0.312973484848485
820	0.8959999999999999	0.3622608695652173
821	0.9876422764227643	0.4377235772357724
822	0.9934959349593496	0.4377235772357724
823	0.9186991869918699	0.26373983739837403
824	0.9299242424242424	0.4356060606060606
825	0.978515625	0.45078125
826	0.9363247863247863	0.4702991452991453
827	0.962890625	0.2519531249999999
828	0.9283839520059993	0.36857892763404587
829	0.9055555555555556	0.3636752136752137
830	0.9320325203252032	0.3185365853658537
831	0.9179926560587515	0.34924520603835163
832	0.9819130434782609	0.40660869565217395
833	0.9393939393939394	0.4438735177865613
834	0.9527417027417027	0.39862914862914856
835	0.9693961952026469	0.2619244554728427
836	0.9158260869565218	0.4064347826086957
837	0.9623655913978495	0.45967741935483875
838	0.9800081599347205	0.35740514075887386
839	0.9533913043478262	0.4304347826086956
840	0.887037037037037	0.4430555555555555
841	0.9796875	0.35703125
842	0.9325084364454442	0.44356955380577423
843	0.9501312335958005	0.4066366704161981
844	0.8997867803837953	0.4938699360341152
845	0.983044733044733	0.3286435786435786
846	0.983984375	0.40390625
847	0.888130081300813	0.24634146341463403
848	0.9624819624819625	0.2680375180375181
849	0.8782608695652173	0.34869565217391296
850	0.9877398720682303	0.40565031982942434
851	0.8774135608441849	0.3203861697350694
852	0.908984375	0.29511718749999993
853	0.9992500937382827	0.16441694788151473
854	0.97265625	0.4541015625
855	0.9467566554180727	0.5251218597675291
856	0.9525586353944563	0.6076759061833689
857	0.9578947368421054	0.3511278195488722
858	0.9245621912887293	0.3471037269869781
859	0.9464285714285714	0.33288690476190474
860	0.9877600979192166	0.27702978376172993
861	0.9445069366329208	0.37514060742407196
862	0.9412878787878788	0.1891571969696969
863	0.9191919191919192	0.3860028860028861
864	0.9203125	0.40019531249999996
865	0.985042735042735	0.3566239316239316
866	0.9176747311827956	0.2743615591397849
867	0.9791929382093316	0.3327553593947037
868	0.9568695652173913	0.4118260869565217
869	0.9381327334083239	0.4296962879640044
870	0.9404324765401877	0.4616483068135455
871	0.958984375	0.38593749999999993
872	0.9140869565217391	0.3539130434782608
873	0.9494949494949495	0.4323593073593074
874	0.9152236652236652	0.3024891774891775
875	0.9469604243166054	0.48204814361485104
876	0.9547967479674796	0.4151219512195121
877	0.9699754901960783	0.4132965686274509
878	0.9902512185976753	0.36632920884889386
879	0.9255989911727617	0.3805170239596469
880	0.952695652173913	0.3064347826086956
881	0.9145106861642295	0.2617172853393326
882	0.9043869516310462	0.3134608173978254
883	0.9721102150537635	0.31754032258064524
884	0.9307826086956522	0.33478260869565224
885	0.9647995102540556	0.29629629629629617
886	0.9802424786708577	0.516389762011675
887	0.9487179487179488	0.3901295836779708
888	0.9775601795185639	0.26417788657690733
889	0.990205081114172	0.3917967554331191
890	0.9102564102564102	0.4412393162393162
891	0.9931457431457432	0.46031746031746035
892	0.9398293668612484	0.3848226313426134
893	0.9610119047619048	0.22976190476190472
894	0.9836801305589555	0.4494084047327622
895	0.9865591397849461	0.34543010752688164
896	0.9313038793103448	0.46928879310344823
897	0.9559811827956989	0.4003696236559139
898	0.956989247311828	0.355803694513372
899	0.950390625	0.36601562500000007
900	0.953515625	0.5837890625
901	0.9361471861471863	0.33658008658008676
902	0.9536290322580645	0.4574932795698925
903	0.9167479674796748	0.4009756097560976
904	0.9427350427350427	0.42692307692307685
905	0.9252173913043478	0.4203478260869564
906	0.9650063051702396	0.38098991172761665
907	0.8819039066008082	0.3311629995509654
908	0.9550056242969628	0.4328833895763029
909	0.9614604462474645	0.3980005795421617
910	0.9296536796536796	0.3553391053391053
911	0.9840881272949816	0.3998368013055895
912	0.9098360655737705	0.2760088272383354
913	0.9445564516129032	0.3980174731182795
914	0.923509561304837	0.40719910011248595
915	0.9840881272949816	0.24826601387188907
916	0.945736434108527	0.46838025295797625
917	0.984765625	0.45136718749999993
918	0.9459005376344086	0.44321236559139787
919	0.9690860215053764	0.28040994623655924
920	0.9895652173913043	0.4210434782608695
921	0.9489281210592686	0.4276481715006305
922	0.9626865671641791	0.42297441364605537
923	0.9299242424242424	0.5667613636363636
924	0.9524023349797934	0.4288280197575214
925	0.9513314967860421	0.2903275176002448
926	0.9773504273504273	0.41538461538461535
927	0.9338037634408601	0.306619623655914
928	0.976953125	0.32734374999999993
929	0.951631046119235	0.446944131983502
930	0.9605926860025221	0.3757881462799496
931	0.9796001631986944	0.35985312117503054
932	0.9888888888888888	0.40726495726495726
933	0.8409756097560975	0.30617886178861786
934	0.9246344206974129	0.292275965504312
935	0.96484375	0.38828125
936	0.8971774193548387	0.2661290322580646
937	0.9556497175141243	0.30324858757062145
938	0.8743907011623546	0.36220472440944873
939	0.9761718749999999	0.357421875
940	0.8645299145299145	0.342094017094017
941	0.9788953749438707	0.40547822182308035
942	0.9860869565217392	0.3871304347826088
943	0.9905702739110911	0.4218679838347552
944	0.898171500630517	0.5198612862547288
945	0.9426406926406926	0.4267676767676768
946	0.8215652173913043	0.2799999999999999
947	0.9777462121212122	0.5809659090909092
948	0.8862155388471178	0.3045112781954886
949	0.8878890138732658	0.33689538807649033
950	0.9524023349797934	0.24943870678042201
951	0.9123376623376624	0.4449855699855701
952	0.9950606196677144	0.3839245621912888
953	0.9930703624733476	0.32782515991471217
954	0.9107818411097099	0.43868221941992436
955	0.89375	0.4224609375
956	0.971032231742146	0.44675642594859233
957	0.924731182795699	0.36693548387096786
958	0.9164227642276422	0.4416260162601625
959	0.96541169268442	0.2976737067646159
960	0.908203125	0.38593750000000004
961	0.9556451612903225	0.3716397849462365
962	0.9168695652173913	0.4332173913043478
963	0.9235119047619047	0.3477678571428571
964	0.956390977443609	0.5020050125313283
965	0.9946695095948829	0.3872601279317699
966	0.9801274840644919	0.35320584926884135
967	0.9579763361893106	0.4367605059159527
968	0.9488281249999999	0.38203124999999993
969	0.9546306711661042	0.31702287214098235
970	0.9652173913043479	0.5354782608695653
971	0.83671875	0.33984375
972	0.9559363525091799	0.45410036719706237
973	0.9914880201765449	0.4639029003783103
974	0.9711304347826087	0.30765217391304356
975	0.8906052963430012	0.3422131147540983
976	0.9506061966771442	0.41490794791198926
977	0.960016319869441	0.42084863321093424
978	0.9167686658506732	0.27335781313749485
979	0.9821908602150539	0.3550067204301076
980	0.9073865766779153	0.3485189351331085
981	0.9477611940298507	0.42803837953091683
982	0.9521951219512196	0.38146341463414635
983	0.9282106782106782	0.47727272727272724
984	0.9868951612903226	0.39566532258064513
985	0.9603174603174603	0.5104617604617605
986	0.9564393939393939	0.23342803030303028
987	0.9945887445887445	0.4834054834054833
988	0.9918803418803419	0.30341880341880356
989	0.9934720522235823	0.3898408812729499
990	0.9817663817663818	0.3757834757834757
991	0.9603252032520325	0.36276422764227645
992	0.904	0.3495652173913043
993	0.9734335839598998	0.4418546365914787
994	0.9629093016516952	0.21790785279629088
995	0.9832721338229293	0.4400244798041615
996	0.972064393939394	0.41974431818181823
997	0.9779942279942281	0.3116883116883118
998	0.9943181818181818	0.3868371212121211
999	0.8950189155107188	0.3335435056746532
1000	0.9736761554943373	0.4629629629629629
1001	0.9884615384615385	0.4305555555555556
1002	0.9370265151515151	0.3797348484848484
1003	0.954296875	0.45820312500000004
1004	0.9720797720797721	0.4364672364672364
1005	0.978515625	0.5533203125
1006	0.9714381720430106	0.2661290322580644
1007	0.974910394265233	0.4594706368899917
1008	0.9467213114754098	0.44530264817150056
1009	0.8769513314967861	0.2917049280685645
1010	0.9611264156718702	0.4370982552800735
1011	0.9627016129032259	0.34206989247311836
1012	0.9105392156862745	0.4810049019607843
1013	0.9090909090909091	0.41341991341991335
1014	0.9668978562421185	0.2933480453972257
1015	0.951869918699187	0.44829268292682933
1016	0.9462481962481963	0.4502164502164503
1017	0.9938800489596084	0.3806609547123624
1018	0.8955357142857143	0.3642857142857143
1019	0.9538866930171278	0.2988142292490118
1020	0.9297715053763441	0.3580309139784946
1021	0.915234375	0.4242187500000001
1022	0.9561790668348045	0.33117906683480436
1023	0.943859649122807	0.3949874686716791
1024	0.9235095613048369	0.31383577052868383
1025	0.8979076479076479	0.42514430014430016
1026	0.9644531249999999	0.3033203124999999
1027	0.8992537313432836	0.2963752665245202
1028	0.9456668163448586	0.4355635383924562
1029	0.9647544056992876	0.22253468316460445
1030	0.9583739837398374	0.483089430894309
1031	0.9820075757575757	0.4251893939393938
1032	0.9673790776152981	0.37326584176977873
1033	0.9520202020202021	0.35515873015873023
1034	0.9247311827956989	0.2842741935483871
1035	0.95546875	0.316015625
1036	0.9503906249999999	0.4988281249999999
1037	0.9442913988368533	0.3419038873584328
1038	0.9888167388167388	0.39249639249639245
1039	0.8948130976528542	0.4539263981454651
1040	0.9829565217391305	0.44643478260869573
1041	0.9644268774703558	0.4474308300395259
1042	0.9206851119894598	0.23306982872200266
1043	0.9163606691146471	0.21236230110159116
1044	0.9634782608695652	0.37582608695652175
1045	0.9512560929883764	0.4034495688038996
1046	0.9700564971751412	0.3761299435028248
1047	0.8790322580645161	0.24983198924731187
1048	0.91015625	0.3912109374999999
1049	0.8977391304347826	0.4015652173913043
1050	0.9606782106782107	0.31439393939393934
1051	0.9498556998556998	0.3914141414141413
1052	0.9234771962044689	0.42209978573614937
1053	0.9327956989247312	0.4057459677419355
1054	0.9739130434782609	0.421913043478261
1055	0.902734375	0.40820312500000006
1056	0.9328499369482975	0.49668978562421173
1057	0.9461158509205209	0.3899865289627301
1058	0.9502164502164502	0.3338744588744589
1059	0.9635593220338983	0.3853107344632769
1060	0.930640554875561	0.45614035087719296
1061	0.9008264462809917	0.2865013774104683
1062	0.9755952380952381	0.28869047619047616
1063	0.9359445124439004	0.33455732354141166
1064	0.9589565217391305	0.38817391304347826
1065	0.9535058117735282	0.4176977877765279
1066	0.9724462365591398	0.37180779569892464
1067	0.8944444444444445	0.3942307692307693
1068	0.9574533210896847	0.4057239057239058
1069	0.9448717948717948	0.351923076923077
1070	0.9550056242969628	0.38488938882639656
1071	0.97890625	0.40800781249999996
1072	0.9660894660894661	0.41648629148629146
1073	0.9919173776380782	0.3165693758419399
1074	0.9933712121212122	0.4008049242424243
1075	0.9611706751666185	0.5097073312083455
1076	0.9334965320277437	0.43492452060383513
1077	0.9615384615384616	0.31951450189155106
1078	0.9588068181818182	0.38304924242424243
1079	0.9461620469083155	0.29104477611940294
1080	0.9468749999999999	0.4203125
1081	0.9252032520325204	0.3346341463414635
1082	0.912695652173913	0.280695652173913
1083	0.9092731829573936	0.48746867167919805
1084	0.9085114360704911	0.2967754030746156
1085	0.9818548387096775	0.3655913978494625
1086	0.976911976911977	0.4906204906204906
1087	0.8909313725490196	0.14828431372549
1088	0.9283746556473829	0.4110805019895929
1089	0.9186633039092055	0.34189785624211855
1090	0.9652173913043479	0.3393043478260871
1091	0.9851818590031433	0.4831612034126628
1092	0.9447154471544715	0.48634146341463413
1093	0.8861916771752837	0.45050441361916765
1094	0.9841269841269841	0.5757575757575757
1095	0.9155367231638418	0.31370056497175147
1096	0.9931623931623932	0.34900284900284895
1097	0.9678604224058768	0.22176308539944878
1098	0.9648809523809525	0.4376488095238097
1099	0.9163854518185227	0.277090363704537
1100	0.9161739130434783	0.33773913043478265
1101	0.9293820933165196	0.2965006305170239
1102	0.88828125	0.283203125
1103	0.9298837645294338	0.4696287964004499
1104	0.9547967479674796	0.38504065040650404
1105	0.9859198041016223	0.31343740434649525
1106	0.9822608695652173	0.4354782608695651
1107	0.9726642186862505	0.3435332517339862
1108	0.8566416040100251	0.36641604010025064
1109	0.9827521559805025	0.4651293588301463
1110	0.9801747311827957	0.44069220430107525
1111	0.9467566554180726	0.37101612298462683
1112	0.9522643818849449	0.427172582619339
1113	0.9638260869565217	0.3813913043478261
1114	0.8896595208070617	0.4709962168978561
1115	0.9923477196204469	0.362105907560453
1116	0.946969696969697	0.4487734487734488
1117	0.9350912778904665	0.4565343378730803
1118	0.9367521367521366	0.5070512820512819
1119	0.9666360575451484	0.44031221303948576
1120	0.9767992424242425	0.43702651515151525
1121	0.9473684210526316	0.30150958792329674
1122	0.9622844827586207	0.29027478448275856
1123	0.9231346081739782	0.3985751781027371
1124	0.9651293588301462	0.25421822272215966
1125	0.9580487804878048	0.39056910569105696
1126	0.9595959595959597	0.3207835935108664
1127	0.9621297337832772	0.28627671541057376
1128	0.9292968749999999	0.4501953124999999
1129	0.9660967835410027	0.435815705592582
1130	0.9848484848484849	0.226010101010101
1131	0.9704301075268817	0.5094086021505377
1132	0.9264069264069263	0.3398268398268398
1133	0.9308233853688399	0.31221303948576673
1134	0.9552669552669554	0.40313852813852835
1135	0.9085470085470085	0.34935897435897434
1136	0.98125	0.5341796875
1137	0.992248062015504	0.36372909016727883
1138	0.8885281385281385	0.43993506493506496
1139	0.9748540637629098	0.3426133812303548
1140	0.9513314967860422	0.45163758800122444
1141	0.9794782608695652	0.3636521739130435
1142	0.9401626016260163	0.38211382113821135
1143	0.943452380952381	0.4955357142857143
1144	0.9781586021505377	0.34778225806451635
1145	0.9694002447980417	0.43104855161158717
1146	0.9702380952380952	0.4430059523809524
1147	0.9118727050183599	0.23296613627091
1148	0.8982007575757577	0.3423295454545455
1149	0.8935788055680288	0.3962730130220028
1150	0.9145021645021645	0.40187590187590183
1151	0.9766502020655591	0.4436461607543781
1152	0.9388398486759143	0.39265447667087017
1153	0.9403409090909091	0.3349905303030303
1154	0.9403409090909091	0.34375
1155	0.958204334365325	0.4456914344685242
1156	0.915719696969697	0.525094696969697
1157	0.934185606060606	0.15956439393939392
1158	0.9643817204301075	0.307627688172043
1159	0.9377577802774651	0.39501312335957983
1160	0.9058243987250073	0.2681831353230948
1161	0.971032231742146	0.5206038351693186
1162	0.9479166666666666	0.3581845238095237
1163	0.9140625	0.45078125
1164	0.8372093023255814	0.1593227254181967
1165	0.9540869565217392	0.37391304347826093
1166	0.9582608695652175	0.3201739130434783
1167	0.975390625	0.38906249999999987
1168	0.946127946127946	0.42699724517906323
1169	0.892578125	0.5126953125
1170	0.8341880341880342	0.22628205128205126
1171	0.957124842370744	0.3846153846153847
1172	0.9686147186147187	0.4962121212121213
1173	0.9473684210526315	0.43166054671562615
1174	0.95859375	0.37109375
1175	0.9838770153730784	0.5134983127109112
1176	0.9104084321475625	0.352832674571805
1177	0.9811965811965812	0.2617521367521368
1178	0.9566532258064516	0.4506048387096774
1179	0.9853873724841467	0.3577336641852771
1180	0.9652343750000001	0.4996093750000001
1181	0.9783761729906161	0.35720114239086087
1182	0.9298837645294338	0.5311211098612673
1183	0.9581196581196582	0.4410256410256411
1184	0.9549062049062049	0.3410894660894661
1185	0.9489430894308942	0.4360975609756097
1186	0.926608695652174	0.30504347826086964
1187	0.9563492063492063	0.36346726190476186
1188	0.8848695652173914	0.3015652173913044
1189	0.9663299663299663	0.2970615243342515
1190	0.9955120359037127	0.24316605467156271
1191	0.987231182795699	0.38004032258064524
1192	0.996875	0.40703124999999996
1193	0.9434216434665469	0.3542882801975752
1194	0.9446022727272727	0.428030303030303
1195	0.967948717948718	0.39572649572649576
1196	0.945409429280397	0.3417424869037772
1197	0.9687894073139975	0.4252837326607819
1198	0.9419130434782608	0.4238260869565216
1199	0.9474431818181819	0.2000473484848485
1200	0.9183593750000001	0.35566406250000004
1201	0.9583739837398374	0.35382113821138206
1202	0.9123774509803922	0.29166666666666674
1203	0.9952991452991453	0.3038461538461539
1204	0.962109375	0.318359375
1205	0.975303098338572	0.3006286484059273
1206	0.913336326897171	0.4014369106421194
1207	0.9256854256854257	0.264069264069264
1208	0.9788306451612904	0.47530241935483875
1209	0.9466666666666668	0.31398373983739847
1210	0.9732030264817151	0.42812105926860033
1211	0.912358133669609	0.2886191677175284
1212	0.952991452991453	0.32457264957264964
1213	0.9265091863517061	0.2913385826771654
1214	0.9617604617604618	0.4206349206349207
1215	0.9678436317780581	0.41188524590163944
1216	0.8890434782608695	0.44539130434782603
1217	0.8713675213675214	0.32136752136752134
1218	0.8932330827067669	0.20175438596491224
1219	0.9424724602203182	0.33476132190942465
1220	0.9255652173913044	0.4596521739130435
1221	0.9919173776380781	0.3291423439604848
1222	0.9616260162601624	0.43577235772357703
1223	0.9727615184004637	0.46479281367719505
1224	0.991880341880342	0.35384615384615403
1225	0.9505772005772005	0.37283549783549785
1226	0.9032938076416338	0.3893280632411068
1227	0.9366330390920555	0.36018284993694827
1228	0.9270833333333335	0.40104166666666674
1229	0.9917027417027418	0.3190836940836942
1230	0.9336219336219337	0.4527417027417028
1231	0.8356290174471993	0.2513008876645241
1232	0.9488272921108742	0.37579957356076765
1233	0.9872068230277184	0.5191897654584221
1234	0.9291056910569105	0.4029268292682927
1235	0.9301075268817204	0.33954973118279563
1236	0.9663825757575757	0.46212121212121204
1237	0.961021505376344	0.25369623655913975
1238	0.9928977272727273	0.2320075757575758
1239	0.9330357142857143	0.3476190476190476
1240	0.961038961038961	0.34217171717171724
1241	0.9432884536923705	0.3886168910648715
1242	0.92991452991453	0.36239316239316255
1243	0.91796875	0.32148437500000004
1244	0.9173387096774194	0.3862567204301076
1245	0.9199404761904763	0.24821428571428583
1246	0.98359375	0.38496093750000004
1247	0.9779973057925461	0.4151324651998204
1248	0.944943494639235	0.3980005795421617
1249	0.993844696969697	0.23934659090909094
1250	0.9617604617604618	0.4976551226551227
1251	0.9573252688172044	0.39818548387096786
1252	0.9288690476190475	0.3124999999999999
1253	0.9692982456140351	0.3670020639834881
1254	0.937890625	0.2476562499999999
1255	0.9535714285714286	0.3386904761904762
1256	0.9847328244274809	0.38751683879658727
1257	0.9905691056910569	0.5073170731707317
1258	0.8819961400606562	0.3162393162393162
1259	0.9360119047619048	0.39598214285714284
1260	0.9633928571428572	0.4610119047619048
1261	0.9730512894813099	0.32773109243697496
1262	0.9575683394532843	0.38637290901672783
1263	0.938033228558599	0.42635832959137865
1264	0.9913043478260869	0.4576086956521739
1265	0.9895382395382395	0.40043290043290036
1266	0.9662542182227222	0.545556805399325
1267	0.9491452991452992	0.3055555555555556
1268	0.9827683615819208	0.409322033898305
1269	0.9217069892473118	0.4306115591397849
1270	0.906700379266751	0.2530973451327435
1271	0.9767441860465116	0.4169726642186863
1272	0.9877344877344877	0.418109668109668
1273	0.9833333333333334	0.4619658119658121
1274	0.9072463768115941	0.3065217391304348
1275	0.9714402284781721	0.3806609547123623
1276	0.9824561403508772	0.30926152590779277
1277	0.9032620922384702	0.5022497187851519
1278	0.9824561403508771	0.3798449612403101
1279	0.9947964493419039	0.3350168350168351
1280	0.936491935483871	0.5287298387096775
1281	0.9571428571428573	0.374404761904762
1282	0.9826839826839827	0.33531746031746024
1283	0.9645528455284553	0.33365853658536593
1284	0.975094577553594	0.34158259773013877
1285	0.95625	0.30781250000000004
1286	0.9773809523809526	0.5096726190476193
1287	0.9457755359394705	0.33448928121059274
1288	0.944943494639235	0.3681541582150101
1289	0.9685842513259894	0.4942880456956344
1290	0.9759281925744594	0.43186454508363936
1291	0.9776334776334776	0.37463924963924966
1292	0.9137391304347826	0.27130434782608703
1293	0.9227150537634409	0.4574932795698925
1294	0.9871304347826089	0.3466086956521741
1295	0.9570707070707071	0.49837662337662336
1296	0.9235095613048369	0.29940007499062615
1297	0.9118727050183598	0.20318237454100363
1298	0.969433465085639	0.3467720685111989
1299	0.9782485875706215	0.33432203389830506
1300	0.918724741805119	0.363718006286484
1301	0.9635642135642137	0.34217171717171735
1302	0.888	0.24086956521739133
1303	0.9673790776152981	0.4184476940382452
1304	0.9346341463414634	0.3842276422764227
1305	0.9522849462365591	0.3504704301075269
1306	0.9798260869565217	0.4043478260869565
1307	0.9598290598290597	0.2602564102564102
1308	0.9473684210526315	0.46674826601387187
1309	0.9126359205099362	0.40851143607049123
1310	0.9567099567099567	0.34938672438672447
1311	0.984375	0.46074218749999996
1312	0.974959349593496	0.3226016260162602
1313	0.981640625	0.373046875
1314	0.9290085679314565	0.3390452876376988
1315	0.9726642186862505	0.4171766625866993
1316	0.9711309523809525	0.256547619047619
1317	0.9791921664626684	0.20277437780497765
1318	0.9476911976911977	0.33405483405483416
1319	0.980603448275862	0.4220096982758619
1320	0.9291056910569105	0.32731707317073166
1321	0.9938800489596082	0.4014687882496939
1322	0.9840832568105297	0.38781756963575165
1323	0.8796521739130435	0.3262608695652174
1324	0.9344262295081968	0.334016393442623
1325	0.8668831168831168	0.48917748917748916
1326	0.9487179487179487	0.45320512820512815
1327	0.9448818897637795	0.35789276340457443
1328	0.9795081967213114	0.38177805800756615
1329	0.8997113997113998	0.3221500721500723
1330	0.9845430107526881	0.35131048387096775
1331	0.996875	0.33320312500000004
1332	0.934375	0.37441406249999987
1333	0.9784461152882207	0.267919799498747
1334	0.9488100583744948	0.3652896273013022
1335	0.9386904761904763	0.4505952380952382
1336	0.9339919173776381	0.40682532555006745
1337	0.956344349245206	0.2676458588331292
1338	0.938508064516129	0.34055779569892475
1339	0.9596469104665826	0.42859394703656994
1340	0.9061141698058534	0.36467690524485663
1341	0.872695652173913	0.34539130434782606
1342	0.9762889440308795	0.2644058450510064
1343	0.9646464646464646	0.3299062049062049
1344	0.9840881272949816	0.3782129742962056
1345	0.9172316384180791	0.3379943502824858
1346	0.9718922051579253	0.36322804984062596
1347	0.9641739130434783	0.4215652173913045
1348	0.9854166666666667	0.3575892857142857
1349	0.9152605924259468	0.30708661417322847
1350	0.9733333333333333	0.4452032520325203
1351	0.939453125	0.2630859375
1352	0.9799435028248588	0.4451977401129943
1353	0.9586776859504132	0.41567187021732477
1354	0.9210349462365591	0.2745295698924731
1355	0.9564102564102565	0.37884615384615394
1356	0.9798260869565217	0.3015652173913044
1357	0.9722222222222222	0.33712121212121215
1358	0.9398809523809524	0.2861607142857143
1359	0.957421875	0.410546875
1360	0.9595959595959597	0.41612554112554123
1361	0.8942632170978627	0.33483314585676793
1362	0.9629268292682926	0.5121951219512195
1363	0.9635772357723578	0.41154471544715454
1364	0.9677540307461567	0.49475065616797903
1365	0.9384615384615385	0.36111111111111116
1366	0.9167717528373266	0.3649117276166456
1367	0.9923664122137404	0.45172878311629994
1368	0.9359349593495935	0.41154471544715443
1369	0.9361471861471862	0.40927128427128423
1370	0.94017094017094	0.23632478632478615
1371	0.9333333333333333	0.29268292682926833
1372	0.9856308935788055	0.3933542882801975
1373	0.8832222544190089	0.40625905534627643
1374	0.9709962168978562	0.37090163934426235
1375	0.9108943089430894	0.2640650406504066
1376	0.9666360575451485	0.4831649831649832
1377	0.92	0.3697560975609757
1378	0.9109565217391304	0.48643478260869566
1379	0.9959899749373433	0.3318295739348369
1380	0.9686147186147186	0.42640692640692635
1381	0.9791666666666667	0.4282670454545455
1382	0.9660618279569892	0.38743279569892475
1383	0.9451910408432147	0.3450592885375493
1384	0.8110975112199102	0.30966952264381886
1385	0.9163901791639018	0.360318513603185
1386	0.9339837398373984	0.29398373983739834
1387	0.9205955334987593	0.40184725668596644
1388	0.9599621689785625	0.4862862547288777
1389	0.9307317073170732	0.4465040650406505
1390	0.8968414952187771	0.3861199652274703
1391	0.9346341463414635	0.30536585365853663
1392	0.9817150063051703	0.42512610340479196
1393	0.9488700564971752	0.3834745762711864
1394	0.9891774891774893	0.3272005772005774
1395	0.8876521739130435	0.41965217391304355
1396	0.9791929382093316	0.34189785624211855
1397	0.9596083231334149	0.41105671154630763
1398	0.9823772028496438	0.30483689538807646
1399	0.984375	0.32792968749999996
1400	0.9947964493419038	0.4686256504438322
1401	0.9424501424501425	0.3273504273504274
1402	0.9270833333333334	0.3714717741935484
1403	0.994140625	0.29707031250000004
1404	0.8857142857142858	0.28822055137844615
1405	0.9256410256410256	0.45128205128205123
1406	0.9482564679415073	0.47394075740532426
1407	0.9530434782608695	0.384695652173913
1408	0.9136191677175284	0.3015447667087011
1409	0.9766708701134931	0.41897856242118536
1410	0.9027478448275862	0.2493265086206896
1411	0.8908886389201349	0.24446944131983506
1412	0.963671875	0.31621093749999996
1413	0.949260752688172	0.40608198924731176
1414	0.9383116883116882	0.34451659451659433
1415	0.9488695652173913	0.2697391304347826
1416	0.927755376344086	0.41817876344086025
1417	0.9110567115463077	0.26682986536107733
1418	0.9205099362579676	0.461567304086989
1419	0.9546985001530456	0.35674931129476584
1420	0.9592352092352092	0.35984848484848486
1421	0.9941625505163897	0.25101032779524013
1422	0.92130081300813	0.40373983739837394
1423	0.975206611570248	0.38200183654729125
1424	0.9098290598290599	0.3433760683760685
1425	0.931758530183727	0.4075740532433445
1426	0.9549062049062049	0.39375901875901875
1427	0.96875	0.27896012931034486
1428	0.9797979797979798	0.4853896103896103
1429	0.9421875000000001	0.4306640625000001
1430	0.9686147186147186	0.41215728715728717
1431	0.9763478260869565	0.43165217391304345
1432	0.9128872923215088	0.4268073641670409
1433	0.9415584415584416	0.39069264069264076
1434	0.96	0.40452173913043477
1435	0.9962504686914135	0.3078365204349456
1436	0.9965811965811966	0.3504273504273504
1437	0.9930434782608696	0.32765217391304347
1438	0.9788306451612904	0.3882728494623656
1439	0.8432869330938482	0.3751683879658734
1440	0.9888059701492538	0.38619402985074625
1441	0.9205099362579677	0.30727409073865763
1442	0.9730468749999999	0.4406249999999998
1443	0.8196581196581196	0.2948717948717948
1444	0.9605926860025221	0.34962168978562425
1445	0.9666291713535807	0.442819647544057
1446	0.9639249639249641	0.30772005772005784
1447	0.9622810956443647	0.37202514593623714
1448	0.928125	0.36328125
1449	0.9221443965517241	0.400727370689655
1450	0.9499130434782609	0.32643478260869574
1451	0.9842845326716295	0.2373862696443343
1452	0.9917510311211098	0.4285714285714286
1453	0.9352845528455285	0.4102439024390244
1454	0.9242276422764228	0.346829268292683
1455	0.9736585365853658	0.375609756097561
1456	0.981453634085213	0.39699248120300745
1457	0.9615384615384616	0.38076923076923086
1458	0.9450757575757576	0.4628314393939394
1459	0.9447293447293448	0.4478632478632479
1460	0.9585137085137085	0.41540404040404033
1461	0.9509565217391305	0.3081739130434783
1462	0.9414062499999999	0.4244140624999998
1463	0.9617604617604618	0.2611832611832613
1464	0.9865361077111383	0.38637290901672794
1465	0.9371639784946237	0.3225806451612905
1466	0.8937499999999999	0.3902343749999999
1467	0.9630376344086021	0.2750336021505375
1468	0.8949259092950157	0.3064660978895375
1469	0.959304347826087	0.39113043478260867
1470	0.9823455233291299	0.31100252206809587
1471	0.9012820512820513	0.30512820512820515
1472	0.9646910466582597	0.41235813366960894
1473	0.9065656565656566	0.48430735930735935
1474	0.9734543010752688	0.247143817204301
1475	0.9186351706036746	0.3046494188226473
1476	0.9088863892013498	0.3149606299212597
1477	0.9133858267716536	0.4527559055118111
1478	0.94750656167979	0.41357330333708286
1479	0.9559829059829059	0.2850427350427349
1480	0.9465524275805793	0.2570379436964504
1481	0.9488695652173912	0.3448695652173912
1482	0.9779973057925461	0.38572070049393814
1483	0.9693908784817876	0.41888582797673724
1484	0.9019762845849802	0.3291172595520421
1485	0.9206349206349207	0.2766955266955268
1486	0.9467401285583104	0.32017141108050196
1487	0.9914529914529915	0.43183760683760686
1488	0.9543010752688171	0.4848790322580644
1489	0.9773913043478261	0.3154782608695652
1490	0.9408143939393939	0.33806818181818177
1491	0.9223413503332367	0.2699217618081716
1492	0.9714782608695651	0.3619130434782608
1493	0.9099130434782609	0.405391304347826
1494	0.9652605459057072	0.27391783843396744
1495	0.9453284373725009	0.3788249694002447
1496	0.9807692307692307	0.5166666666666666
1497	0.9045287637698898	0.3912688698490412
1498	0.9981962481962482	0.3816738816738816
1499	0.971875	0.44941406250000004
1500	0.9877600979192167	0.2598939208486334
1501	0.9533898305084746	0.45437853107344633
1502	0.9739316239316239	0.4606837606837607
1503	0.9880341880341881	0.2797008547008547
1504	0.9092950157162101	0.3006286484059272
1505	0.9671544715447155	0.4245528455284553
1506	0.9497562804649419	0.3629546306711662
1507	0.8685217391304348	0.37686956521739134
1508	0.919921875	0.11855468750000009
1509	0.9217391304347827	0.19860869565217398
1510	0.9612403100775193	0.3023255813953488
1511	0.9642276422764227	0.2455284552845527
1512	0.9857517810273716	0.46775403074615673
1513	0.9356872635561161	0.31904161412358145
1514	0.8867641544806899	0.4548181477315335
1515	0.9437499999999999	0.27410714285714277
1516	0.9668292682926829	0.31886178861788617
1517	0.9289772727272727	0.36742424242424243
1518	0.976953125	0.380859375
1519	0.936868686868687	0.3497474747474748
1520	0.8697691197691197	0.45833333333333326
1521	0.9683478260869566	0.4344347826086957
1522	0.911869918699187	0.31154471544715445
1523	0.9430071241094863	0.36107986501687284
1524	0.9966254218222722	0.27877765279340094
1525	0.9632352941176471	0.4224877450980392
1526	0.9257445940432476	0.3880048959608323
1527	0.9556650246305419	0.37423935091277893
1528	0.9510403916768666	0.3294573643410853
1529	0.9372294372294373	0.4255050505050505
1530	0.8946608946608947	0.34992784992784987
1531	0.9763257575757576	0.4249526515151516
1532	0.9943757030371204	0.34439445069366337
1533	0.9691406249999999	0.3917968749999998
1534	0.9537494387067804	0.3087112707678492
1535	0.9393162393162393	0.44294871794871793
1536	0.9478412054476963	0.37177629672558676
1537	0.8904355635383925	0.3244274809160306
1538	0.9583843329253366	0.5203998368013056
1539	0.9542372881355932	0.3638418079096045
1540	0.9612232030264817	0.2842055485498107
1541	0.9718614718614719	0.4825036075036075
1542	0.9519774011299434	0.42118644067796607
1543	0.9139379889886989	0.3051289481309766
1544	0.9474358974358975	0.29829059829059834
1545	0.9556451612903226	0.4390120967741936
1546	0.9395121951219514	0.4063414634146343
1547	0.9640151515151515	0.4389204545454545
1548	0.980410162228344	0.37144168962350776
1549	0.9470462197734926	0.3738904193449649
1550	0.9366071428571429	0.4380952380952381
1551	0.9323308270676692	0.3704260651629072
1552	0.9861281109751122	0.34618523051815586
1553	0.9765625	0.3218749999999999
1554	0.9653897849462365	0.31720430107526876
1555	0.9816272965879265	0.44450693663292085
1556	0.9700940860215054	0.32056451612903225
1557	0.9940007499062617	0.35433070866141736
1558	0.9642276422764228	0.3299186991869919
1559	0.9098214285714287	0.30059523809523825
1560	0.931054131054131	0.39116809116809104
1561	0.9957264957264957	0.4076923076923077
1562	0.9499130434782608	0.42399999999999993
1563	0.9894736842105263	0.4335839598997493
1564	0.8212842388863942	0.3762909744050291
1565	0.9474358974358974	0.33269230769230773
1566	0.9431818181818182	0.35819128787878785
1567	0.9408130081300813	0.2521951219512194
1568	0.9366329208848894	0.30914885639295087
1569	0.9748540637629097	0.45913785361472825
1570	0.9441044471644225	0.2896776825785393
1571	0.9811827956989247	0.3657594086021506
1572	0.952755905511811	0.30839895013123353
1573	0.920071845532106	0.4360125729681186
1574	0.9610434782608696	0.29495652173913045
1575	0.9602549681289838	0.3935133108361454
1576	0.898046875	0.4052734375
1577	0.9260752688172043	0.3639112903225806
1578	0.9066834804539723	0.22194199243379575
1579	0.9514501891551072	0.3707440100882724
1580	0.9577235772357723	0.35365853658536583
1581	0.9546370967741936	0.378864247311828
1582	0.9388826396700413	0.38751406074240724
1583	0.9342105263157894	0.30792053663570684
1584	0.9478696741854636	0.34837092731829566
1585	0.9914786967418546	0.3057644110275689
1586	0.9694656488549618	0.3819039066008082
1587	0.9498738965952082	0.4342686002522068
1588	0.9537802265074992	0.448423630241812
1589	0.9796001631986945	0.4283965728274175
1590	0.9866666666666666	0.2497560975609756
1591	0.9167968750000001	0.33085937500000007
1592	0.9193850768653917	0.5588676415448068
1593	0.9880952380952381	0.45833333333333337
1594	0.9824561403508771	0.3531211750305998
1595	0.9591949269368624	0.3362282878411911
1596	0.9255652173913044	0.3452173913043478
1597	0.9225071225071225	0.4071225071225071
1598	0.9444444444444444	0.44316239316239314
1599	0.9913760779902513	0.298087739032621
1600	0.9495798319327731	0.25311503911909594
1601	0.9515625000000001	0.4505859375000001
1602	0.965504311961005	0.39201349831271093
1603	0.8645299145299146	0.3408119658119658
1604	0.943359375	0.5023437500000001
1605	0.9420644634842921	0.354141166870665
1606	0.8834005376344086	0.3657594086021506
1607	0.9596774193548387	0.27520161290322587
1608	0.9516521739130435	0.25286956521739135
1609	0.9276521739130434	0.31130434782608685
1610	0.9495652173913044	0.4725217391304348
1611	0.9694199243379571	0.4497162673392181
1612	0.9823232323232324	0.3910533910533912
1613	0.9729804245933278	0.4328646264130135
1614	0.9561739130434783	0.34782608695652184
1615	0.9801387137452712	0.38981715006305173
1616	0.9247863247863247	0.22136752136752125
1617	0.9773978556940017	0.4329179947841205
1618	0.9408143939393939	0.46614583333333337
1619	0.9093749999999999	0.4177734374999999
1620	0.921259842519685	0.40607424071991005
1621	0.9512987012987014	0.38221500721500734
1622	0.9205208801077682	0.3132016165244723
1623	0.9415073115860516	0.44450693663292073
1624	0.9834054834054835	0.3670634920634921
1625	0.9246031746031746	0.2997835497835498
1626	0.973753280839895	0.48368953880764903
1627	0.9834054834054835	0.3860028860028861
1628	0.9361471861471861	0.3614718614718614
1629	0.9684726048362412	0.4952555861646771
1630	0.9782196969696969	0.23626893939393934
1631	0.9502976190476191	0.4449404761904763
1632	0.9609756097560976	0.5063414634146343
1633	0.953391304347826	0.4502608695652174
1634	0.8991452991452991	0.30491452991452983
1635	0.9635642135642136	0.2864357864357865
1636	0.9665442676458588	0.4239086087311301
1637	0.9944862155388471	0.406265664160401
1638	0.9404761904761906	0.46699134199134207
1639	0.9734375	0.32988281249999996
1640	0.9319041614123581	0.38997477931904156
1641	0.9291338582677166	0.4145106861642295
1642	0.9794486215538847	0.27819548872180455
1643	0.9512195121951219	0.2782113821138211
1644	0.9765458422174841	0.2369402985074628
1645	0.9521367521367522	0.3914529914529915
1646	0.9761904761904762	0.4704184704184704
1647	0.9441287878787878	0.3837594696969696
1648	0.9598870056497175	0.4162429378531074
1649	0.9461538461538461	0.3418803418803419
1650	0.9914529914529916	0.4452991452991455
1651	0.975304347826087	0.3973913043478261
1652	0.9412173913043478	0.4953043478260869
1653	0.9630376344086022	0.3555107526881721
1654	0.858086956521739	0.37356521739130427
1655	0.9741488020176545	0.4175598991172762
1656	0.9811965811965812	0.4290598290598291
1657	0.9235119047619049	0.35148809523809543
1658	0.9662673392181589	0.3928121059268601
1659	0.9463817022872141	0.38301462317210344
1660	0.966796875	0.2783203125
1661	0.9819624819624819	0.3003246753246752
1662	0.9171766625866993	0.3647490820073439
1663	0.9303571428571429	0.3651785714285716
1664	0.9567479674796747	0.37300813008130074
1665	0.9285037878787878	0.40435606060606055
1666	0.9098290598290598	0.37585470085470085
1667	0.9875930521091811	0.34105321202095396
1668	0.9922480620155039	0.4137086903304774
1669	0.9312977099236641	0.4328693309384823
1670	0.9563172043010754	0.41095430107526887
1671	0.9671717171717172	0.3172799422799424
1672	0.909016727866177	0.40636474908200737
1673	0.9371351594072743	0.4701392007184553
1674	0.9318260869565217	0.372695652173913
1675	0.9569892473118279	0.3993615591397849
1676	0.9735119047619047	0.42380952380952375
1677	0.9761904761904762	0.35750360750360755
1678	0.9592352092352092	0.5707070707070707
1679	0.9929599020508112	0.37894092439547
1680	0.9660894660894661	0.27922077922077926
1681	0.9841269841269841	0.42875180375180366
1682	0.9928455284552845	0.39105691056910563
1683	0.9313283208020051	0.4130325814536342
1684	0.9405241935483871	0.30594758064516137
1685	0.9358395989974938	0.35238095238095246
1686	0.9303751803751804	0.35389610389610393
1687	0.9855699855699855	0.32160894660894657
1688	0.9555283557731538	0.2596899224806202
1689	0.9616204690831556	0.4088486140724946
1690	0.9495652173913043	0.3619130434782607
1691	0.95234375	0.49394531250000007
1692	0.9868945868945869	0.5239316239316238
1693	0.955078125	0.3412109375
1694	0.9949874686716792	0.41428571428571426
1695	0.9565217391304348	0.28660869565217395
1696	0.9756280464941882	0.3980127484064492
1697	0.9574401008827238	0.41346153846153844
1698	0.9168695652173913	0.40226086956521734
1699	0.9938446969696969	0.4969223484848484
1700	0.9954782608695653	0.35182608695652173
1701	0.9271544715447154	0.28861788617886186
1702	0.9464347826086957	0.4067826086956522
1703	0.9756521739130435	0.38921739130434785
1704	0.99265605875153	0.2566299469604243
1705	0.8827284946236559	0.31670026881720426
1706	0.9632478632478633	0.46645299145299146
1707	0.9670698924731183	0.3553427419354839
1708	0.9371685026519787	0.3647490820073439
1709	0.9017886178861789	0.326829268292683
1710	0.8563089357880556	0.3938033228558598
1711	0.9952991452991453	0.5010683760683761
1712	0.9582608695652174	0.45860869565217394
1713	0.9551219512195123	0.44959349593495945
1714	0.9921761808171544	0.4068385975079687
1715	0.9467826086956522	0.2551304347826088
1716	0.973046875	0.3691406249999999
1717	0.9062617172853394	0.3453318335208101
1718	0.8827561327561328	0.3165584415584417
1719	0.9559322033898305	0.3778248587570622
1720	0.909375	0.26953125
1721	0.9767441860465116	0.34781721746226035
1722	0.9233870967741935	0.31081989247311814
1723	0.9181096681096682	0.42478354978354993
1724	0.9354166666666667	0.3126488095238096
1725	0.9238845144356956	0.40607424071991016
1726	0.9118727050183599	0.2576499388004897
1727	0.9855468749999999	0.26777343749999993
1728	0.9677540307461567	0.36895388076490443
1729	0.983127109111361	0.40813648293963256
1730	0.8978861788617887	0.4770731707317074
1731	0.9453658536585365	0.35024390243902437
1732	0.9825268817204301	0.4862231182795699
1733	0.9390313390313391	0.39002849002849005
1734	0.9544715447154472	0.38
1735	0.9371685026519788	0.4732762137902897
1736	0.9941463414634146	0.41170731707317065
1737	0.8279761904761904	0.23854166666666654
1738	0.8802005012531329	0.3453634085213033
1739	0.9927350427350428	0.46602564102564104
1740	0.9183135704874835	0.3675889328063241
1741	0.9874502601775328	0.4554637281910009
1742	0.9004487964096287	0.34700122399020805
1743	0.9577235772357724	0.3626016260162602
1744	0.9728144989339019	0.34008528784648195
1745	0.9474629546475078	0.41782667265379436
1746	0.9445145018915512	0.29697351828499385
1747	0.9079479119892232	0.3527166591827571
1748	0.9606504065040651	0.36585365853658547
1749	0.990626171728534	0.3305211848518935
1750	0.9448580093741384	0.37331127653708307
1751	0.9299145299145299	0.36260683760683765
1752	0.9835020622422198	0.4448818897637796
1753	0.997863247863248	0.32628205128205134
1754	0.8982905982905982	0.3008547008547008
1755	0.905982905982906	0.33611111111111114
1756	0.9146026831785345	0.4757481940144478
1757	0.8980869565217391	0.32139130434782603
1758	0.9827683615819209	0.3689265536723164
1759	0.956344349245206	0.34985720114239083
1760	0.9404324765401877	0.2821297429620564
1761	0.8713037634408602	0.28242607526881724
1762	0.9787826086956523	0.3836521739130435
1763	0.9691046658259773	0.4388398486759142
1764	0.9559523809523809	0.22068452380952375
1765	0.9905913978494624	0.5157930107526882
1766	0.8811965811965812	0.25
1767	0.9681185451279748	0.44162550516389754
1768	0.905764411027569	0.40275689223057654
1769	0.9718785151856019	0.42688413948256476
1770	0.9582397844634036	0.4167040862146385
1771	0.910546875	0.340234375
1772	0.9865289627301302	0.4079479119892232
1773	0.9752845528455284	0.40552845528455284
1774	0.91991341991342	0.35371572871572876
1775	0.8450830713964974	0.35630893578805556
1776	0.931344696969697	0.49550189393939403
1777	0.9475806451612904	0.34795026881720437
1778	0.876066457117198	0.3066906151773686
1779	0.994342672413793	0.34132543103448265
1780	0.8895010713192532	0.2655341291704929
1781	0.9917510311211098	0.4152605924259467
1782	0.9613281249999999	0.2666015624999998
1783	0.9456317960254967	0.3777652793400824
1784	0.948270584634221	0.42240587695133147
1785	0.9768183135323095	0.3598956824108954
1786	0.9343832020997376	0.3648293963254594
1787	0.9359445124439003	0.4477764177886575
1788	0.9797934440951954	0.4449932644813652
1789	0.9709273182957393	0.4150375939849623
1790	0.9878260869565216	0.454086956521739
1791	0.9850746268656716	0.5191897654584222
1792	0.9797934440951954	0.3628199371351595
1793	0.9700030609121517	0.4562289562289561
1794	0.911976911976912	0.3621933621933622
1795	0.8935788055680286	0.3102828917826671
1796	0.9733044733044732	0.343073593073593
1797	0.8882205513784461	0.25263157894736843
1798	0.958005249343832	0.26846644169478817
1799	0.9583802024746906	0.3121484814398199
1800	0.9146505376344085	0.29771505376344076
1801	0.9592352092352092	0.25450937950937946
1802	0.9213675213675213	0.4164529914529914
1803	0.9730579254602604	0.460260440053884
1804	0.9829059829059829	0.3156695156695156
1805	0.9777777777777777	0.4487179487179488
1806	0.9549180327868854	0.4399432534678438
1807	0.9418426691153964	0.30716253443526176
1808	0.9491452991452991	0.36089743589743584
1809	0.960013440860215	0.39616935483870974
1810	0.9714381720430108	0.35282258064516125
1811	0.9603494623655914	0.3719758064516129
1812	0.944695652173913	0.4554782608695652
1813	0.8639112903225806	0.36928763440860213
1814	0.9388004895960832	0.4163606691146471
1815	0.9512820512820512	0.3373931623931624
1816	0.9751082251082251	0.36616161616161613
1817	0.9528455284552846	0.4258536585365853
1818	0.9703637180062864	0.3646160754378087
1819	0.9961538461538462	0.4091880341880342
1820	0.8941406249999999	0.36992187499999996
1821	0.9699404761904763	0.474404761904762
1822	0.9453658536585365	0.43869918699186994
1823	0.9228813559322033	0.3990112994350281
1824	0.9676521739130434	0.41930434782608683
1825	0.9205208801077683	0.5085316569375842
1826	0.9163306451612904	0.31233198924731187
1827	0.943373125191307	0.27594123048668506
1828	0.9717514124293785	0.394915254237288
1829	0.8675348001796138	0.48697799730579255
1830	0.9010123734533183	0.31908511436070497
1831	0.8702662167229096	0.47000374953130863
1832	0.8641604010025062	0.3471177944862155
1833	0.9473304473304474	0.31619769119769126
1834	0.9771080846131556	0.4414662416690813
1835	0.9372294372294372	0.38690476190476186
1836	0.9156586021505376	0.3445900537634409
1837	0.9388826396700413	0.2838395200599926
1838	0.9982905982905983	0.32991452991452985
1839	0.9136822773186409	0.4476584022038568
1840	0.9698638075920024	0.35323094755143447
1841	0.9460869565217391	0.35982608695652174
1842	0.9820386169735069	0.3367759317467445
1843	0.884744623655914	0.26982526881720437
1844	0.963671875	0.34550781249999996
1845	0.912688698490412	0.39330885352917166
1846	0.9512820512820513	0.37948717948717947
1847	0.9452568428946382	0.38170228721409827
1848	0.9640044994375703	0.3194600674915635
1849	0.9341856060606061	0.30587121212121204
1850	0.952755905511811	0.3217097862767154
1851	0.932421875	0.49980468749999996
1852	0.8720538720538721	0.3293541475359658
1853	0.9659130434782609	0.4857391304347827
1854	0.872297021623827	0.31354549163606704
1855	0.9619658119658119	0.34786324786324785
1856	0.9277777777777777	0.3376068376068375
1857	0.9632802937576499	0.32190942472460216
1858	0.8859275053304904	0.406183368869936
1859	0.9240591397849462	0.4151545698924731
1860	0.9678571428571429	0.4245535714285714
1861	0.9684741488020177	0.4547604035308953
1862	0.9892682926829268	0.4341463414634147
1863	0.9541463414634145	0.40991869918699175
1864	0.8762062310449408	0.2485525227460712
1865	0.9838709677419355	0.3941532258064516
1866	0.9315889029003783	0.46658259773013877
1867	0.9290434782608695	0.3267826086956521
1868	0.9177235772357725	0.3439024390243903
1869	0.994140625	0.3187500000000001
1870	0.9085470085470085	0.35491452991453
1871	0.9586888190390661	0.6495285136955546
1872	0.8977655341291705	0.30042852770125494
1873	0.9303996407723395	0.4533004041311181
1874	0.9261097325613454	0.4659498207885304
1875	0.9256854256854257	0.3596681096681097
1876	0.8975609756097562	0.31918699186991883
1877	0.9621297337832769	0.3715785526809148
1878	0.895497311827957	0.4506048387096774
1879	0.9280685644322008	0.37649219467401285
1880	0.9920416284052647	0.3723599632690541
1881	0.9585129310344828	0.4016702586206896
1882	0.9757812499999999	0.43339843749999996
1883	0.9396325459317586	0.4143232095988002
1884	0.9853121175030599	0.49326805385556916
1885	0.9621689785624212	0.4066834804539723
1886	0.933982683982684	0.44300144300144306
1887	0.9980487804878049	0.25105691056910573
1888	0.9195075757575757	0.48508522727272724
1889	0.9613008130081301	0.33999999999999997
1890	0.984765625	0.2806640625
1891	0.9106487148102815	0.4045287637698899
1892	0.9243589743589743	0.41901709401709397
1893	0.9603478260869566	0.2871304347826087
1894	0.916360669114647	0.4402284781721745
1895	0.9111111111111112	0.3696581196581198
1896	0.923509561304837	0.5648668916385453
1897	0.9544642857142858	0.35401785714285716
1898	0.9436553030303031	0.3906250000000001
1899	0.9618537200504413	0.3575031525851198
1900	0.9729437229437229	0.3234126984126984
1901	0.908984375	0.294921875
1902	0.9657258064516129	0.39180107526881724
1903	0.9736761554943373	0.3729721456994184
1904	0.947261663286004	0.3152709359605911
1905	0.9899130434782609	0.347304347826087
1906	0.9999999999999999	0.21037269869779962
1907	0.9566406249999999	0.4896484374999999
1908	0.9416564667482661	0.3882088943288454
1909	0.9424724602203182	0.353937168502652
1910	0.9286005711954304	0.2902896776825785
1911	0.9467826086956522	0.3539130434782609
1912	0.9566951566951567	0.45698005698005695
1913	0.9648809523809525	0.3644345238095239
1914	0.9898000815993473	0.3678090575275399
1915	0.9314516129032258	0.3960013440860215
1916	0.9326829268292683	0.2658536585365855
1917	0.986328125	0.41132812500000004
1918	0.8910156250000001	0.4843750000000001
1919	0.9109565217391304	0.3208695652173914
1920	0.9613008130081301	0.34520325203252034
1921	0.937950937950938	0.43326118326118335
1922	0.9384615384615385	0.42200854700854706
1923	0.9544347826086956	0.30121739130434777
1924	0.8931297709923665	0.3614728334081725
1925	0.935609756097561	0.2829268292682927
1926	0.9351190476190476	0.36517857142857146
1927	0.914986559139785	0.399361559139785
1928	0.9883251010327795	0.4762011674898967
1929	0.9218045112781954	0.39749373433583957
1930	0.9914529914529915	0.43653846153846154
1931	0.9675456389452333	0.32874529121993623
1932	0.9570731707317073	0.32357723577235775
1933	0.9284552845528455	0.4777235772357724
1934	0.9581920903954803	0.3100282485875707
1935	0.9404466501240694	0.3110008271298593
1936	0.924310776942356	0.49523809523809537
1937	0.8713910761154856	0.30577427821522307
1938	0.9789473684210526	0.2375939849624059
1939	0.9129704301075269	0.4275873655913978
1940	0.9407574053243345	0.3833895763029622
1941	0.8571428571428572	0.4216347956505438
1942	0.9838770153730784	0.3053993250843645
1943	0.911965811965812	0.4514957264957265
1944	0.9189565217391304	0.3067826086956522
1945	0.9808241534067728	0.4024887800897593
1946	0.9718614718614719	0.49567099567099565
1947	0.9779973057925461	0.5217781769196228
1948	0.9351285189718481	0.3674010607915136
1949	0.9812173913043477	0.3669565217391303
1950	0.9928758905136857	0.44113235845519305
1951	0.8987826086956522	0.28730434782608694
1952	0.9474431818181818	0.390625
1953	0.9466950959488273	0.31183368869936035
1954	0.9355365157078742	0.3516931864545083
1955	0.9715035620547432	0.49512560929883764
1956	0.9711021505376344	0.4296034946236559
1957	0.9572649572649572	0.2882478632478631
1958	0.9764309764309765	0.36394245485154597
1959	0.9603252032520325	0.41951219512195115
1960	0.9935064935064936	0.35425685425685427
1961	0.9596774193548387	0.31804435483870974
1962	0.9624347826086957	0.33808695652173926
1963	0.934765625	0.42792968750000004
1964	0.9508196721311475	0.4514501891551071
1965	0.9408369408369408	0.23665223665223667
1966	0.9706214689265537	0.44576271186440675
1967	0.927734375	0.36875
1968	0.9339837398373984	0.31577235772357715
1969	0.9592352092352092	0.47005772005772006
1970	0.9255989911727617	0.3617591424968474
1971	0.8958239784463404	0.2687471935339022
1972	0.9268073641670409	0.4321957790749888
1973	0.9558638083228247	0.3065889029003783
1974	0.9715007215007215	0.3995310245310246
1975	0.9829565217391304	0.5318260869565217
1976	0.9678030303030303	0.4453125
1977	0.9892231701841042	0.4629546475078582
1978	0.8986742424242424	0.34161931818181823
1979	0.9478815148106488	0.3922009748781403
1980	0.9156355455568054	0.36989126359205093
1981	0.9647544056992876	0.25103112110986125
1982	0.9805084745762712	0.40324858757062154
1983	0.9418822647169104	0.31908511436070486
1984	0.9516129032258065	0.3941532258064516
1985	0.9363525091799265	0.5191758465932272
1986	0.8791486291486291	0.4345238095238095
1987	0.960016319869441	0.3280293757649938
1988	0.9709273182957394	0.43233082706766923
1989	0.9490063742032246	0.31046119235095615
1990	0.9296875	0.27382812499999987
1991	0.9271284271284271	0.23051948051948057
1992	0.906640625	0.4328125
1993	0.9880624426078971	0.3807774716865625
1994	0.9501312335958005	0.39051368578927637
1995	0.9015151515151515	0.3532196969696969
1996	0.9885760913912689	0.4422684618523053
1997	0.9946960424316605	0.37433700530395764
1998	0.9726642186862505	0.4024887800897592
1999	0.9288220551378445	0.300250626566416
