split	resampling_unit	seed	n_units	auroc	ci95_low	ci95_high	degenerate	plm_minus_length	delta_ci95_low	delta_ci95_high
confirmation	primary_component	13	66	0.946969696969697	0.8643462732919255	0.9958361212489862	0	0.3713924963924964	0.17423792685130232	0.5476059878074341
confirmation	primary_component	42	66	0.946969696969697	0.8694011082693948	0.9954226618705035	0	0.3713924963924964	0.1772503142745676	0.5562639858575008
confirmation	primary_component	2026	66	0.946969696969697	0.8648950585018698	0.9954226190476191	0	0.3713924963924964	0.17525644714407504	0.5490515372487189
confirmation	secondary_chain_legacy_comparability	13	148	0.946969696969697	0.8712842547542878	0.9941664412989345	0	0.3713924963924964	0.23619791666666673	0.5135173766322687
confirmation	secondary_chain_legacy_comparability	42	148	0.946969696969697	0.8704712374796421	0.9947863124029453	0	0.3713924963924964	0.23142614877352166	0.5134798702116936
confirmation	secondary_chain_legacy_comparability	2026	148	0.946969696969697	0.866655982905983	0.9944392026707797	0	0.3713924963924964	0.2305310150375941	0.5175077790936115
final_holdout	primary_component	13	59	0.967710843373494	0.930798587580697	0.997159492167437	0	0.2566265060240964	0.10544176859725646	0.421157117018452
final_holdout	primary_component	42	59	0.967710843373494	0.9354828084491479	0.9967532467532467	0	0.2566265060240964	0.10355615276001705	0.4289994438264737
final_holdout	primary_component	2026	59	0.967710843373494	0.9321046174814526	0.9964180524456386	0	0.2566265060240964	0.10411083445174354	0.42562402970335933
final_holdout	secondary_chain_legacy_comparability	13	108	0.967710843373494	0.9243681328237978	0.9948863636363636	0	0.2566265060240964	0.1500857044280008	0.3735995533397583
final_holdout	secondary_chain_legacy_comparability	42	108	0.967710843373494	0.9260506552271259	0.9946782327417297	0	0.2566265060240964	0.14729186154653065	0.37103330389957506
final_holdout	secondary_chain_legacy_comparability	2026	108	0.967710843373494	0.9260761850201346	0.995040233686067	0	0.2566265060240964	0.14484921425595407	0.36840836951194394
