pair_a	pair_b	tier_a	tier_b	split_a	split_b	group_a	group_b	ep_a	ep_b	tm_sym_max	tm_sym_min	cross_class
porter_1_1g2cF__5c6bF	porter_73_2ce7C__3kdsG	fragment_only	pending_evidence	development	confirmation	G068	G4338	EP_porter_1_1g2cF__5c6bF_A__1g2cF	EP_porter_73_2ce7C__3kdsG_B__3kdsG	0.74268	0.07344	confirmation-development
porter_1_1g2cF__5c6bF	porter_21_4zt0C__4cmqB	fragment_only	pending_evidence	development	final_holdout	G068	G4306	EP_porter_1_1g2cF__5c6bF_A__1g2cF	EP_porter_21_4zt0C__4cmqB_A__4zt0C	0.73718	0.02776	development-final_holdout
porter_1_1g2cF__5c6bF	porter_73_2ce7C__3kdsG	fragment_only	pending_evidence	development	confirmation	G068	G4338	EP_porter_1_1g2cF__5c6bF_A__1g2cF	EP_porter_73_2ce7C__3kdsG_A__2ce7C	0.72534	0.07607	confirmation-development
porter_38_4y0mJ__4xwsD	porter_52_5b3zA__5bmyA	extension_construct_difference	pending_evidence	development	confirmation	G4315	G225	EP_porter_38_4y0mJ__4xwsD_B__4xwsD	EP_porter_52_5b3zA__5bmyA_B__5bmyA	0.7146	0.39683	confirmation-development
porter_38_4y0mJ__4xwsD	porter_52_5b3zA__5bmyA	extension_construct_difference	pending_evidence	development	confirmation	G4315	G225	EP_porter_38_4y0mJ__4xwsD_B__4xwsD	EP_porter_52_5b3zA__5bmyA_A__5b3zA	0.70899	0.38174	confirmation-development
porter_59_1xntA__3lqcA	porter_63_4dxtA__4dxrA	extension_construct_difference	pending_evidence	development	final_holdout	G4327	G4331	EP_porter_59_1xntA__3lqcA_A__1xntA	EP_porter_63_4dxtA__4dxrA_A__4dxtA	0.70798	0.55897	development-final_holdout
porter_38_4y0mJ__4xwsD	porter_52_5b3zA__5bmyA	extension_construct_difference	pending_evidence	development	confirmation	G4315	G225	EP_porter_38_4y0mJ__4xwsD_A__4y0mJ	EP_porter_52_5b3zA__5bmyA_B__5bmyA	0.70385	0.41319	confirmation-development
porter_1_1g2cF__5c6bF	porter_35_4rr2D__3l9qB	fragment_only	fragment_only	development	final_holdout	G068	G4313	EP_porter_1_1g2cF__5c6bF_A__1g2cF	EP_porter_35_4rr2D__3l9qB_A__4rr2D	0.70188	0.07788	development-final_holdout
porter_78_5l35D__5l35G	porter_9_3j7wB__3j7vG	pending_evidence	strict_state_candidate	final_holdout	development	G126	G4357	EP_porter_78_5l35D__5l35G_A__5l35D	EP_porter_9_3j7wB__3j7vG_A__3j7wB	0.7006	0.58066	development-final_holdout
porter_59_1xntA__3lqcA	porter_63_4dxtA__4dxrA	extension_construct_difference	pending_evidence	development	final_holdout	G4327	G4331	EP_porter_59_1xntA__3lqcA_A__1xntA	EP_porter_63_4dxtA__4dxrA_B__4dxrA	0.70055	0.5589	development-final_holdout
porter_38_4y0mJ__4xwsD	porter_52_5b3zA__5bmyA	extension_construct_difference	pending_evidence	development	confirmation	G4315	G225	EP_porter_38_4y0mJ__4xwsD_A__4y0mJ	EP_porter_52_5b3zA__5bmyA_A__5b3zA	0.6998	0.39735	confirmation-development
porter_1_1g2cF__5c6bF	porter_21_4zt0C__4cmqB	fragment_only	pending_evidence	development	final_holdout	G068	G4306	EP_porter_1_1g2cF__5c6bF_A__1g2cF	EP_porter_21_4zt0C__4cmqB_B__4cmqB	0.68522	0.02552	development-final_holdout
porter_22_5jytA__2qkeE	porter_61_4gqcC__4gqcB	pending_evidence	strict_state_candidate	final_holdout	development	G4307	G4330	EP_porter_22_5jytA__2qkeE_A__5jytA	EP_porter_61_4gqcC__4gqcB_A__4gqcC	0.67847	0.48353	development-final_holdout
porter_1_1g2cF__5c6bF	porter_56_4twaA__4ydqB	fragment_only	pending_evidence	development	final_holdout	G068	G4325	EP_porter_1_1g2cF__5c6bF_A__1g2cF	EP_porter_56_4twaA__4ydqB_B__4ydqB	0.64504	0.06979	development-final_holdout
porter_1_1g2cF__5c6bF	porter_56_4twaA__4ydqB	fragment_only	pending_evidence	development	final_holdout	G068	G4325	EP_porter_1_1g2cF__5c6bF_A__1g2cF	EP_porter_56_4twaA__4ydqB_A__4twaA	0.64169	0.06447	development-final_holdout
porter_21_4zt0C__4cmqB	porter_25_5k5gA__2kb8A	pending_evidence	pending_evidence	final_holdout	development	G4306	G127	EP_porter_21_4zt0C__4cmqB_A__4zt0C	EP_porter_25_5k5gA__2kb8A_B__2kb8A	0.63855	0.02588	development-final_holdout
porter_63_4dxtA__4dxrA	porter_81_4qdsA__2qqjA	pending_evidence	fragment_only	final_holdout	development	G4331	G4344	EP_porter_63_4dxtA__4dxrA_A__4dxtA	EP_porter_81_4qdsA__2qqjA_A__4qdsA	0.63464	0.58964	development-final_holdout
porter_1_1g2cF__5c6bF	porter_78_5l35D__5l35G	fragment_only	pending_evidence	development	final_holdout	G068	G126	EP_porter_1_1g2cF__5c6bF_A__1g2cF	EP_porter_78_5l35D__5l35G_B__5l35G	0.63319	0.08051	development-final_holdout
porter_63_4dxtA__4dxrA	porter_81_4qdsA__2qqjA	pending_evidence	fragment_only	final_holdout	development	G4331	G4344	EP_porter_63_4dxtA__4dxrA_B__4dxrA	EP_porter_81_4qdsA__2qqjA_A__4qdsA	0.63285	0.59329	development-final_holdout
porter_63_4dxtA__4dxrA	porter_81_4qdsA__2qqjA	pending_evidence	fragment_only	final_holdout	development	G4331	G4344	EP_porter_63_4dxtA__4dxrA_A__4dxtA	EP_porter_81_4qdsA__2qqjA_B__2qqjA	0.62901	0.42066	development-final_holdout
porter_78_5l35D__5l35G	porter_9_3j7wB__3j7vG	pending_evidence	strict_state_candidate	final_holdout	development	G126	G4357	EP_porter_78_5l35D__5l35G_B__5l35G	EP_porter_9_3j7wB__3j7vG_A__3j7wB	0.62231	0.51845	development-final_holdout
porter_22_5jytA__2qkeE	porter_61_4gqcC__4gqcB	pending_evidence	strict_state_candidate	final_holdout	development	G4307	G4330	EP_porter_22_5jytA__2qkeE_A__5jytA	EP_porter_61_4gqcC__4gqcB_B__4gqcB	0.62015	0.44779	development-final_holdout
porter_25_5k5gA__2kb8A	porter_56_4twaA__4ydqB	pending_evidence	pending_evidence	development	final_holdout	G127	G4325	EP_porter_25_5k5gA__2kb8A_B__2kb8A	EP_porter_56_4twaA__4ydqB_B__4ydqB	0.61994	0.06895	development-final_holdout
porter_10_2lqwA__2bzyB	porter_33_2ougC__2lclA	pending_evidence	pending_evidence	final_holdout	development	G4301	G139	EP_porter_10_2lqwA__2bzyB_A__2lqwA	EP_porter_33_2ougC__2lclA_B__2lclA	0.61677	0.15505	development-final_holdout
porter_86_2a73B__3l5nB	porter_8_3m1bF__3lowA	extension_construct_difference	extension_condition_or_assembly	development	confirmation	G4349	G4353	EP_porter_86_2a73B__3l5nB_B__3l5nB	EP_porter_8_3m1bF__3lowA_A__3m1bF	0.61484	0.09023	confirmation-development
porter_25_5k5gA__2kb8A	porter_56_4twaA__4ydqB	pending_evidence	pending_evidence	development	final_holdout	G127	G4325	EP_porter_25_5k5gA__2kb8A_B__2kb8A	EP_porter_56_4twaA__4ydqB_A__4twaA	0.61459	0.06754	development-final_holdout
porter_1_1g2cF__5c6bF	porter_7_3gmhL__2vfxL	fragment_only	pending_evidence	development	final_holdout	G068	G172	EP_porter_1_1g2cF__5c6bF_A__1g2cF	EP_porter_7_3gmhL__2vfxL_B__2vfxL	0.61408	0.13112	development-final_holdout
porter_25_5k5gA__2kb8A	porter_35_4rr2D__3l9qB	pending_evidence	fragment_only	development	final_holdout	G127	G4313	EP_porter_25_5k5gA__2kb8A_B__2kb8A	EP_porter_35_4rr2D__3l9qB_A__4rr2D	0.60966	0.07862	development-final_holdout
porter_1_1g2cF__5c6bF	porter_78_5l35D__5l35G	fragment_only	pending_evidence	development	final_holdout	G068	G126	EP_porter_1_1g2cF__5c6bF_A__1g2cF	EP_porter_78_5l35D__5l35G_A__5l35D	0.60895	0.07014	development-final_holdout
porter_19_2naoF__1iytA	porter_62_4o0pA__4o01D	pending_evidence	strict_state_candidate	confirmation	development	G095	G058	EP_porter_19_2naoF__1iytA_B__1iytA	EP_porter_62_4o0pA__4o01D_A__4o0pA	0.60366	0.07191	confirmation-development
porter_21_4zt0C__4cmqB	porter_25_5k5gA__2kb8A	pending_evidence	pending_evidence	final_holdout	development	G4306	G127	EP_porter_21_4zt0C__4cmqB_B__4cmqB	EP_porter_25_5k5gA__2kb8A_B__2kb8A	0.60365	0.02786	development-final_holdout
