path	sha256
scripts/audit_p5_historical_exposure.py	b6a8352124e0612421c52fe9fbc9b382da2089aeafd1b8657fd240ab0aa606f7
data/splits/group_map.tsv	9222a7fb30cb9c878a94ea527e4936482ed293753eaebe2cc000c0bf48b2e6e5
data/splits/fs_group_edges.tsv	877d52409930f07180bd77e9b5d1aa1b079ed6024b2a1f2ec08f0bd65503f006
data/splits/split_manifest.tsv	41676fd7af106591094318fb44dd819c5d244a0b13ff6b6196d73eafebf31842
data/splits/knot_structural_edges.tsv	835bbba5dea058c0fde71e15594cf6effbc6f4ded46af4e5d191cedc0b377c3d
data/splits/fs_l2_background_manifest.tsv.gz	a4b9fea623f648f2b3f3684a7ddf83ea862112ce1735993082887fd5caa902dc
reports/knot_resplit/old_version/split_manifest.tsv	d1b1746eccfda8cd2d3fa3a1324fcbe271bbe886b3ca830838fd8ead8b57d67d
data/interim/p202/l2_cluster.tsv	3247e31ca47e7b4c6eba5934c617b00a0fb8dee6d49e82280f6003569f78eeae
data/interim/p303/knot_chain_list.tsv	64f2c646a686a9a0877c2e866dddc334906abec5231ca047a88b283eaf8a0095
data/curated/fold_switch_global.tsv	d6dd5b9bbf78a95d3d9c2535e7c9ff5b3d758b97cf686109ce3ad942d23582f7
data/curated/fold_switch_unlabeled_sequence.tsv.gz	78600edef7162afaccb26d05c424bda94a4f80ec15f106068a3cf3caf8398892
data/curated/fold_switch_matched_controls.tsv	bbdb89d5d529d4137154e41d199fe60f7b90e179daf126d27bf9fee81e93ce58
data/curated/knots_sequences.tsv	16dbe333dbcba07162fcca9f590fa8171a455330a5fd66736dd3d888e75e623d
results/probes_disorder_run.log	d4143123b10233465fd7419fcfcac676058db0d8567d9a1f5a8161d8a9aafa0c
reports/knot_binding_decision_point.md	49ad4b531d9fab958d4a7fbe5960bfb2bd0b313fdd151c2d22e7025e17f905d2
reports/tasks/P3.03.md	64a0549d0053ddb41b125b6627ed23773006e3f2e6788f1da0eeabadc5c43c45
scripts/run_probes_p303.py	d1dae8091c29dce6d920d5a8abcef8f86a6ab46561d75dd320873cc2928a544d
scripts/run_l2_stage_b.py	f581e3e159fa712c02fe5b60f0855575f633b181c19aeec17b2a1ba5ac4146f8
results/confirmation/first_read_record.json	cffcbb97d0a34a53d77cb7db646c2a7edd1016a9219a875d9112229ed212ab37
results/holdout/first_read_record.json	b9a5bab55da0ab6dbb1a9d13f23e4be8baae22cb3b20832a2ab1a431061f21c5
results/confirmation/CONF-FSL2-RANK-P502-v1/descriptive_pairs.tsv	940fe820d327f47d993f71cf78012673f0a0cdd5e04aa07e8eef28e4a2736da9
data/curated/disorder_masks.tsv	d0064b5d27a5ab679bbbd6220ce1bbc2c7eb3ab12f77a78c0fc1dd0bee080374
reports/knot_resplit/old_version/fs_l2_background_manifest.tsv.gz	64cc0cfae2c8c5c30bedc834b24f07d0a8f285e33e722debb0385bce1b5fa0ce
reports/fs_three_layer/exposure_scope_audit.tsv	5da44c3385780501bcf8087cfa7cf786b0c7acc3d963c8fac71175afdf9dc589
data/interim/p303/emb/knots_dev/extract_manifest.tsv	ba37191fa86c0c589ce2bd934cc4f724769fcc424af030f97df031683925444a
data/interim/p303/emb/disorder_dev/extract_manifest.tsv	bc9c11a4785601b953af21c81912ffe0df046557d4e3c152feae6d19907e2a66
data/interim/p303/emb/l2_stage_a/extract_manifest.tsv	2b1779c3f8594f069f3504305c865a9e74144099a640696efacba5ee313c9a8b
results/confirmation/CONF-KNOT-PRESENCE-P502-v1/scores.tsv	adcd2a835a9bcd1603ee818206df9a9eee0daf688b4d82e7b8dedee7c48f9f99
results/holdout/HOLD-KNOT-PRESENCE-P505-v1/scores.tsv	7508c6a9193299ec2d15865ddb2a65989a2b220427ad7f579b75b22d1aa1f19e
results/confirmation/CONF-DISORDER-RES-P502-v1/residue_scores.tsv.gz	d09496a11567607da93e6dd982dee44d6d4d820f355cc0d602ce61f777d4e748
results/holdout/HOLD-DISORDER-RES-P505-v1/residue_scores.tsv.gz	f45892c42bae736387acdd95fbd8108f5463eeea4a1a31cac1723ab664dd5465
/Users/yuan/Documents/Codex/2026-09-08/jie/benchmark_step1/manifests/fold_pair_endpoint_sequence_structure_summary.tsv	dee56a9fbfc3e5a814a9a7e0a93d25fcbd6e849282fd91ecb47f5a6aac1629dd
