remote_path	local_path	sha256	verified_at_utc
/lenovofs1/home/jyma/PLM_benchmark/p303_resplit/proj/results/aggregation/fixed/arms/D-ID.meta.json	results/repairs/20261001/aggregation/source_scores/fixed/D-ID.meta.json	4673f858894d44666ea7b67ec512e929181c3c0edf73fad19a004715d1f2c115	2026-10-01T14:09:56.246147+00:00
/lenovofs1/home/jyma/PLM_benchmark/p303_resplit/proj/results/aggregation/fixed/arms/D-ID.scores.tsv.gz	results/repairs/20261001/aggregation/source_scores/fixed/D-ID.scores.tsv.gz	9edd23c1ba423e6dcbad59960ea05a92c9549aa426987877fda64ad7c4a082ad	2026-10-01T14:09:56.246881+00:00
/lenovofs1/home/jyma/PLM_benchmark/p303_resplit/proj/results/aggregation/fixed/arms/D-ID_h23.meta.json	results/repairs/20261001/aggregation/source_scores/fixed/D-ID_h23.meta.json	f9d9f24729a0a426b7db683fd02d46bee3847e66d431d16fa0664424c051f828	2026-10-01T14:09:56.247063+00:00
/lenovofs1/home/jyma/PLM_benchmark/p303_resplit/proj/results/aggregation/fixed/arms/D-ID_h23.scores.tsv.gz	results/repairs/20261001/aggregation/source_scores/fixed/D-ID_h23.scores.tsv.gz	99665d5206980c08d8621445cc3f5bca5b5d9f5598e657ba92bc65cd98cbd8d6	2026-10-01T14:09:56.247417+00:00
/lenovofs1/home/jyma/PLM_benchmark/p303_resplit/proj/results/aggregation/fixed/arms/D-LAST.meta.json	results/repairs/20261001/aggregation/source_scores/fixed/D-LAST.meta.json	23c63e60cef770e567923fc866fef42b6009f3f5871be9a0e50f921603b99929	2026-10-01T14:09:56.247619+00:00
/lenovofs1/home/jyma/PLM_benchmark/p303_resplit/proj/results/aggregation/fixed/arms/D-LAST.scores.tsv.gz	results/repairs/20261001/aggregation/source_scores/fixed/D-LAST.scores.tsv.gz	43aaf0d44ae0571bc7a12118d26b07c160969bce7d1078fa713aec109db812a2	2026-10-01T14:09:56.247862+00:00
/lenovofs1/home/jyma/PLM_benchmark/p303_resplit/proj/results/aggregation/fixed/arms/D-MEAN.meta.json	results/repairs/20261001/aggregation/source_scores/fixed/D-MEAN.meta.json	0798cc3f25207044370fce3266efa987135e4e3336e4fb13ff8b8a329bd8eb91	2026-10-01T14:09:56.248033+00:00
/lenovofs1/home/jyma/PLM_benchmark/p303_resplit/proj/results/aggregation/fixed/arms/D-MEAN.scores.tsv.gz	results/repairs/20261001/aggregation/source_scores/fixed/D-MEAN.scores.tsv.gz	3abc37c39d0f3edc39541a29d3f4d13aded0eb2e83810dc9921952ce7a30afcf	2026-10-01T14:09:56.248251+00:00
/lenovofs1/home/jyma/PLM_benchmark/p303_resplit/proj/results/aggregation/fixed/arms/D-MEAN_h23.meta.json	results/repairs/20261001/aggregation/source_scores/fixed/D-MEAN_h23.meta.json	8bd2070b4472f60cad66aee4e2e9f12370ce2eac4a8d5ba96c0825c984ba6473	2026-10-01T14:09:56.248398+00:00
/lenovofs1/home/jyma/PLM_benchmark/p303_resplit/proj/results/aggregation/fixed/arms/D-MEAN_h23.scores.tsv.gz	results/repairs/20261001/aggregation/source_scores/fixed/D-MEAN_h23.scores.tsv.gz	cdfb6eb186c3a0c8c6932bc3a9ed65e95ff37c410e37c4954279168f3b9ba79a	2026-10-01T14:09:56.248639+00:00
/lenovofs1/home/jyma/PLM_benchmark/p303_resplit/proj/results/aggregation/fixed/arms/D-WIN16.meta.json	results/repairs/20261001/aggregation/source_scores/fixed/D-WIN16.meta.json	a9c5629efd2239a0a2799a4d2123499b0693c952dc819346b4d8f06a497a8770	2026-10-01T14:09:56.248746+00:00
/lenovofs1/home/jyma/PLM_benchmark/p303_resplit/proj/results/aggregation/fixed/arms/D-WIN16.scores.tsv.gz	results/repairs/20261001/aggregation/source_scores/fixed/D-WIN16.scores.tsv.gz	fd585762c2fe09ec3c8527c7ebaaade76cd9b74df752bb58de7d6cd00e691794	2026-10-01T14:09:56.249040+00:00
/lenovofs1/home/jyma/PLM_benchmark/p303_resplit/proj/results/aggregation/fixed/arms/D-WIN4.meta.json	results/repairs/20261001/aggregation/source_scores/fixed/D-WIN4.meta.json	0cff8b55f9b56a14b0fce347af1d846b88af80f740253b2acb2662c10271267d	2026-10-01T14:09:56.249212+00:00
/lenovofs1/home/jyma/PLM_benchmark/p303_resplit/proj/results/aggregation/fixed/arms/D-WIN4.scores.tsv.gz	results/repairs/20261001/aggregation/source_scores/fixed/D-WIN4.scores.tsv.gz	9102a0e414bc3b63578571a7e22001d67098ff2db4e2ce05512d29031fe7aca4	2026-10-01T14:09:56.249732+00:00
/lenovofs1/home/jyma/PLM_benchmark/p303_resplit/proj/results/aggregation/fixed/arms/D-WIN64.meta.json	results/repairs/20261001/aggregation/source_scores/fixed/D-WIN64.meta.json	4204c84e912a759ca6ce29457193a7ffc8ab4225e5e30f69bdd33685138434ec	2026-10-01T14:09:56.249896+00:00
/lenovofs1/home/jyma/PLM_benchmark/p303_resplit/proj/results/aggregation/fixed/arms/D-WIN64.scores.tsv.gz	results/repairs/20261001/aggregation/source_scores/fixed/D-WIN64.scores.tsv.gz	25611bdef9794157b494eca11c174983779e208d30c35d25bf679c13c02a6fd1	2026-10-01T14:09:56.250279+00:00
/lenovofs1/home/jyma/PLM_benchmark/p303_resplit/proj/results/aggregation/fixed/arms/K-LAST.meta.json	results/repairs/20261001/aggregation/source_scores/fixed/K-LAST.meta.json	d9c2b848d84bc3d81921904180b13dcf736dd73bd113e7a8105e0a06b8d284bf	2026-10-01T14:09:56.250441+00:00
/lenovofs1/home/jyma/PLM_benchmark/p303_resplit/proj/results/aggregation/fixed/arms/K-LAST.scores.tsv.gz	results/repairs/20261001/aggregation/source_scores/fixed/K-LAST.scores.tsv.gz	5de48ffd1e730eb206608ccb4ecb222ea07828b135cb097d08ea0b271441155f	2026-10-01T14:09:56.250474+00:00
/lenovofs1/home/jyma/PLM_benchmark/p303_resplit/proj/results/aggregation/fixed/arms/K-LAST_h29.meta.json	results/repairs/20261001/aggregation/source_scores/fixed/K-LAST_h29.meta.json	6e5945f804c853ed2aa0329537ac21c8ef760fd20f5569298f8658bc9dd5f2f8	2026-10-01T14:09:56.250596+00:00
/lenovofs1/home/jyma/PLM_benchmark/p303_resplit/proj/results/aggregation/fixed/arms/K-LAST_h29.scores.tsv.gz	results/repairs/20261001/aggregation/source_scores/fixed/K-LAST_h29.scores.tsv.gz	de72b8c564024395661d35e004770e5aa5695b5e5fae7abc58c84e3b74fcd31d	2026-10-01T14:09:56.250630+00:00
/lenovofs1/home/jyma/PLM_benchmark/p303_resplit/proj/results/aggregation/fixed/arms/K-MIL_max.meta.json	results/repairs/20261001/aggregation/source_scores/fixed/K-MIL_max.meta.json	bb737b7fbc54e049fdd9e5e7e221fb8bb7f873b342f7ed7f9cab06bbac037b56	2026-10-01T14:09:56.250746+00:00
/lenovofs1/home/jyma/PLM_benchmark/p303_resplit/proj/results/aggregation/fixed/arms/K-MIL_max.scores.tsv.gz	results/repairs/20261001/aggregation/source_scores/fixed/K-MIL_max.scores.tsv.gz	56dab4897197f8ab8633b7479a24f19369bb7ef18521004be1659fd062409f78	2026-10-01T14:09:56.250780+00:00
/lenovofs1/home/jyma/PLM_benchmark/p303_resplit/proj/results/aggregation/fixed/arms/K-MIL_mean.meta.json	results/repairs/20261001/aggregation/source_scores/fixed/K-MIL_mean.meta.json	06b56663d55c65c41d40ec9ad8559637d23cdedf4c804167ba023d4b7be13d9e	2026-10-01T14:09:56.250913+00:00
/lenovofs1/home/jyma/PLM_benchmark/p303_resplit/proj/results/aggregation/fixed/arms/K-MIL_mean.scores.tsv.gz	results/repairs/20261001/aggregation/source_scores/fixed/K-MIL_mean.scores.tsv.gz	fe87f173c18789df7e615e5026060d26a39219edae76991196f9c1ae50e33acd	2026-10-01T14:09:56.250989+00:00
/lenovofs1/home/jyma/PLM_benchmark/p303_resplit/proj/results/aggregation/fixed/arms/K-MIL_mean_h29.meta.json	results/repairs/20261001/aggregation/source_scores/fixed/K-MIL_mean_h29.meta.json	7aafd385d6dc02e0ecf151305b23f3e0d0914c285fca4c8e2909e7d29f57c5ea	2026-10-01T14:09:56.251119+00:00
/lenovofs1/home/jyma/PLM_benchmark/p303_resplit/proj/results/aggregation/fixed/arms/K-MIL_mean_h29.scores.tsv.gz	results/repairs/20261001/aggregation/source_scores/fixed/K-MIL_mean_h29.scores.tsv.gz	5336b4e633933c52a759788a088c764f5a8684845c8f84d0de5b55b4dca21768	2026-10-01T14:09:56.251161+00:00
/lenovofs1/home/jyma/PLM_benchmark/p303_resplit/proj/results/aggregation/fixed/arms/K-POOLED.meta.json	results/repairs/20261001/aggregation/source_scores/fixed/K-POOLED.meta.json	ad3a91fb300eff2d529ccc44e040e738b562c84af533111b6a7eb699eaedad21	2026-10-01T14:09:56.251262+00:00
/lenovofs1/home/jyma/PLM_benchmark/p303_resplit/proj/results/aggregation/fixed/arms/K-POOLED.scores.tsv.gz	results/repairs/20261001/aggregation/source_scores/fixed/K-POOLED.scores.tsv.gz	d20f4815b747ed641ee60a53cce14252ab345169eea8592b3a31e7295c242000	2026-10-01T14:09:56.251301+00:00
/lenovofs1/home/jyma/PLM_benchmark/p303_resplit/proj/results/aggregation/fixed/arms/K-POOLED_h29.meta.json	results/repairs/20261001/aggregation/source_scores/fixed/K-POOLED_h29.meta.json	b7a0715fd8364ba1a9e6c9b5e2e37faf22ce991d31a03d99b3beafbc3c3e02f2	2026-10-01T14:09:56.251406+00:00
/lenovofs1/home/jyma/PLM_benchmark/p303_resplit/proj/results/aggregation/fixed/arms/K-POOLED_h29.scores.tsv.gz	results/repairs/20261001/aggregation/source_scores/fixed/K-POOLED_h29.scores.tsv.gz	5a2dc4b8da8eea4443591c95a115f38c025678b922f8130b9a342136c736744d	2026-10-01T14:09:56.251441+00:00
/lenovofs1/home/jyma/PLM_benchmark/p303_resplit/proj/results/aggregation/fixed/arms/K-WIN16.meta.json	results/repairs/20261001/aggregation/source_scores/fixed/K-WIN16.meta.json	2be19eac453bb9ab23cdaa90e8c1355ed1da628b528707bccbed6b3a3cb9324a	2026-10-01T14:09:56.251545+00:00
/lenovofs1/home/jyma/PLM_benchmark/p303_resplit/proj/results/aggregation/fixed/arms/K-WIN16.scores.tsv.gz	results/repairs/20261001/aggregation/source_scores/fixed/K-WIN16.scores.tsv.gz	20ac4423b2a903d6324d3d0fe47de0195f4324168c202ac519bb9c0a870672f1	2026-10-01T14:09:56.251579+00:00
/lenovofs1/home/jyma/PLM_benchmark/p303_resplit/proj/results/aggregation/fixed/arms/K-WIN4.meta.json	results/repairs/20261001/aggregation/source_scores/fixed/K-WIN4.meta.json	4beaa3ca8d7a3fb2614b9e173a1ecbaee8b6e8e311aa86d696a6252b24a36ab8	2026-10-01T14:09:56.251683+00:00
/lenovofs1/home/jyma/PLM_benchmark/p303_resplit/proj/results/aggregation/fixed/arms/K-WIN4.scores.tsv.gz	results/repairs/20261001/aggregation/source_scores/fixed/K-WIN4.scores.tsv.gz	c86741988cafb3ef3062b542e90ab61e881b78cbd95140d2882cf81dd1d0a975	2026-10-01T14:09:56.251715+00:00
/lenovofs1/home/jyma/PLM_benchmark/p303_resplit/proj/results/aggregation/fixed/arms/K-WIN64.meta.json	results/repairs/20261001/aggregation/source_scores/fixed/K-WIN64.meta.json	97ca236332257ebff92266b3a0fdc19f94ee8a06eb96e2aba8a7b34c7db924e5	2026-10-01T14:09:56.251819+00:00
/lenovofs1/home/jyma/PLM_benchmark/p303_resplit/proj/results/aggregation/fixed/arms/K-WIN64.scores.tsv.gz	results/repairs/20261001/aggregation/source_scores/fixed/K-WIN64.scores.tsv.gz	02dd458e8f86636aa213425093b2662fcd92ca1d4b94ada7a182676021c6471b	2026-10-01T14:09:56.251852+00:00
