timestamp	operator	action	dataset_or_set_version	scope_sample_ids	content_read	purpose	influenced_method_selection	downgrade_triggered	notes
2026-09-21 12:39	ZCode(P1.02)	import_legacy_qualification_tables	旧项目 manifests/fold_switching_release_eligibility.tsv+round2 证据表	96 对全量	96 对资格/证据行	建立 fold_switch_global.tsv 标签层（数据血缘见 P1.02 完成记录）	false	none	P1.19 补登记：读取发生于任务执行时，登记时间 2026-09-23 21:22
2026-09-23 18:38	ZCode(P1.17)	read_legacy_split_table	旧项目 manifests/task_sample_splits_v5_2026-09-15.tsv	35 porter 对	dev/test 分配	划分可行性预演的曝光口径核查（split_rehearsal §2）	false	none	P1.19 补登记：读取发生于 P1.17 预演，登记时间 2026-09-23 21:22
2026-09-23 21:15	ZCode(P1.19)	sweep_legacy_project_usage	旧项目 manifests/benchmark_v0.1/execution_round/deliverables/references/logs 等 918 文本文件	96 对全量	使用范围审计（exposure_scope_audit）	G1 材料如实陈述历史使用范围	false	none	常规登记；按用户 2026-09-23 21:05 指令第 1 项
2026-09-24 16:46	ZCode(P3.01)	read_knot_labels_aggregate	data/curated/knots.tsv（1,401 行，含确认/保留对应行）	knot 全体（聚合）	presence 阳性/阴性总数、type eligible=112、类型×三集合聚合计数	输入可识别性核查报告（P3.01 白名单/阻塞判定）	false	none	聚合级读取，逐链确认/保留标签未按样本消费；KNOT-RESPLIT 步骤 2 补登记（登记 2026-09-25 17:25）
2026-09-24 15:55	ZCode(G2-REV)	read_knot_type_by_split	data/splits/split_qc.json（knot_type_by_split 字段）	三集合类型构成（聚合）	确认集仅 3_1 等构成修正（G2-REV §3 打结类型修正）	G2 材料 §3 数字修正（复算报告）	false	none	聚合级读取；KNOT-RESPLIT 步骤 2 补登记（登记 2026-09-25 17:25）
2026-09-24 03:14	ZCode(P2.02/P2.03)	generate_split_manifest_all_labels	data/curated/*（全任务标签含 knots conf/hold 对应行）	全任务全样本	划分 manifest 生成本身（split 尚不存在，构成统计入 split_qc.json）	划分生成（P2.02），非确认集读取（划分当时不存在）	false	none	划分生成属数据构建动作；KNOT-RESPLIT 步骤 2 补登记（登记 2026-09-25 17:25）
2026-09-25 16:10	ZCode(P3.03/G2决策点)	read_knot_labels_per_chain_binding_check	data/interim/p303/knot_chain_list.tsv（1,006 usable 链：split+presence_target 逐链，含确认 202/保留 130 链（逐链口径；旧 manifest 样本口径为 ~247/~184））	knot usable 全体逐链（含确认/保留子集逐链）	min 口径结构绑定核算：跨集合对清点、涉边阳性链计数（39）	打结结构隔离核算（G2 裁决二兑现）→ 触发停止条件（结构×集合归属判定，与标签无关）	false	none	标签仅用于影响面报告；边与停止判定完全由 US-align 相似度×集合归属决定；本行于读取同日登记
2026-09-25 17:10	ZCode(KNOT-RESPLIT步骤1)	reread_knot_labels_freeze_validation	同上（冻结校验复算）	同上	步骤 1 F4 口径重现（2,998/679 复现校验）	方案 A 步骤 1 冻结校验（用户 2026-09-25 17:00 裁决）	false	none	复算性质；影响面结论同上行
2026-09-25 01:11	ZCode(P3.03)	read_knot_labels_preflight_sequence_map	data/curated/knots.tsv+knots_sequences.tsv（1,020 usable 行；conf/hold 口径=旧 manifest 样本 150/109；knot_chain_list 至 16:15 方创建）	knot usable 全体逐链	presence_target/type tier 逐链写入 knots_sequences.tsv；same-sha×标签跨 split 冲突检查（=0）	打结序列 preflight（P3.03）	false	none	KNOT-RESPLIT 步骤 5 审核要求补登记（登记 2026-09-25 19:00）；冲突=0 无方法影响
2026-09-25 16:59	ZCode(KNOT-RESPLIT步骤3)	read_knot_labels_dryrun_composition	data/curated/knots.tsv（conf/hold 对应行）	knot 全体（分配后构成报告）	预演分配的 knots presence/type 构成统计	绑定图预演（方案 A 步骤 3）	false	none	标签仅分配后构成报告，未进分配计算；登记 2026-09-25 19:00
2026-09-25 17:07	ZCode(KNOT-RESPLIT步骤4)	read_knot_labels_finalize_composition	data/curated/knots.tsv（conf/hold 对应行）	knot 全体（分配后构成报告）	新版划分 split_qc 的 knots 构成统计	新版划分生成（方案 A 步骤 4）	false	none	同上；登记 2026-09-25 19:00
2026-09-27 13:31	ZCode(P5.01)	read_confirmation_composition_aggregate	data/splits/split_manifest.tsv ∩ data/curated/{knots,fold_switch_global,disorder,knots_sequences,knots_sequences_unavailable}.tsv（确认 split 对应行，聚合级）	knot conf 声明 24 阳/126 阴、可评价 148（22 阳/126 阴+2 无序列）；FS conf 6 对 strict 计数=0；disorder conf 432	确认集构成聚合计数（分母/可用性/证据层）	P5.01 lock 钉版计数核验（注册时复算）	false	none	聚合级构成统计；n_strict=0 分支已由 P4.09 预注册在先（无方法影响）；结果级读取仍未发生
2026-09-27 13:54	ZCode(P5.02)	build_confirmation_input_domains	data/curated/{knots,knots_sequences,disorder_masks,disorder,fold_switch_global}.tsv（确认 split 对应行）	knot conf 148 可评价；disorder conf 418 蛋白分母域 36,589 残基；FS 端点 12	确认集 fasta/分母域索引构建（lock 预注册允许动作）	P5.02 输入构建（冻结域规则执行，非方法选择）	false	none	结果级读取之前；正式构建运行（构建器 hash 钉版）
2026-09-27 14:03	ZCode(P5.02)	first_read_result_level_knots	data/curated/knots.tsv 确认 148 链 presence_target	22 阳/126 阴标签 + AUROC/CI/对照	H-KNOT-PRESENCE 确认判定（lock 注册对比一次性）	确认集结果级首次读取（knots）	true	none	注册 05:31Z 之后；CONF-KNOT-PRESENCE-P502-v1/scores.tsv 全量保留
2026-09-27 14:04	ZCode(P5.02)	first_read_result_level_disorder	data/curated/disorder_masks.tsv 确认 418 蛋白分母域残基 state	36,589 残基标签（正例率 0.999891）+ 池化 AUPRC/对照	H-DISORDER-RES 确认判定（lock 注册对比一次性）	确认集结果级首次读取（disorder）	true	none	双类蛋白=0 退化如实报告；转 P5.03 降级裁决
2026-09-27 14:19	ZCode(P5.02)	read_confirmation_composition_fsl2	data/curated/fold_switch_global.tsv 确认 6 对 target/valid_mask	n_strict 复算=0（构成级）	H-FSL2-RANK 预注册分支判定	构成统计（无标签值可读，全为空/0）	false	none	描述性 side-table 仅消费序列分数，无标签
2026-09-27 14:38	ZCode(P5.03)	mark_confirmation_batch_exposed	confirmation split 全部已读行（knots 148 评价 / disorder 418 评价 / fs 6 对）	确认批三集合子集状态=已曝光关闭	确认批曝光状态标记（治理登记）	P5.03 裁决：确认批不重复用于独立确认；无重确认集（holdout 不挪用）	false	none	状态标记行；后续任何对确认集的再读取均为开发曝光语义；disorder 降级=insufficient_evidence（交叉引用：本文件 14:04 行 + decisions.md 14:38 条目）
2026-09-30 19:50	ZCode(P5.05)	first_read_result_level_holdout_knots	data/curated/knots.tsv 保留集 108 链 presence_target	25 阳/83 阴标签 + AUROC/CI/对照	H-KNOT-PRESENCE 保留集一次性评估（final_lock 冻结）	保留集结果级首次读取（knots）	true	none	授权=用户指令式（decisions.md 19:4x）；访问次数=1；同锁不可重测
2026-09-30 19:50	ZCode(P5.05)	first_read_result_level_holdout_disorder	data/curated/disorder_masks.tsv 保留集 494 蛋白分母域残基 state	51,134 残基标签（正例率 0.9989）+ 池化 AUPRC/对照	H-DISORDER-RES 保留集一次性评估（final_lock 冻结）	保留集结果级首次读取（disorder）	true	none	双类=1 退化与确认集同构，如实报告
