key	name	cache	len_full	len_used	truncated	trunc_coverage	seq_sha256	revision	layer_set	n_resid_stored	forward_seconds
66490ba4283301551942deea	p508:5FB4_A	hit	605	605	False	1.0	9cc96771fa89dddcac04b1580e24ae63e4b49a2cf3034f2885f4d25f382cd715	08e4846e537177426273712802403f7ba8261b6c	mean_all34+resid_33|domidx	605	
f70802075ec16fee4ba98981	p508:5FBK_B	hit	566	566	False	1.0	8bc7b18909f972adaa5a92f5b86d0f943d8e0bbe597056c3659e1f6572329a40	08e4846e537177426273712802403f7ba8261b6c	mean_all34+resid_33|domidx	566	
7599a5f78f43c0fe54c5bfb5	p508:2QUH_A	hit	477	477	False	1.0	132f34313b077c9b876bdef5cec473a5f7cef79f4a6bfe890db2f36662a7a1e6	08e4846e537177426273712802403f7ba8261b6c	mean_all34+resid_33|domidx	477	
29263c5648810b76ec16d82f	p508:2QG7_B	hit	458	458	False	1.0	21c9995eabeacbd23dc30e9e1bc5820eeed769d7b2f4cfb4348e0bb3a8cbb3ac	08e4846e537177426273712802403f7ba8261b6c	mean_all34+resid_33|domidx	458	
c70e4bfc6c15cf72f022814c	p508:5ENK_A	hit	455	455	False	1.0	11060e5dbbf6136ebabedc41aec0ebcaf83e124557f6d13b9dddc262cd4a3e9e	08e4846e537177426273712802403f7ba8261b6c	mean_all34+resid_33|domidx	455	
230f42ef505ce011878be847	p508:7LT1_B	hit	451	451	False	1.0	c2693cbc36b525fed9d90901e3481f387611bec814a2deae57d63d1e62bd4aa2	08e4846e537177426273712802403f7ba8261b6c	mean_all34+resid_33|domidx	451	
9632a60aca555f90c6bdf45a	p508:7LWZ_E	hit	443	443	False	1.0	5d192ebcf18c14bdfbd24576d7cd177272994b616f887da7b590d63b58bf04eb	08e4846e537177426273712802403f7ba8261b6c	mean_all34+resid_33|domidx	443	
c188f3c7dc10e6c59d178d56	p508:5FHG_B	hit	433	433	False	1.0	e9e76f4028fb043b0eed5583cfad231a3bfc5298df443104c7aeda05741057d1	08e4846e537177426273712802403f7ba8261b6c	mean_all34+resid_33|domidx	433	
a38044b0a7aac74663e2ac25	p508:5F7R_A	hit	404	404	False	1.0	db21513228287b251883cec63cb7590e3b1891653c21c48495371fa5acec5ea3	08e4846e537177426273712802403f7ba8261b6c	mean_all34+resid_33|domidx	404	
f174fc1d601d650c91e53b03	p508:5EVJ_B	hit	387	387	False	1.0	018a85c9fa77763d37468fd3b53956700668f3d8c8336132e77fe71cd8652f8e	08e4846e537177426273712802403f7ba8261b6c	mean_all34+resid_33|domidx	387	
c3a5c31dedf09262a527e45a	p508:5EF4_B	hit	385	385	False	1.0	c8dafd8e196db5ef91e548f568294b123dea1e8dc113a22d2372f9405ec0d08d	08e4846e537177426273712802403f7ba8261b6c	mean_all34+resid_33|domidx	385	
152197fb64d93759bffa8647	p508:5FA5_B	hit	367	367	False	1.0	2d330cd06bfdeb9232098eb9b419ff946cf3f0bb3479665f3c1204553eb332af	08e4846e537177426273712802403f7ba8261b6c	mean_all34+resid_33|domidx	367	
faeed2ac7d1045897135d79d	p508:5ER8_A	hit	363	363	False	1.0	056352dc8c778a596a4b9d9df9c232c762f100c0114fe229348efa32abaee1e2	08e4846e537177426273712802403f7ba8261b6c	mean_all34+resid_33|domidx	363	
fd05d457a23879124a83d0da	p508:5EQN_B	hit	350	350	False	1.0	b7037eedb724ba6b665de6703ce21ab1611d4db1c3bbffa217b70da27dd8a4eb	08e4846e537177426273712802403f7ba8261b6c	mean_all34+resid_33|domidx	350	
ceccecc0e15169cab0dabfa6	p508:2Q17_D	hit	346	346	False	1.0	efff3ce56b5d8c19079c800e66c09025c4a413073f1278f703db5167374e2016	08e4846e537177426273712802403f7ba8261b6c	mean_all34+resid_33|domidx	346	
2a57a5b0be77bf633c1bf4c2	p508:7LW7_A	hit	346	346	False	1.0	b504238e830276e9375d1e6409ef99b14bb7f07edf2e34b755707cc1d2ae3ea3	08e4846e537177426273712802403f7ba8261b6c	mean_all34+resid_33|domidx	346	
cd4bdbc6d43c970eb8bf9e98	p508:7LVP_A	hit	336	336	False	1.0	bac9c563fa0b8688e79fd2fc4b84e3f0cd243c208d8391345c2621e270985e7e	08e4846e537177426273712802403f7ba8261b6c	mean_all34+resid_33|domidx	336	
fca2cdb4dbf20548525cde08	p508:5EXI_A	hit	331	331	False	1.0	c04470f58f61c96a3cc11e24f8f489be04dcb8d41ec7f203f0c208be61253bc8	08e4846e537177426273712802403f7ba8261b6c	mean_all34+resid_33|domidx	331	
77e061c0af8565a18d9c71f5	p508:5EFT_B	hit	321	321	False	1.0	84577c58db75d65683066d6625851a47e744147b9fea8ddecac3f7aea5793c2a	08e4846e537177426273712802403f7ba8261b6c	mean_all34+resid_33|domidx	321	
615775fa134e8d822b57ccbb	p508:5F73_F	hit	320	320	False	1.0	80c7f63525dc2dc5675116db9d8040e671489068b6f7a744894ef3b16459ec2d	08e4846e537177426273712802403f7ba8261b6c	mean_all34+resid_33|domidx	320	
62ce0552566614de7778c4a6	p508:5EHO_A	hit	313	313	False	1.0	2daef4d3fc527c8538a278883d5d07d1ef5f2e3331f8ddf5fe6e4ab9f31f6535	08e4846e537177426273712802403f7ba8261b6c	mean_all34+resid_33|domidx	313	
9b723a4a9cf15efb5cd9519f	p508:2QGN_A	hit	311	311	False	1.0	3c3b98ee61d64ca5ba7f6730104c81c85d9b5c09869d33273690cdfe34de8659	08e4846e537177426273712802403f7ba8261b6c	mean_all34+resid_33|domidx	311	
915089b17da240b9d2385e83	p508:2QGZ_A	hit	308	308	False	1.0	155effa4a04e99e7e0ccffa75bf3e8a8e71ed55f1676bb7011bbce4a50e629ea	08e4846e537177426273712802403f7ba8261b6c	mean_all34+resid_33|domidx	308	
709f8a70a61ff0b72d85ae54	p508:2QH5_A	hit	308	308	False	1.0	def2d5af1f431349aa92eea6722ca14c7128a48763b14178651248ec8f5309c1	08e4846e537177426273712802403f7ba8261b6c	mean_all34+resid_33|domidx	308	
f83501f59272c21b05a60939	p508:5F2T_A	hit	308	308	False	1.0	baf26ffad7b7f9ea44c1a75e40a52799df4393a5ee7f18392bc70cb300b58e47	08e4846e537177426273712802403f7ba8261b6c	mean_all34+resid_33|domidx	308	
f199ffb9a7fa957cced887c3	p508:5EP9_C	hit	305	305	False	1.0	9cb234d19d5db65e7b51791d835267eaaf75a0cf910cb33177f94b02dbf2ba70	08e4846e537177426273712802403f7ba8261b6c	mean_all34+resid_33|domidx	305	
f8521dabe2d02a15eb6da9c4	p508:5EKZ_A	hit	294	294	False	1.0	6a4fc8457b6030b3c85cfdce96d0fed3801608336245c0ffed61c5adb0b63332	08e4846e537177426273712802403f7ba8261b6c	mean_all34+resid_33|domidx	294	
02c23468678e52bfda16fa16	p508:5FEU_A	hit	291	291	False	1.0	ac509bbc779b3c062306900b6e8c4dc5e6447d48831fb148f5f7a0b7b5e782d0	08e4846e537177426273712802403f7ba8261b6c	mean_all34+resid_33|domidx	291	
6deeea395805f3c000e63b9e	p508:5FAA_A	hit	283	283	False	1.0	9ec33f6df1cc0436caeecaa738af1bd18a61d4cbfd7e6222bd68572f23041f65	08e4846e537177426273712802403f7ba8261b6c	mean_all34+resid_33|domidx	283	
c726fbb50d513bdc863b75bd	p508:5EZ1_A	hit	277	277	False	1.0	8fe8738396742a1a0443f1bcb6a394b979604124ae7a6b4e548ce4c26a5606da	08e4846e537177426273712802403f7ba8261b6c	mean_all34+resid_33|domidx	277	
613a2266be5c06977c9bd8c0	p508:5EL0_A	hit	276	276	False	1.0	da97e5565f888d5775a1a10bc60963351c8a0000c026785a10bf23d225d855ed	08e4846e537177426273712802403f7ba8261b6c	mean_all34+resid_33|domidx	276	
399064262a0eb1729a1d92e2	p508:5EY1_B	hit	274	274	False	1.0	99904d61d0dfbfbd7650ae6fc1795ff4247147a0ee7829b79ea61c9d5e2952c2	08e4846e537177426273712802403f7ba8261b6c	mean_all34+resid_33|domidx	274	
1a63e15883166c195a9f1e7b	p508:2Q2C_A	hit	272	272	False	1.0	763d5326b3663e188ba5fa34ea6ecb8240dd713d7d4e08b0d680e5f44b8254b7	08e4846e537177426273712802403f7ba8261b6c	mean_all34+resid_33|domidx	272	
f5c97d70c94fc559022ce04d	p508:2PW9_C	hit	268	268	False	1.0	015158045e1461b61967596584b7be6494dc2c8f4d0e08d76650ae8d6e38a739	08e4846e537177426273712802403f7ba8261b6c	mean_all34+resid_33|domidx	268	
62440c3e9b3da5424c7e8895	p508:2Q45_A	hit	266	266	False	1.0	d0576bcb391cabe91026b8037d4bdf47673045e72e8f608bc5765b21a3e7f8ab	08e4846e537177426273712802403f7ba8261b6c	mean_all34+resid_33|domidx	266	
97aafde330809c53b96029cd	p508:2QCX_A	hit	263	263	False	1.0	d126edb8157635599a4c5004f890b88e4e2326278b7ede5393fe6f42d231aeff	08e4846e537177426273712802403f7ba8261b6c	mean_all34+resid_33|domidx	263	
22df0d30ed405ed83f130a7f	p508:2QJC_A	hit	258	258	False	1.0	a4156f0f45d0588478812650e2d1d020637b805e7518034f3b6072d43131bf6a	08e4846e537177426273712802403f7ba8261b6c	mean_all34+resid_33|domidx	258	
0e8a88b11ad3649cbe6de9ce	p508:7LVJ_A	hit	257	257	False	1.0	e0a85f46a02183619188186235df3bac5ec28e114465e05b3bf012a76ebc4728	08e4846e537177426273712802403f7ba8261b6c	mean_all34+resid_33|domidx	257	
e1e8489de1fb7167ca759519	p508:2Q7F_A	hit	243	243	False	1.0	076921c3281dd8c807369b45ebddf3b9313dcc58c0dfc899204b8c941a9b6436	08e4846e537177426273712802403f7ba8261b6c	mean_all34+resid_33|domidx	243	
d2d7410a1cf59a13d0523909	p508:7LUY_F	hit	243	243	False	1.0	b3e8396870b4d42ed91725d6dd027301fe8d0d2fc056d3f31f27e81de697cf26	08e4846e537177426273712802403f7ba8261b6c	mean_all34+resid_33|domidx	243	
e1dbb2c60830ac0ac825f34f	p508:5EMV_A	hit	235	235	False	1.0	0bc2aaa68cfe5d961da145725803705fda308e3470fba70eada8cb512e642beb	08e4846e537177426273712802403f7ba8261b6c	mean_all34+resid_33|domidx	235	
2f3ed1a1cd213cfd32d044f2	p508:5EJ3_A	hit	234	234	False	1.0	001aaa388a23c4a64a030e6eb2f6abc85481c0514108f0ae0ffb2d9dc4e01048	08e4846e537177426273712802403f7ba8261b6c	mean_all34+resid_33|domidx	234	
76526fce64908e60d692ddaa	p508:2Q86_A	hit	229	229	False	1.0	dd88ee0928c1e535551ddea6c913ba08413a62757d2ca9da0b86d4767e9d3696	08e4846e537177426273712802403f7ba8261b6c	mean_all34+resid_33|domidx	229	
8a4991b2412abc25ce627c43	p508:5EYR_A	hit	228	228	False	1.0	88c725dad73ce978c04b166920c7aea092e3ba821eba2e888912991241cc1695	08e4846e537177426273712802403f7ba8261b6c	mean_all34+resid_33|domidx	228	
f5b868485fee4d9cce9ffffc	p508:2QSX_A	hit	216	216	False	1.0	9f6b4f8b6c20bf307347ec58ddbbe727734aff12929bbff460e02b576422372d	08e4846e537177426273712802403f7ba8261b6c	mean_all34+resid_33|domidx	216	
1eb7b0a7480f4e0c2dd61c40	p508:5F5D_A	hit	211	211	False	1.0	0619f9fdbb37cdf7113f4f06ccfc71f2d0f514c8ca0a84d1de928be8ee46d1f8	08e4846e537177426273712802403f7ba8261b6c	mean_all34+resid_33|domidx	211	
0cccd223b2368ff2c355f1cc	p508:2QKO_A	hit	210	210	False	1.0	3e2912303bb4a837c0dc56365ec5f21bd938200901d1837ebb3a7a3376388cdf	08e4846e537177426273712802403f7ba8261b6c	mean_all34+resid_33|domidx	210	
0e36e54df4541e8ec869ef7f	p508:2Q4M_A	hit	209	209	False	1.0	5936baf974a26e7b174eb2fb2b2fe979ed264b2e12e1b0d7c7dd8ae4bbd06b9b	08e4846e537177426273712802403f7ba8261b6c	mean_all34+resid_33|domidx	209	
7e17b4a439ed27381f21cc9a	p508:2Q4O_A	hit	208	208	False	1.0	d500ba8e1fab0326bcfedd77dff99c239268b28b124582b30d13c38c09cac33e	08e4846e537177426273712802403f7ba8261b6c	mean_all34+resid_33|domidx	208	
ce796a1c0ef5a60b50845de2	p508:2Q4D_B	hit	207	207	False	1.0	27f2735e7d55492a9001d6c55a34ca6a79711c74992f29a0a30cbacd30b1a40e	08e4846e537177426273712802403f7ba8261b6c	mean_all34+resid_33|domidx	207	
c87ed876cae2cd12559d8703	p508:5FFA_A	hit	204	204	False	1.0	ca3b3dfba0e13a2fce59758c03cb141ee5c8457606d931b5b09e7a644812bb7a	08e4846e537177426273712802403f7ba8261b6c	mean_all34+resid_33|domidx	204	
dc68d4379fc48d66f35af840	p508:2QN4_A	hit	200	200	False	1.0	11443c24c1972b3fe1b717bece79f28a278450ce91ca7af31b8893ebd7fc6e58	08e4846e537177426273712802403f7ba8261b6c	mean_all34+resid_33|domidx	200	
6a85af8e4fb0ddd3294878e8	p508:5EWK_A	hit	200	200	False	1.0	3c42f1d7320e288a3a82d226da4ec8ac7cf1ca6737d74956d6e5a016a3d6f2ca	08e4846e537177426273712802403f7ba8261b6c	mean_all34+resid_33|domidx	200	
addd67bf64a42ae7b810110f	p508:2Q9P_A	hit	194	194	False	1.0	7ca12edab6d0985b1769084330c8ca978769a499f053c35c543e283b10ae0afb	08e4846e537177426273712802403f7ba8261b6c	mean_all34+resid_33|domidx	194	
04eea6ae59ad4c39a4fcccf1	p508:2QVK_A	hit	192	192	False	1.0	782e746e797b8f93ea2ad897597c8f667b002bbf2850def80b0fa32e53ff2171	08e4846e537177426273712802403f7ba8261b6c	mean_all34+resid_33|domidx	192	
aecc597a796d6b796e83011d	p508:2QTP_A	hit	189	189	False	1.0	7e7fc5db4396d3bdd36d06cac02954c198f05e1de76fbd453a30f5fa5f9e9315	08e4846e537177426273712802403f7ba8261b6c	mean_all34+resid_33|domidx	189	
f904c07f9caf9d2edf3ae283	p508:2QSD_B	hit	185	185	False	1.0	a0a19be4294b9f16a67c5a2ff21d450128e611fad3968017e170a6644ab50705	08e4846e537177426273712802403f7ba8261b6c	mean_all34+resid_33|domidx	185	
6eb3024beb8cc23a09592111	p508:2PWN_A	hit	184	184	False	1.0	91b01418a10f20ae5183a18cc3e7a4c75ef938f574f8338fe5e5473e8fd14df3	08e4846e537177426273712802403f7ba8261b6c	mean_all34+resid_33|domidx	184	
a2c9595b5ac4dec6423ec888	p508:2QE3_A	hit	184	184	False	1.0	c4b7085914530fc74a174be2bc7158e2b25be53a004da6b463a9409c814c75b8	08e4846e537177426273712802403f7ba8261b6c	mean_all34+resid_33|domidx	184	
328f6e06b11be1189bb6b95f	p508:5F5H_A	hit	180	180	False	1.0	b43eb509626050917ecb8d92a42d0680689c48a07ad3f38c11b5fbbff29a5706	08e4846e537177426273712802403f7ba8261b6c	mean_all34+resid_33|domidx	180	
d90a7a8b0d6319e1a396b75f	p508:2Q2B_A	hit	179	179	False	1.0	2f192a35e48303886a744f3540dd9eb55781c002430b09b48716614ac2b2557a	08e4846e537177426273712802403f7ba8261b6c	mean_all34+resid_33|domidx	179	
f7613942562d7436a871a9d0	p508:2Q37_A	hit	173	173	False	1.0	5959f014e8a4171ad8c913ccdd8a25f316bd71e7b3b6fe4e0dc97d4057a2d1c1	08e4846e537177426273712802403f7ba8261b6c	mean_all34+resid_33|domidx	173	
38ae9a36df18111c215fb4b8	p508:5FEJ_A	hit	172	172	False	1.0	f745129ef860789c93d102e9cbf745462fe33f155cb58babbe0e228dfc895b78	08e4846e537177426273712802403f7ba8261b6c	mean_all34+resid_33|domidx	172	
be96065083a73a48f57b9a5d	p508:2Q4P_B	hit	168	168	False	1.0	6fe9f354444269e0b11695eca8a931cb69fe9d9b524c754c076fb5ebdcd76203	08e4846e537177426273712802403f7ba8261b6c	mean_all34+resid_33|domidx	168	
009d4afab5f4a08e6eddc06f	p508:2Q3X_A	hit	166	166	False	1.0	8927e6eedc9405a24a77070bc297471fe9a6da191993cbd2fa3dc6a4c0817c8c	08e4846e537177426273712802403f7ba8261b6c	mean_all34+resid_33|domidx	166	
5fdc87a5ba7917a193cc9a54	p508:2Q48_A	hit	164	164	False	1.0	058812a1bf3b2cb408360b2f8b537f69bb977f323509cbbbac648de0a9d4373d	08e4846e537177426273712802403f7ba8261b6c	mean_all34+resid_33|domidx	164	
015a7d63c5e3c40883989241	p508:5EO2_D	hit	164	164	False	1.0	4c7815f3dbb2cceafe7b830d1e3b607609b07393b1831ec3975cbde9dcaa7d6e	08e4846e537177426273712802403f7ba8261b6c	mean_all34+resid_33|domidx	164	
75be83b5a923d727db6c7279	p508:2QG8_A	hit	163	163	False	1.0	1a7e1d71db13416da7c9e3fa1e7b505aade33f84124b3a89d4a1c81617a49ce1	08e4846e537177426273712802403f7ba8261b6c	mean_all34+resid_33|domidx	163	
1bb6b7323b1b6b5ab27652c1	p508:2QCB_A	hit	159	159	False	1.0	f32b941ba9fca1f59fa0bdb91f86f3af2e5e77e8320a8d3c4f35caeff4ed7c5e	08e4846e537177426273712802403f7ba8261b6c	mean_all34+resid_33|domidx	159	
a1945aa2a1206245e99080d6	p508:5F2B_A	hit	159	159	False	1.0	078e5a32883a12039e7f446012b4dccf287d20f2e5a54a42e0d2e2ce2d590d30	08e4846e537177426273712802403f7ba8261b6c	mean_all34+resid_33|domidx	159	
8c4b2a12ad9e7e0c3794dc82	p508:2QV8_B	hit	158	158	False	1.0	a160e22646cea773ebbfe9cc8bedac5db7cb810623c10c865e0bcc0bd2461082	08e4846e537177426273712802403f7ba8261b6c	mean_all34+resid_33|domidx	158	
b60641d421d6161002790fd1	p508:2Q3T_A	hit	157	157	False	1.0	f13cfece90c229b48a2a5bf0952cbb1bb8761f36070d9f3f06f64b7f53c65ae2	08e4846e537177426273712802403f7ba8261b6c	mean_all34+resid_33|domidx	157	
57bcc9d2ba836dfc1d831c41	p508:5EII_E	hit	156	156	False	1.0	9cb18eb7abf6144e18af168bdd3a3370aaf13022e963f9bdb323c4276ee24588	08e4846e537177426273712802403f7ba8261b6c	mean_all34+resid_33|domidx	156	
936d94b8316ab11829803268	p508:2QSJ_A	hit	154	154	False	1.0	175255d57c05c390fbbf80622f3fbec8e0bf1463138a482dbe18c9f0fc39d7ff	08e4846e537177426273712802403f7ba8261b6c	mean_all34+resid_33|domidx	154	
adbacd2457902e6014193412	p508:2QVT_A	hit	150	150	False	1.0	c4805065a4747c86d3e87a4633c79ca9b722c4228c3fde281822fc6fcc7930eb	08e4846e537177426273712802403f7ba8261b6c	mean_all34+resid_33|domidx	150	
7ccf382f9c8afbb505b6b340	p508:2QDB_A	hit	149	149	False	1.0	9ef55c4f7636df9ed5418510a165d8bea2a09d4a6bb136be023d2d453e5f10da	08e4846e537177426273712802403f7ba8261b6c	mean_all34+resid_33|domidx	149	
8ae4e9cb1ca26fd360897b44	p508:5EWR_A	hit	146	146	False	1.0	08fde00a9b4c1d0ad0ee423036bb58ce7e25c807bd99afd43c223b53b839ea53	08e4846e537177426273712802403f7ba8261b6c	mean_all34+resid_33|domidx	146	
0c493bd976054ec95389a8ec	p508:2QUP_A	hit	145	145	False	1.0	78d0b205800e86672e01bce77751d8c6b7cce5d2b7ab8fc3e7949a3635aeab14	08e4846e537177426273712802403f7ba8261b6c	mean_all34+resid_33|domidx	145	
d8d54f80e861a491f2e87ef6	p508:5EZD_A	hit	145	145	False	1.0	69f9d297a641d62ea8a1a8a9fa7ecb4548ad38c74eaf601f28b5125f682a3d74	08e4846e537177426273712802403f7ba8261b6c	mean_all34+resid_33|domidx	145	
d7374f511efb352f63450102	p508:2PZZ_D	hit	144	144	False	1.0	2928eb8795b6475ed04837ea90e42dddce34199be7a9721879e0a2826b7f5e21	08e4846e537177426273712802403f7ba8261b6c	mean_all34+resid_33|domidx	144	
0727361874f14d280f1b35a9	p508:5EZY_E	hit	143	143	False	1.0	b62d43c22eaf66c458650f46e07b4d9b180e71137387e8ee50b21c6e1c7d9c28	08e4846e537177426273712802403f7ba8261b6c	mean_all34+resid_33|domidx	143	
4395287e074ea476cdcbd4f5	p508:2QGO_A	hit	141	141	False	1.0	098baea0e46088aab1c121100a06530d6dbc9a6c29520efcdca03c52094d9dc1	08e4846e537177426273712802403f7ba8261b6c	mean_all34+resid_33|domidx	141	
513b5898ad93a957058086cf	p508:2QRD_A	hit	137	137	False	1.0	76e4df234259ffbf8312ad8eb52e6c3abcffb365d95f0c773a91c363e47d191f	08e4846e537177426273712802403f7ba8261b6c	mean_all34+resid_33|domidx	137	
8055f030abe3990ef2964adc	p508:2QLW_A	hit	136	136	False	1.0	6304ff900f4ea3562a65f514e4cb7eda42451319e4c49cf759e2e17a8dea3318	08e4846e537177426273712802403f7ba8261b6c	mean_all34+resid_33|domidx	136	
bd315409574d1d7b3c61e7b0	p508:5EUR_C	hit	136	136	False	1.0	b26b6e15d8767f8008f6c8d807cf12018a3cdffd9af8ee9d82f874234778965e	08e4846e537177426273712802403f7ba8261b6c	mean_all34+resid_33|domidx	136	
f0bac40680bf08d080c79c58	p508:2QKH_B	hit	135	135	False	1.0	7ef71f3cda10bfaa28c28fa33766cc2af195913714941a5ff8a70d80014a9956	08e4846e537177426273712802403f7ba8261b6c	mean_all34+resid_33|domidx	135	
aeab8c67f938ba12fa02e3c4	p508:5FD3_A	hit	135	135	False	1.0	52aef4217be5568b5e5b19c60754bc087fc7c70addce42445098b304aa9a8aa9	08e4846e537177426273712802403f7ba8261b6c	mean_all34+resid_33|domidx	135	
22d5f153de9b1f6a2197ea48	p508:2QSI_A	hit	134	134	False	1.0	3a62a98334c0ecbcb1e754c1348643cb7b9e78ea9968ce402d8bbb36781661c8	08e4846e537177426273712802403f7ba8261b6c	mean_all34+resid_33|domidx	134	
834ef2f4863c91728b35bc86	p508:2Q2H_B	hit	131	131	False	1.0	7948e2d725d2d0a74a2bb5878001ff551e68f0d2df27e4c4cfab001ad35048f0	08e4846e537177426273712802403f7ba8261b6c	mean_all34+resid_33|domidx	131	
6ac551681dd04e3e3d036337	p508:2Q97_B	hit	129	129	False	1.0	8fb55357e3620e0b9238e4cd1a5b316d8b709131c91490e6b779f9239e3a6771	08e4846e537177426273712802403f7ba8261b6c	mean_all34+resid_33|domidx	129	
09a95ac125f6daee1d538edd	p508:2Q3V_A	hit	125	125	False	1.0	f0cc27cee02af34ad5eb1bbdb478e570b91c05eea464cdaa27e5fd57b0e7043e	08e4846e537177426273712802403f7ba8261b6c	mean_all34+resid_33|domidx	125	
3e0ac6e0a5c993284d2420c9	p508:5F1N_B	hit	125	125	False	1.0	f21c5372be36aab3a4272b3e3328b48d55a66b2f82fb79d8a4b4067ae41d5dd9	08e4846e537177426273712802403f7ba8261b6c	mean_all34+resid_33|domidx	125	
597a310431158806b6ae5d02	p508:7LR4_E	hit	123	123	False	1.0	36ae24f825d26e2c883e40c4859c1fd129c5aa68f44a0fd70b273c357ee064c6	08e4846e537177426273712802403f7ba8261b6c	mean_all34+resid_33|domidx	123	
2697dafbd3064bc7a3fa43d7	p508:5FFI_E	hit	122	122	False	1.0	3ddbb3205ab40f4776bd7aa09a45c4610c90392099aa830c7baf864f4936590c	08e4846e537177426273712802403f7ba8261b6c	mean_all34+resid_33|domidx	122	
3092c6c9e85108f9763b720d	p508:5ELU_A	hit	118	118	False	1.0	b135163c3671b62845c978232c33cd6556ad46d74b56f6d0c4941df297f34301	08e4846e537177426273712802403f7ba8261b6c	mean_all34+resid_33|domidx	118	
b8388bb952fd6cb65adc968b	p508:5ELJ_A	hit	116	116	False	1.0	277d0b5593e3f546bba825006cf74811189e53ad7b76be72e62008c04e764618	08e4846e537177426273712802403f7ba8261b6c	mean_all34+resid_33|domidx	116	
39514725b982d8a2fee1cc80	p508:2QW6_C	hit	112	112	False	1.0	283289cf4b3caf0f77d4f13a01aea3d9d7da46225ce3b5a2eef3f0fa7f7e120b	08e4846e537177426273712802403f7ba8261b6c	mean_all34+resid_33|domidx	112	
4f49ada61e2be37858faa8e2	p508:2QAI_A	hit	109	109	False	1.0	fabfc00f505d5a13bc96da3efbc85c2f85cfd76571fd3f6a425f9e0ff1cec72f	08e4846e537177426273712802403f7ba8261b6c	mean_all34+resid_33|domidx	109	
38914a20377ff01028ef0f9c	p508:2Q0O_C	hit	107	107	False	1.0	86a801c3f69b1a2a7fcabc22fe9faf9219f8e69476f7d3319ffa29a754a4a4b5	08e4846e537177426273712802403f7ba8261b6c	mean_all34+resid_33|domidx	107	
a46eae37fd342515086b244f	p508:5FEY_A	hit	94	94	False	1.0	09893198f9053623cb00b97c174a2dcf518ae5accd9bcbdf4482e213a4d860bd	08e4846e537177426273712802403f7ba8261b6c	mean_all34+resid_33|domidx	94	
be55976d3e437d13b2a5b773	p508:2Q79_A	hit	93	93	False	1.0	e54d987d868024034acecb7ac86bd9b4318b316cb84d879932231e421442cb83	08e4846e537177426273712802403f7ba8261b6c	mean_all34+resid_33|domidx	93	
c6bcdf3837bd5e33217afdc9	p508:2QBV_A	hit	90	90	False	1.0	73b19f374f33cdd54d7860b386aecc4af8caab2ec03c8204bb477d96e2977442	08e4846e537177426273712802403f7ba8261b6c	mean_all34+resid_33|domidx	90	
99163f42d84e4576d1e34529	p508:5EZU_B	hit	89	89	False	1.0	ecc292aef60e914305db5777923897ff4a6593bb5e7ac92fd4be358a8b71c63a	08e4846e537177426273712802403f7ba8261b6c	mean_all34+resid_33|domidx	89	
9052e9eb86abee4219c71401	p508:2Q2F_A	hit	85	85	False	1.0	76c178bf5dcf40ca052a0c99a9be6d72a3b5d8e6efbf9cadac14b59415dac805	08e4846e537177426273712802403f7ba8261b6c	mean_all34+resid_33|domidx	85	
ce246d9e0108cd932d1cb71c	p508:5F5S_B	hit	80	80	False	1.0	3911216672803326ec0d48e3a28dc636e46c7a94b89a8de17e9f3257af3e6d03	08e4846e537177426273712802403f7ba8261b6c	mean_all34+resid_33|domidx	80	
