key	name	cache	len_full	len_used	truncated	trunc_coverage	seq_sha256	revision	layer_set	n_resid_stored	forward_seconds	forward_precision	device	cache_reject_sha256
1d2aa18bffcf00599ea3d66a	porter_51_1h38D__1qlnA_B	miss	862	862	False	1.0	44b529ae6c10eb7387f44d1f64248a1c2c8d8dd33ce93bcf580bd2f26a0112f5	08e4846e537177426273712802403f7ba8261b6c	mean_5_11_17_23_29_33|domfull	862	0.013888888888888888	fp32	cuda	
09f01909023a8eb54b234dc4	porter_51_1h38D__1qlnA_A	miss	857	857	False	1.0	5038b84c33358d1a5d57c545a53c35a79fd102be3c9bf66db3ae56dc45c1c74b	08e4846e537177426273712802403f7ba8261b6c	mean_5_11_17_23_29_33|domfull	857	0.013888888888888888	fp32	cuda	
183ae45cb924dc5a92b60f03	porter_62_4o0pA__4o01D_A	miss	485	485	False	1.0	46910d07133f8f9887a04bace87abe17d8a7b7505a929316fa119718b46c9046	08e4846e537177426273712802403f7ba8261b6c	mean_5_11_17_23_29_33|domfull	485	0.013888888888888888	fp32	cuda	
bf8d02e1578e87ab59189641	porter_62_4o0pA__4o01D_B	miss	482	482	False	1.0	7c0385d4d1fc66a5c95f91cc6ab56e0e32acb53e3e9bff8732d72c55dc3638f5	08e4846e537177426273712802403f7ba8261b6c	mean_5_11_17_23_29_33|domfull	482	0.013888888888888888	fp32	cuda	
8ccb27dde15dc780e9c1861c	porter_9_3j7wB__3j7vG_A	miss	343	343	False	1.0	2e4d77488ff7eb6a71817c669ad2c767b057550a01bbc7f2ef7029e51cbed666	08e4846e537177426273712802403f7ba8261b6c	mean_5_11_17_23_29_33|domfull	343	0.013888888888888888	fp32	cuda	
0dd909a5a52a5860e6110544	porter_20_5c1vA__5c1vB_A	miss	317	317	False	1.0	f18c47b80ad8a25f627ab41b191898f03c4639882de569771cf2bc7bd60c0d89	08e4846e537177426273712802403f7ba8261b6c	mean_5_11_17_23_29_33|domfull	317	0.013888888888888888	fp32	cuda	
c14ee43de0923e15696b4d5e	porter_9_3j7wB__3j7vG_B	miss	317	317	False	1.0	6e61f7e9feb984ff61e225a49fa39f8b328e26f878e26a78693367719ca00b9a	08e4846e537177426273712802403f7ba8261b6c	mean_5_11_17_23_29_33|domfull	317	0.013888888888888888	fp32	cuda	
eb9965a9e7daffa1d6db8301	porter_20_5c1vA__5c1vB_B	miss	311	311	False	1.0	4ddcd1b7c75870f51c0d281b824c91c0e31c319cd5d633ffaa2927c43e3ffe21	08e4846e537177426273712802403f7ba8261b6c	mean_5_11_17_23_29_33|domfull	311	0.013888888888888888	fp32	cuda	
19777ebf01d4381b5cf6aa85	porter_80_5f3kA__5f5rB_B	miss	222	222	False	1.0	ea74c0e4aefbd7cf6d42439c35260d02b9af4e60885a7a0acbaa00051693820c	08e4846e537177426273712802403f7ba8261b6c	mean_5_11_17_23_29_33|domfull	222	0.013888888888888888	fp32	cuda	
eb76b2885108f0f446f757f4	porter_80_5f3kA__5f5rB_A	miss	205	205	False	1.0	a4399dce3814d66e0df8093dff792f90609c2390891e3f5ad3ee3fbe031651e2	08e4846e537177426273712802403f7ba8261b6c	mean_5_11_17_23_29_33|domfull	205	0.013888888888888888	fp32	cuda	
69daa11ef4533283cb3e05f8	porter_68_3zwgN__4tsyD_A	miss	178	178	False	1.0	10e72c7b31f18cb527d798f1611140471727b3d5c445a7a2f9dbd9968b32182a	08e4846e537177426273712802403f7ba8261b6c	mean_5_11_17_23_29_33|domfull	178	0.013888888888888888	fp32	cuda	
21ef54c71c463f4cc11730f6	porter_68_3zwgN__4tsyD_B	miss	176	176	False	1.0	9b27d78eedd16f70bc7dfeec5ef11367ed124bab781066638c32a02d8857fb0a	08e4846e537177426273712802403f7ba8261b6c	mean_5_11_17_23_29_33|domfull	176	0.013888888888888888	fp32	cuda	
2ad75d652602c13c118d8019	porter_61_4gqcC__4gqcB_A	miss	161	161	False	1.0	18c6b743be40f91d07648e96b704be56e97ec8768b82b6c35099c089a298aef4	08e4846e537177426273712802403f7ba8261b6c	mean_5_11_17_23_29_33|domfull	161	0.013888888888888888	fp32	cuda	
043c6cf92ec5168a37f4734d	porter_61_4gqcC__4gqcB_B	miss	160	160	False	1.0	805561c4aafbb58869e2091b10e3e2d2a7cdb49867163cc4b475a7ccd0fdc785	08e4846e537177426273712802403f7ba8261b6c	mean_5_11_17_23_29_33|domfull	160	0.013888888888888888	fp32	cuda	
eec671b1fee93679b1f442f2	porter_72_4rmbA__4rmbB_B	miss	155	155	False	1.0	6a5c8e12a158ce14c91d2e2ab1ac4a4419353435172997a4ece19736a0964010	08e4846e537177426273712802403f7ba8261b6c	mean_5_11_17_23_29_33|domfull	155	0.013888888888888888	fp32	cuda	
aa9b13c98c5fc98e1c43f0b3	porter_72_4rmbA__4rmbB_A	miss	141	141	False	1.0	585dd270913976fc880dd0d420cf14bdec0e399492b60ac6372c4ebd5e82de01	08e4846e537177426273712802403f7ba8261b6c	mean_5_11_17_23_29_33|domfull	141	0.013888888888888888	fp32	cuda	
a9688c3a7079fd1343294276	porter_77_2nxqB__1jfkA_B	miss	134	134	False	1.0	9e224c62f6af5ecfe1a9ae16d7f516c06981f90ae5148b765886a1ce6b0b9bff	08e4846e537177426273712802403f7ba8261b6c	mean_5_11_17_23_29_33|domfull	134	0.013888888888888888	fp32	cuda	
d54929e853dca4728cf9ff23	porter_87_2k0qA__2lelA_A	miss	74	74	False	1.0	f4821d81b5fe046e5c0a58adec6c171d5e1781782d0c315b3c795ec87415b7e5	08e4846e537177426273712802403f7ba8261b6c	mean_5_11_17_23_29_33|domfull	74	0.013888888888888888	fp32	cuda	
d54929e853dca4728cf9ff23	porter_87_2k0qA__2lelA_B	hit	74	74	False	1.0	f4821d81b5fe046e5c0a58adec6c171d5e1781782d0c315b3c795ec87415b7e5	08e4846e537177426273712802403f7ba8261b6c	mean_5_11_17_23_29_33|domfull	74		fp32	cuda	
a9fa59b2e3a525dde6e08f4a	porter_77_2nxqB__1jfkA_A	miss	64	64	False	1.0	ec70c64f9a39d10b9f7ba4ebebb624f77f98a1e79335ae0da98ba3d53a1f3020	08e4846e537177426273712802403f7ba8261b6c	mean_5_11_17_23_29_33|domfull	64	0.03	fp32	cuda	
