pair_id	group_max_0.6	group_min_0.6	tier	v5_member	legacy_exposure	classification_p119	group_max_size
porter_10_2lqwA__2bzyB	G003	M008	pending_evidence	-	yes	never_in_split_tables	2
porter_11_5ejbC__1wp8C	G001	M001	pending_evidence	-	yes	never_in_split_tables	35
porter_12_2frhA__1fzpD	G001	M009	pending_evidence	-	yes	never_in_split_tables	35
porter_13_5hmgB__1htmB	G001	M010	pending_evidence	-	yes	never_in_split_tables	35
porter_14_4j3oF__2jmrA	G004	M002	pending_evidence	-	yes	never_in_split_tables	2
porter_15_4hddA__2lepA	G012	M011	pending_evidence	-	yes	never_in_split_tables	1
porter_16_1miqB__1qs8B	G013	M012	pending_evidence	-	yes	never_in_split_tables	1
porter_17_4nc9C__4n9wA	G014	M013	pending_evidence	-	yes	never_in_split_tables	1
porter_18_3j97M__1xtgB	G001	M014	pending_evidence	-	yes	never_in_split_tables	35
porter_19_2naoF__1iytA	G001	M015	pending_evidence	-	yes	never_in_split_tables	35
porter_1_1g2cF__5c6bF	G001	M016	fragment_only	-	yes	never_in_split_tables	35
porter_20_5c1vA__5c1vB	G015	M017	strict_state_candidate	development	yes	v5_split_member	1
porter_21_4zt0C__4cmqB	G001	M018	pending_evidence	-	yes	never_in_split_tables	35
porter_22_5jytA__2qkeE	G005	M019	pending_evidence	-	yes	never_in_split_tables	2
porter_23_2lejA__2lv1A	G016	M020	pending_evidence	-	yes	never_in_split_tables	1
porter_24_3jv6A__1zk9A	G017	M021	pending_evidence	-	yes	never_in_split_tables	1
porter_25_5k5gA__2kb8A	G001	M022	pending_evidence	-	yes	never_in_split_tables	35
porter_26_4uv2D__4q79F	G001	M023	excluded	-	yes	never_in_split_tables	35
porter_27_1wyyB__5wrgA	G001	M003	pending_evidence	-	yes	never_in_split_tables	35
porter_28_5fhcJ__1eboE	G001	M003	pending_evidence	-	yes	never_in_split_tables	35
porter_29_4wsgC__1svfC	G001	M001	pending_evidence	-	yes	never_in_split_tables	35
porter_2_5ec5P__3zxgB	G018	M024	extension_construct_difference	test	yes	v5_split_member	1
porter_30_1nqdA__1nqjB	G002	M025	extension_construct_difference	test	yes	v5_split_member	6
porter_31_5fluE__2uy7D	G004	M002	extension_construct_difference	development	yes	v5_split_member	2
porter_32_3qy2A__1qb3A	G019	M026	fragment_only	-	yes	never_in_split_tables	1
porter_33_2ougC__2lclA	G003	M027	pending_evidence	-	yes	never_in_split_tables	2
porter_34_1qomB__1nocA	G020	M028	pending_evidence	-	yes	never_in_split_tables	1
porter_35_4rr2D__3l9qB	G001	M029	fragment_only	-	yes	never_in_split_tables	35
porter_36_2gedB__1nrjB	G001	M030	extension_construct_difference	development	yes	v5_split_member	35
porter_37_5keqF__1dzlA	G021	M031	extension_construct_difference	test	yes	v5_split_member	1
porter_38_4y0mJ__4xwsD	G006	M032	extension_construct_difference	development	yes	v5_split_member	2
porter_39_2c1uC__2c1vB	G007	M004	pending_evidence	-	yes	never_in_split_tables	2
porter_3_1uxmK__2namA	G022	M033	extension_construct_difference	development	yes	v5_split_member	1
porter_40_4zrbC__4zrbH	G023	M034	pending_evidence	-	yes	never_in_split_tables	1
porter_41_4qhfA__4qhhA	G024	M035	pending_evidence	-	yes	never_in_split_tables	1
porter_42_4aanA__4aalA	G007	M004	pending_evidence	-	yes	never_in_split_tables	2
porter_43_1x0gA__1x0gD	G025	M036	extension_condition_or_assembly	development	yes	v5_split_member	1
porter_44_4ae0A__4ow6B	G002	M037	pending_evidence	-	yes	never_in_split_tables	6
porter_45_1mnmC__1mnmD	G026	M038	pending_evidence	-	yes	never_in_split_tables	1
porter_46_2nntA__2mwfA	G027	M039	pending_evidence	-	yes	never_in_split_tables	1
porter_47_4jphB__5hk5H	G028	M040	extension_construct_difference	development	yes	v5_split_member	1
porter_48_3ifaA__5et5A	G001	M005	extension_construct_difference	development	yes	v5_split_member	35
porter_49_3k2sA__2a01C	G001	M041	extension_condition_or_assembly	test	yes	v5_split_member	35
porter_4_7ahlE__4yhdG	G008	M042	pending_evidence	-	yes	never_in_split_tables	2
porter_50_4fu4C__4g0dZ	G029	M043	pending_evidence	-	yes	never_in_split_tables	1
porter_51_1h38D__1qlnA	G001	M044	strict_state_candidate	development+test	yes	v5_split_member	35
porter_52_5b3zA__5bmyA	G006	M045	pending_evidence	-	yes	never_in_split_tables	2
porter_53_1xjtA__1xjuB	G009	M006	pending_evidence	-	yes	never_in_split_tables	2
porter_54_3hdeA__3hdfA	G009	M006	extension_construct_difference	development	yes	v5_split_member	2
porter_55_4b3oB__3meeA	G030	M046	pending_evidence	-	yes	never_in_split_tables	1
porter_56_4twaA__4ydqB	G001	M047	pending_evidence	-	yes	never_in_split_tables	35
porter_57_3ejhA__3m7pA	G031	M048	pending_evidence	-	yes	never_in_split_tables	1
porter_58_1k0nA__1rk4B	G001	M049	pending_evidence	-	yes	never_in_split_tables	35
porter_59_1xntA__3lqcA	G002	M050	extension_construct_difference	development	yes	v5_split_member	6
porter_5_5aoeB__5ly6B	G032	M051	extension_construct_difference	development	yes	v5_split_member	1
porter_60_2axzA__2grmB	G033	M052	extension_construct_difference	development	yes	v5_split_member	1
porter_61_4gqcC__4gqcB	G005	M053	strict_state_candidate	development	yes	v5_split_member	2
porter_62_4o0pA__4o01D	G001	M054	strict_state_candidate	test	yes	v5_split_member	35
porter_63_4dxtA__4dxrA	G002	M055	pending_evidence	-	yes	never_in_split_tables	6
porter_64_4rwnA__4rwqB	G034	M056	pending_evidence	-	yes	never_in_split_tables	1
porter_65_2hdmA__2n54B	G035	M057	extension_construct_difference	-	yes	never_in_split_tables	1
porter_66_3vo9B__3vpaD	G036	M058	excluded	-	yes	never_in_split_tables	1
porter_67_2p3vA__2p3vD	G001	M005	pending_evidence	-	yes	never_in_split_tables	35
porter_68_3zwgN__4tsyD	G001	M059	strict_state_candidate	test	yes	v5_split_member	35
porter_69_3ewsB__3g0hA	G037	M060	extension_construct_difference	development	yes	v5_split_member	1
porter_6_1ovaA__1jtiB	G010	M007	pending_evidence	-	yes	never_in_split_tables	2
porter_70_3tp2A__5lj3M	G001	M061	pending_evidence	-	yes	never_in_split_tables	35
porter_71_3njqA__2pbkB	G038	M062	pending_evidence	-	yes	never_in_split_tables	1
porter_72_4rmbA__4rmbB	G039	M063	strict_state_candidate	development	yes	v5_split_member	1
porter_73_2ce7C__3kdsG	G001	M064	pending_evidence	-	yes	never_in_split_tables	35
porter_74_4phqA__2wcdX	G001	M065	pending_evidence	-	yes	never_in_split_tables	35
porter_75_3t1pA__1kctA	G010	M007	extension_construct_difference	test	yes	v5_split_member	2
porter_76_3j9cA__3q8fA	G040	M066	pending_evidence	-	yes	never_in_split_tables	1
porter_77_2nxqB__1jfkA	G001	M067	strict_state_candidate	development	yes	v5_split_member	35
porter_78_5l35D__5l35G	G001	M068	pending_evidence	-	yes	never_in_split_tables	35
porter_79_5i2mA__5i2sA	G001	M069	extension_condition_or_assembly	-	yes	never_in_split_tables	35
porter_7_3gmhL__2vfxL	G001	M070	pending_evidence	-	yes	never_in_split_tables	35
porter_80_5f3kA__5f5rB	G001	M071	strict_state_candidate	development	yes	v5_split_member	35
porter_81_4qdsA__2qqjA	G002	M072	fragment_only	-	yes	never_in_split_tables	6
porter_82_5jzhA__5jztG	G041	M073	extension_construct_difference	development	yes	v5_split_member	1
porter_83_4pyiA__4pyjA	G042	M074	extension_condition_or_assembly	development	yes	v5_split_member	1
porter_84_5ineA__3mkoA	G001	M075	pending_evidence	-	yes	never_in_split_tables	35
porter_85_1mbyA__4yypA	G043	M076	pending_evidence	-	yes	never_in_split_tables	1
porter_86_2a73B__3l5nB	G011	M077	extension_construct_difference	development	yes	v5_split_member	2
porter_87_2k0qA__2lelA	G044	M078	strict_state_candidate	development	yes	v5_split_member	1
porter_88_3uyiA__3v0tA	G045	M079	extension_construct_difference	development	yes	v5_split_member	1
porter_89_4a5wB__3t5oA	G046	M080	pending_evidence	-	yes	never_in_split_tables	1
porter_8_3m1bF__3lowA	G011	M081	extension_condition_or_assembly	-	yes	never_in_split_tables	2
porter_90_1rkpA__2h44A	G001	M082	extension_construct_difference	development	yes	v5_split_member	35
porter_91_1ceeB__2k42A	G047	M083	pending_evidence	-	yes	never_in_split_tables	1
porter_92_3o44A__1xezA	G008	M084	extension_construct_difference	development	yes	v5_split_member	2
porter_93_1repC__2z9oB	G048	M085	pending_evidence	-	yes	never_in_split_tables	1
porter_94_3kuyA__5c3iF	G001	M086	extension_construct_difference	development	yes	v5_split_member	35
porter_95_2n0aD__2kkwA	G001	M087	extension_condition_or_assembly	development	yes	v5_split_member	35
porter_96_4m4rA__4w50B	G002	M088	pending_evidence	-	yes	never_in_split_tables	6
porter_9_3j7wB__3j7vG	G001	M089	strict_state_candidate	development+test	yes	v5_split_member	35
