pn_accession	primary_for	strict_pair	tm_sym_max	rmsd	aligned_len
P48452	Q08209	porter_20_5c1vA__5c1vB	0.99257	0.65	317
P48452	Q08209	porter_20_5c1vA__5c1vB	0.94376	1.75	303
P9WIE2	Q9YA14	porter_61_4gqcC__4gqcB	0.9134	1.6	152
P9WIE3	Q9YA14	porter_61_4gqcC__4gqcB	0.91005	1.54	151
P53041	Q08209	porter_20_5c1vA__5c1vB	0.9034	1.48	298
P53041	Q08209	porter_20_5c1vA__5c1vB	0.87077	2.12	289
Q9HWR3	Q9RZA4	porter_62_4o0pA__4o01D	0.86633	2.76	457
P9WIE3	Q9YA14	porter_61_4gqcC__4gqcB	0.85043	1.67	144
P9WIE2	Q9YA14	porter_61_4gqcC__4gqcB	0.85004	1.85	145
Q8P9V9	Q9YA14	porter_61_4gqcC__4gqcB	0.83161	2.22	150
Q9HWR3	Q9RZA4	porter_62_4o0pA__4o01D	0.78225	4.26	457
Q8P9V9	Q9YA14	porter_61_4gqcC__4gqcB	0.7702	2.47	143
O00411	P00573	porter_51_1h38D__1qlnA	0.76588	4.82	773
P13433	P00573	porter_51_1h38D__1qlnA	0.7432	4.76	752
P08238	Q12931	porter_80_5f3kA__5f5rB	0.74246	2.32	170
P07900	Q12931	porter_80_5f3kA__5f5rB	0.74036	2.38	170
P02829	Q12931;Q9RZA4	porter_80_5f3kA__5f5rB	0.73345	2.46	170
P08238	Q12931	porter_80_5f3kA__5f5rB	0.72286	2.35	177
P07900	Q12931	porter_80_5f3kA__5f5rB	0.72144	2.3	177
P02829	Q12931;Q9RZA4	porter_80_5f3kA__5f5rB	0.72018	2.25	177
P13433	P00573	porter_51_1h38D__1qlnA	0.64518	4.59	634
P0AES6	Q9RZA4	porter_80_5f3kA__5f5rB	0.62834	3.53	165
O00411	P00573	porter_51_1h38D__1qlnA	0.62832	4.7	621
P0AES6	Q9RZA4	porter_80_5f3kA__5f5rB	0.59726	3.4	166
P0DP29	P38505	porter_77_2nxqB__1jfkA	0.54284	4.01	113
Q9HWR3	Q9RZA4	porter_77_2nxqB__1jfkA	0.54023	2.33	43
P13433	P00573	porter_77_2nxqB__1jfkA	0.52872	3.09	47
P0AES6	Q9RZA4	porter_77_2nxqB__1jfkA	0.52243	3.43	48
O00411	P00573	porter_77_2nxqB__1jfkA	0.51798	3.25	45
P07024	Q08209	porter_20_5c1vA__5c1vB	0.48622	4.56	203
P0DP29	P38505	porter_77_2nxqB__1jfkA	0.48288	1.72	36
P0DP25	P38505	porter_77_2nxqB__1jfkA	0.48188	2.2	38
Q8NI22	P38505	porter_77_2nxqB__1jfkA	0.4668	2.42	61
P07900	Q12931	porter_77_2nxqB__1jfkA	0.46581	3.36	48
P07024	Q08209	porter_20_5c1vA__5c1vB	0.46308	4.64	199
P07024	Q08209	porter_61_4gqcC__4gqcB	0.45898	4.56	110
P08238	Q12931	porter_77_2nxqB__1jfkA	0.45782	3.62	49
P53041	Q08209	porter_61_4gqcC__4gqcB	0.44943	4.47	115
P08238	Q12931	porter_87_2k0qA__2lelA	0.44867	3.59	55
P0DP25	P38505	porter_77_2nxqB__1jfkA	0.44665	3.95	90
P9WIE3	Q9YA14	porter_20_5c1vA__5c1vB	0.4432	4.31	104
P53041	Q08209	porter_61_4gqcC__4gqcB	0.44263	4.47	113
P02829	Q12931;Q9RZA4	porter_77_2nxqB__1jfkA	0.4416	3.5	47
P0AES6	Q9RZA4	porter_87_2k0qA__2lelA	0.43642	3.65	56
Q9HWR3	Q9RZA4	porter_61_4gqcC__4gqcB	0.4349	3.67	98
O00411	P00573	porter_87_2k0qA__2lelA	0.43423	4.06	65
P48452	Q08209	porter_61_4gqcC__4gqcB	0.42507	4.84	115
Q8P9V9	Q9YA14	porter_62_4o0pA__4o01D	0.42503	3.9	98
Q9HWR3	Q9RZA4	porter_61_4gqcC__4gqcB	0.42396	4.11	99
P9WIE3	Q9YA14	porter_62_4o0pA__4o01D	0.42337	3.94	95
Q8P9V9	Q9YA14	porter_62_4o0pA__4o01D	0.42325	4.09	100
P9WIE2	Q9YA14	porter_62_4o0pA__4o01D	0.42003	4.06	96
O00411	P00573	porter_87_2k0qA__2lelA	0.41938	3.5	52
P07024	Q08209	porter_77_2nxqB__1jfkA	0.41863	2.96	43
P9WIE3	Q9YA14	porter_62_4o0pA__4o01D	0.41856	4.09	96
Q8NI22	P38505	porter_77_2nxqB__1jfkA	0.41744	1.04	30
P9WIE2	Q9YA14	porter_62_4o0pA__4o01D	0.41672	4.01	95
Q8P9V9	Q9YA14	porter_20_5c1vA__5c1vB	0.4139	5.23	119
P9WIE2	Q9YA14	porter_20_5c1vA__5c1vB	0.41336	4.83	108
Q8NI22	P38505	porter_80_5f3kA__5f5rB	0.4133	4.68	84
P48452	Q08209	porter_61_4gqcC__4gqcB	0.41209	5.38	117
P02829	Q12931;Q9RZA4	porter_87_2k0qA__2lelA	0.41129	4.04	57
P08238	Q12931	porter_77_2nxqB__1jfkA	0.41117	5.15	105
P9WIE3	Q9YA14	porter_20_5c1vA__5c1vB	0.40927	4.88	109
P9WIE2	Q9YA14	porter_20_5c1vA__5c1vB	0.4091	4.94	110
P02829	Q12931;Q9RZA4	porter_77_2nxqB__1jfkA	0.40854	5.15	107
Q9HWR3	Q9RZA4	porter_80_5f3kA__5f5rB	0.40812	4.39	120
Q8P9V9	Q9YA14	porter_20_5c1vA__5c1vB	0.40561	4.7	108
P0AES6	Q9RZA4	porter_87_2k0qA__2lelA	0.40002	3.9	54
P0DP29	P38505	porter_51_1h38D__1qlnA	0.39879	4.79	102
P07024	Q08209	porter_61_4gqcC__4gqcB	0.39799	4.53	103
P9WIE2	Q9YA14	porter_9_3j7wB__3j7vG	0.39726	4.97	105
P48452	Q08209	porter_77_2nxqB__1jfkA	0.39724	2.89	37
Q8P9V9	Q9YA14	porter_9_3j7wB__3j7vG	0.39594	5.02	109
P9WIE3	Q9YA14	porter_9_3j7wB__3j7vG	0.39386	4.99	106
Q8P9V9	Q9YA14	porter_87_2k0qA__2lelA	0.39285	4.49	59
Q8P9V9	Q9YA14	porter_9_3j7wB__3j7vG	0.39089	5.27	111
Q8NI22	P38505	porter_51_1h38D__1qlnA	0.39034	4.39	74
P9WIE2	Q9YA14	porter_87_2k0qA__2lelA	0.3895	3.91	56
P48452	Q08209	porter_87_2k0qA__2lelA	0.38897	4.42	58
P0DP29	P38505	porter_51_1h38D__1qlnA	0.38803	6.03	118
O00411	P00573	porter_68_3zwgN__4tsyD	0.388	5.42	126
O00411	P00573	porter_77_2nxqB__1jfkA	0.38775	4.89	93
P53041	Q08209	porter_80_5f3kA__5f5rB	0.38757	5.67	145
P9WIE3	Q9YA14	porter_87_2k0qA__2lelA	0.38734	3.95	56
P53041	Q08209	porter_77_2nxqB__1jfkA	0.38595	5.57	101
P07900	Q12931	porter_87_2k0qA__2lelA	0.3836	4.23	59
Q8NI22	P38505	porter_62_4o0pA__4o01D	0.38343	4.19	67
P9WIE3	Q9YA14	porter_9_3j7wB__3j7vG	0.37852	5.28	107
P08238	Q12931	porter_61_4gqcC__4gqcB	0.3779	4.48	93
P07900	Q12931	porter_61_4gqcC__4gqcB	0.37764	4.34	93
P07900	Q12931	porter_72_4rmbA__4rmbB	0.3774	4.89	91
Q8P9V9	Q9YA14	porter_51_1h38D__1qlnA	0.37682	5.36	110
P0DP25	P38505	porter_51_1h38D__1qlnA	0.37579	5.25	99
P07900	Q12931	porter_61_4gqcC__4gqcB	0.37558	4.3	93
P02829	Q12931;Q9RZA4	porter_61_4gqcC__4gqcB	0.37497	4.52	93
P08238	Q12931	porter_61_4gqcC__4gqcB	0.37371	4.38	93
O00411	P00573	porter_20_5c1vA__5c1vB	0.37293	6.06	188
O00411	P00573	porter_20_5c1vA__5c1vB	0.37142	5.87	183
P9WIE2	Q9YA14	porter_9_3j7wB__3j7vG	0.37139	5.43	108
P13433	P00573	porter_72_4rmbA__4rmbB	0.37112	5.04	101
P53041	Q08209	porter_77_2nxqB__1jfkA	0.36743	2.86	38
P0AES6	Q9RZA4	porter_77_2nxqB__1jfkA	0.36699	5.07	93
P0DP25	P38505	porter_51_1h38D__1qlnA	0.36667	5.46	101
P53041	Q08209	porter_68_3zwgN__4tsyD	0.36624	6.06	129
Q8NI22	P38505	porter_51_1h38D__1qlnA	0.36495	4.53	71
P9WIE3	Q9YA14	porter_51_1h38D__1qlnA	0.36486	5.31	103
P13433	P00573	porter_61_4gqcC__4gqcB	0.36344	5.4	103
P0DP29	P38505	porter_62_4o0pA__4o01D	0.36301	5.23	96
P9WIE2	Q9YA14	porter_51_1h38D__1qlnA	0.36117	5.75	110
P02829	Q12931;Q9RZA4	porter_72_4rmbA__4rmbB	0.3586	5.05	93
P13433	P00573	porter_77_2nxqB__1jfkA	0.35823	5.33	92
P9WIE2	Q9YA14	porter_51_1h38D__1qlnA	0.35789	5.66	104
Q9HWR3	Q9RZA4	porter_87_2k0qA__2lelA	0.35597	4.41	55
P48452	Q08209	porter_77_2nxqB__1jfkA	0.3559	5.4	91
Q8NI22	P38505	porter_68_3zwgN__4tsyD	0.35446	4.86	69
O00411	P00573	porter_61_4gqcC__4gqcB	0.35434	5.85	111
P0DP29	P38505	porter_62_4o0pA__4o01D	0.3541	5.26	97
P0DP25	P38505	porter_9_3j7wB__3j7vG	0.35372	5.04	90
P13433	P00573	porter_87_2k0qA__2lelA	0.35329	4.03	50
P9WIE3	Q9YA14	porter_51_1h38D__1qlnA	0.35288	5.68	103
P13433	P00573	porter_87_2k0qA__2lelA	0.35233	4.21	52
Q8P9V9	Q9YA14	porter_51_1h38D__1qlnA	0.35146	5.54	105
P07024	Q08209	porter_87_2k0qA__2lelA	0.35026	4.32	56
Q8NI22	P38505	porter_62_4o0pA__4o01D	0.34955	4.32	65
P07900	Q12931	porter_72_4rmbA__4rmbB	0.34882	5.27	91
Q8NI22	P38505	porter_80_5f3kA__5f5rB	0.3477	4.79	71
P9WIE2	Q9YA14	porter_87_2k0qA__2lelA	0.34637	4.81	57
P53041	Q08209	porter_87_2k0qA__2lelA	0.3457	4.57	53
P0DP25	P38505	porter_62_4o0pA__4o01D	0.34526	5.42	93
Q9HWR3	Q9RZA4	porter_87_2k0qA__2lelA	0.34456	4.09	53
P0AES6	Q9RZA4	porter_61_4gqcC__4gqcB	0.34442	5.44	98
P48452	Q08209	porter_80_5f3kA__5f5rB	0.34411	5.53	129
P08238	Q12931	porter_87_2k0qA__2lelA	0.34321	4.1	51
Q8NI22	P38505	porter_9_3j7wB__3j7vG	0.34303	4.63	65
Q8NI22	P38505	porter_20_5c1vA__5c1vB	0.34298	4.95	67
Q8NI22	P38505	porter_61_4gqcC__4gqcB	0.34248	3.48	52
P48452	Q08209	porter_68_3zwgN__4tsyD	0.34204	6.23	125
P02829	Q12931;Q9RZA4	porter_87_2k0qA__2lelA	0.34093	4.09	52
P13433	P00573	porter_20_5c1vA__5c1vB	0.34092	7.11	192
P08238	Q12931	porter_72_4rmbA__4rmbB	0.33991	5.58	97
P07024	Q08209	porter_87_2k0qA__2lelA	0.33869	4.4	54
O00411	P00573	porter_80_5f3kA__5f5rB	0.33837	4.72	111
P9WIE2	Q9YA14	porter_68_3zwgN__4tsyD	0.33684	5.13	89
P53041	Q08209	porter_72_4rmbA__4rmbB	0.33645	5.45	93
Q9HWR3	Q9RZA4	porter_77_2nxqB__1jfkA	0.33622	5.58	89
P07024	Q08209	porter_80_5f3kA__5f5rB	0.33475	5.82	121
P13433	P00573	porter_61_4gqcC__4gqcB	0.33371	5.88	106
P02829	Q12931;Q9RZA4	porter_20_5c1vA__5c1vB	0.33341	6.49	177
O00411	P00573	porter_61_4gqcC__4gqcB	0.33262	6.41	113
P07900	Q12931	porter_68_3zwgN__4tsyD	0.33224	5.45	99
P9WIE3	Q9YA14	porter_87_2k0qA__2lelA	0.33221	4.66	53
P07024	Q08209	porter_68_3zwgN__4tsyD	0.33185	6.36	117
Q8NI22	P38505	porter_9_3j7wB__3j7vG	0.33161	4.64	64
P13433	P00573	porter_72_4rmbA__4rmbB	0.33158	4.89	78
P9WIE3	Q9YA14	porter_68_3zwgN__4tsyD	0.33087	5.32	90
Q8P9V9	Q9YA14	porter_87_2k0qA__2lelA	0.33061	3.92	46
P07900	Q12931	porter_87_2k0qA__2lelA	0.33006	4.4	56
P0AES6	Q9RZA4	porter_72_4rmbA__4rmbB	0.32994	5.51	84
P07900	Q12931	porter_77_2nxqB__1jfkA	0.32878	5.58	87
Q8NI22	P38505	porter_68_3zwgN__4tsyD	0.32857	4.82	66
P13433	P00573	porter_20_5c1vA__5c1vB	0.32811	7.24	190
P07024	Q08209	porter_77_2nxqB__1jfkA	0.32801	5.1	78
P0DP25	P38505	porter_62_4o0pA__4o01D	0.32689	5.39	86
P9WIE3	Q9YA14	porter_80_5f3kA__5f5rB	0.32606	5.18	90
P0AES6	Q9RZA4	porter_68_3zwgN__4tsyD	0.32583	5.27	97
P07024	Q08209	porter_68_3zwgN__4tsyD	0.32579	5.76	108
P13433	P00573	porter_68_3zwgN__4tsyD	0.32531	5.02	97
P08238	Q12931	porter_68_3zwgN__4tsyD	0.32379	4.85	89
P9WIE2	Q9YA14	porter_80_5f3kA__5f5rB	0.32324	5.22	88
P53041	Q08209	porter_68_3zwgN__4tsyD	0.32278	6.13	116
O00411	P00573	porter_72_4rmbA__4rmbB	0.32272	5.43	92
P9WIE2	Q9YA14	porter_80_5f3kA__5f5rB	0.32188	5.2	89
P07900	Q12931	porter_20_5c1vA__5c1vB	0.32172	6.37	168
O00411	P00573	porter_68_3zwgN__4tsyD	0.32137	5.48	102
Q9HWR3	Q9RZA4	porter_68_3zwgN__4tsyD	0.32108	5.2	98
P07900	Q12931	porter_62_4o0pA__4o01D	0.31946	7.29	253
P48452	Q08209	porter_51_1h38D__1qlnA	0.31932	7.12	198
P0AES6	Q9RZA4	porter_72_4rmbA__4rmbB	0.31868	5.3	91
P0DP29	P38505	porter_20_5c1vA__5c1vB	0.31862	5.5	91
P08238	Q12931	porter_62_4o0pA__4o01D	0.31841	7.51	256
P0DP25	P38505	porter_87_2k0qA__2lelA	0.31825	4.56	49
P0DP25	P38505	porter_20_5c1vA__5c1vB	0.31816	5.77	92
Q9HWR3	Q9RZA4	porter_9_3j7wB__3j7vG	0.31743	6.44	168
P0DP25	P38505	porter_20_5c1vA__5c1vB	0.31741	5.05	77
Q8P9V9	Q9YA14	porter_68_3zwgN__4tsyD	0.31728	5.02	87
Q8NI22	P38505	porter_61_4gqcC__4gqcB	0.31708	5.39	72
P02829	Q12931;Q9RZA4	porter_68_3zwgN__4tsyD	0.31703	5.2	98
Q8P9V9	Q9YA14	porter_80_5f3kA__5f5rB	0.31695	5.09	90
P02829	Q12931;Q9RZA4	porter_62_4o0pA__4o01D	0.31692	7.18	248
Q8NI22	P38505	porter_20_5c1vA__5c1vB	0.31691	5.08	62
P48452	Q08209	porter_72_4rmbA__4rmbB	0.31654	5.66	91
O00411	P00573	porter_72_4rmbA__4rmbB	0.31621	5.86	92
P07900	Q12931	porter_20_5c1vA__5c1vB	0.31576	6.4	168
Q8P9V9	Q9YA14	porter_77_2nxqB__1jfkA	0.31545	3.69	34
P0AES6	Q9RZA4	porter_20_5c1vA__5c1vB	0.31512	6.51	169
P08238	Q12931	porter_68_3zwgN__4tsyD	0.31503	5.25	97
P13433	P00573	porter_68_3zwgN__4tsyD	0.31492	5.72	102
P0DP29	P38505	porter_20_5c1vA__5c1vB	0.31442	5.4	88
P08238	Q12931	porter_72_4rmbA__4rmbB	0.31438	5.15	81
P02829	Q12931;Q9RZA4	porter_72_4rmbA__4rmbB	0.31434	5.46	90
O00411	P00573	porter_62_4o0pA__4o01D	0.31415	7.48	255
Q8NI22	P38505	porter_87_2k0qA__2lelA	0.3138	4.19	44
P07900	Q12931	porter_62_4o0pA__4o01D	0.3132	6.84	237
P48452	Q08209	porter_72_4rmbA__4rmbB	0.31241	6.29	101
P07024	Q08209	porter_80_5f3kA__5f5rB	0.31161	5.45	115
Q9HWR3	Q9RZA4	porter_68_3zwgN__4tsyD	0.31148	5.27	91
P02829	Q12931;Q9RZA4	porter_61_4gqcC__4gqcB	0.31119	5.73	97
P08238	Q12931	porter_62_4o0pA__4o01D	0.31096	7.0	236
O00411	P00573	porter_62_4o0pA__4o01D	0.31069	7.91	264
P07024	Q08209	porter_72_4rmbA__4rmbB	0.30968	5.3	86
P0AES6	Q9RZA4	porter_68_3zwgN__4tsyD	0.3089	5.21	92
P0DP29	P38505	porter_9_3j7wB__3j7vG	0.30832	5.7	89
P08238	Q12931	porter_20_5c1vA__5c1vB	0.30824	6.87	171
P9WIE3	Q9YA14	porter_68_3zwgN__4tsyD	0.30774	5.38	90
P0DP25	P38505	porter_80_5f3kA__5f5rB	0.30748	5.45	87
O00411	P00573	porter_80_5f3kA__5f5rB	0.30682	6.09	116
P53041	Q08209	porter_51_1h38D__1qlnA	0.30597	8.05	261
Q9HWR3	Q9RZA4	porter_9_3j7wB__3j7vG	0.30529	6.55	173
P02829	Q12931;Q9RZA4	porter_62_4o0pA__4o01D	0.30525	7.05	236
P9WIE3	Q9YA14	porter_77_2nxqB__1jfkA	0.30339	3.04	30
P9WIE2	Q9YA14	porter_68_3zwgN__4tsyD	0.30333	5.28	85
P0AES6	Q9RZA4	porter_20_5c1vA__5c1vB	0.30224	6.51	162
P13433	P00573	porter_80_5f3kA__5f5rB	0.30173	5.12	97
P07024	Q08209	porter_72_4rmbA__4rmbB	0.30159	5.51	82
P53041	Q08209	porter_87_2k0qA__2lelA	0.30132	4.47	48
P9WIE3	Q9YA14	porter_72_4rmbA__4rmbB	0.30121	5.34	76
P9WIE2	Q9YA14	porter_72_4rmbA__4rmbB	0.30101	5.34	76
P07024	Q08209	porter_51_1h38D__1qlnA	0.30004	7.95	269
Q8P9V9	Q9YA14	porter_68_3zwgN__4tsyD	0.29993	5.23	86
P02829	Q12931;Q9RZA4	porter_68_3zwgN__4tsyD	0.29853	5.76	96
P13433	P00573	porter_80_5f3kA__5f5rB	0.29738	5.63	116
P0DP25	P38505	porter_80_5f3kA__5f5rB	0.29687	5.59	83
P53041	Q08209	porter_72_4rmbA__4rmbB	0.29655	6.16	95
P13433	P00573	porter_9_3j7wB__3j7vG	0.29581	6.37	151
Q8P9V9	Q9YA14	porter_72_4rmbA__4rmbB	0.29407	5.42	77
P53041	Q08209	porter_51_1h38D__1qlnA	0.29361	7.71	240
P48452	Q08209	porter_87_2k0qA__2lelA	0.29317	5.19	54
P07900	Q12931	porter_68_3zwgN__4tsyD	0.29232	5.78	99
P13433	P00573	porter_62_4o0pA__4o01D	0.29216	7.7	240
Q9HWR3	Q9RZA4	porter_80_5f3kA__5f5rB	0.2919	6.19	118
P02829	Q12931;Q9RZA4	porter_20_5c1vA__5c1vB	0.29155	6.69	153
P48452	Q08209	porter_80_5f3kA__5f5rB	0.2913	5.8	109
Q8NI22	P38505	porter_72_4rmbA__4rmbB	0.29121	4.72	57
P9WIE2	Q9YA14	porter_72_4rmbA__4rmbB	0.2904	5.56	81
P9WIE3	Q9YA14	porter_72_4rmbA__4rmbB	0.29034	5.88	84
P0DP29	P38505	porter_87_2k0qA__2lelA	0.28927	4.41	44
P9WIE2	Q9YA14	porter_77_2nxqB__1jfkA	0.28892	3.55	30
P08238	Q12931	porter_20_5c1vA__5c1vB	0.28892	6.52	155
P0DP25	P38505	porter_87_2k0qA__2lelA	0.28838	4.5	45
Q8P9V9	Q9YA14	porter_72_4rmbA__4rmbB	0.28751	5.44	81
Q9HWR3	Q9RZA4	porter_72_4rmbA__4rmbB	0.2863	4.76	64
P9WIE3	Q9YA14	porter_80_5f3kA__5f5rB	0.28581	5.23	82
P0AES6	Q9RZA4	porter_61_4gqcC__4gqcB	0.28432	5.68	90
P07024	Q08209	porter_62_4o0pA__4o01D	0.28362	7.4	231
P13433	P00573	porter_62_4o0pA__4o01D	0.28318	7.48	231
Q9HWR3	Q9RZA4	porter_72_4rmbA__4rmbB	0.28219	5.95	89
P02829	Q12931;Q9RZA4	porter_51_1h38D__1qlnA	0.2805	6.75	254
P53041	Q08209	porter_80_5f3kA__5f5rB	0.28001	6.22	107
P53041	Q08209	porter_9_3j7wB__3j7vG	0.27948	6.77	154
P0DP29	P38505	porter_80_5f3kA__5f5rB	0.27936	4.68	73
Q9HWR3	Q9RZA4	porter_20_5c1vA__5c1vB	0.27869	6.93	159
P07024	Q08209	porter_62_4o0pA__4o01D	0.27845	7.27	220
P48452	Q08209	porter_51_1h38D__1qlnA	0.27767	7.72	184
P9WIE2	Q9YA14	porter_77_2nxqB__1jfkA	0.27763	4.67	63
Q9HWR3	Q9RZA4	porter_20_5c1vA__5c1vB	0.27664	7.01	161
Q8NI22	P38505	porter_72_4rmbA__4rmbB	0.27642	4.71	53
P9WIE3	Q9YA14	porter_77_2nxqB__1jfkA	0.27605	4.72	62
P48452	Q08209	porter_68_3zwgN__4tsyD	0.27602	6.02	96
P08238	Q12931	porter_51_1h38D__1qlnA	0.27559	7.2	265
P07900	Q12931	porter_51_1h38D__1qlnA	0.27533	7.47	273
P0DP29	P38505	porter_87_2k0qA__2lelA	0.27477	4.43	44
O00411	P00573	porter_9_3j7wB__3j7vG	0.27183	7.52	176
P0DP29	P38505	porter_61_4gqcC__4gqcB	0.27133	5.05	72
P07024	Q08209	porter_9_3j7wB__3j7vG	0.26758	7.06	155
O00411	P00573	porter_9_3j7wB__3j7vG	0.26713	6.84	150
P0DP25	P38505	porter_9_3j7wB__3j7vG	0.26672	5.6	74
P0DP29	P38505	porter_72_4rmbA__4rmbB	0.26581	5.72	79
P0DP29	P38505	porter_9_3j7wB__3j7vG	0.26222	5.47	77
P48452	Q08209	porter_62_4o0pA__4o01D	0.26162	7.0	158
P13433	P00573	porter_9_3j7wB__3j7vG	0.26136	6.89	156
Q8P9V9	Q9YA14	porter_80_5f3kA__5f5rB	0.25927	6.1	85
P07024	Q08209	porter_9_3j7wB__3j7vG	0.25838	6.36	140
Q8P9V9	Q9YA14	porter_77_2nxqB__1jfkA	0.25835	5.25	70
P48452	Q08209	porter_9_3j7wB__3j7vG	0.25816	6.15	132
P07900	Q12931	porter_51_1h38D__1qlnA	0.25751	8.12	273
P0DP25	P38505	porter_61_4gqcC__4gqcB	0.25476	5.14	63
Q8NI22	P38505	porter_87_2k0qA__2lelA	0.25421	5.06	46
P48452	Q08209	porter_62_4o0pA__4o01D	0.25396	6.97	157
P0DP29	P38505	porter_72_4rmbA__4rmbB	0.25136	5.32	70
P0DP29	P38505	porter_68_3zwgN__4tsyD	0.25125	5.34	68
P48452	Q08209	porter_9_3j7wB__3j7vG	0.2509	6.02	132
P08238	Q12931	porter_51_1h38D__1qlnA	0.24983	8.14	261
P0DP29	P38505	porter_61_4gqcC__4gqcB	0.24786	4.78	61
P07900	Q12931	porter_9_3j7wB__3j7vG	0.24783	6.77	139
P02829	Q12931;Q9RZA4	porter_51_1h38D__1qlnA	0.24749	8.14	250
P0DP25	P38505	porter_68_3zwgN__4tsyD	0.24549	4.83	64
P53041	Q08209	porter_62_4o0pA__4o01D	0.24516	7.65	195
P07024	Q08209	porter_51_1h38D__1qlnA	0.24485	8.02	224
P0DP29	P38505	porter_68_3zwgN__4tsyD	0.23991	4.79	63
P08238	Q12931	porter_9_3j7wB__3j7vG	0.23937	6.69	132
P0DP25	P38505	porter_61_4gqcC__4gqcB	0.23922	5.16	57
P0AES6	Q9RZA4	porter_62_4o0pA__4o01D	0.23819	7.77	198
P53041	Q08209	porter_9_3j7wB__3j7vG	0.2381	6.51	132
P0DP25	P38505	porter_72_4rmbA__4rmbB	0.23774	5.27	62
P0AES6	Q9RZA4	porter_9_3j7wB__3j7vG	0.23774	6.08	122
P0DP25	P38505	porter_68_3zwgN__4tsyD	0.23358	5.24	59
P53041	Q08209	porter_62_4o0pA__4o01D	0.23293	7.72	194
P02829	Q12931;Q9RZA4	porter_9_3j7wB__3j7vG	0.23161	6.78	129
P08238	Q12931	porter_9_3j7wB__3j7vG	0.23069	6.44	132
P02829	Q12931;Q9RZA4	porter_9_3j7wB__3j7vG	0.22703	7.01	141
P0AES6	Q9RZA4	porter_9_3j7wB__3j7vG	0.22693	6.73	134
P0DP29	P38505	porter_80_5f3kA__5f5rB	0.22613	5.15	59
P0AES6	Q9RZA4	porter_62_4o0pA__4o01D	0.22558	7.2	176
P07900	Q12931	porter_9_3j7wB__3j7vG	0.22455	6.66	129
P0DP25	P38505	porter_72_4rmbA__4rmbB	0.22335	5.54	61
Q9HWR3	Q9RZA4	porter_51_1h38D__1qlnA	0.21069	7.98	240
Q9HWR3	Q9RZA4	porter_51_1h38D__1qlnA	0.19186	8.02	220
P0AES6	Q9RZA4	porter_51_1h38D__1qlnA	0.17753	8.4	221
P0AES6	Q9RZA4	porter_51_1h38D__1qlnA	0.17346	8.18	211
