pair_id	seq_identity_verdict	same_observed_sequence	construct_difference_detail	isoform_status	dual_state_tier	endpoint_levels	endpoint_kw	old_audit_dependency	evidence_source	l1_confound_items	conclusion_limit	candidate_status
porter_9_3j7wB__3j7vG	same_protein_confirmed	no	B:obs317aa/canon345aa,canon侧翼N22/C2,内部缺段1块/0aa | A:obs343aa/canon345aa,canon侧翼N1/C1	canonical_strictly_better	historical_fulltext_old_audit	(round2):primary_paper_curated	-	full_round2_import_not_reverified	P1.02_round2_import	观测序列/覆盖不同：构建体差异须作 L1 混杂协变量；状态间差异解释受限; isoform 竞争登记（归属沿用 SIFTS）	结论须限定于'同蛋白双态、构建体差异已解释但未被实验平衡'	evidence_tiered_candidate
porter_20_5c1vA__5c1vB	same_protein_confirmed	no	A:obs317aa/canon521aa,canon侧翼N23/C181 | B:obs311aa/canon521aa,canon侧翼N22/C181,内部缺段1块/0aa	isoform_tie_sifts_attribution	fulltext_both	5c1v_A:fulltext_self_verified;5c1v_B:fulltext_self_verified	5c1v_A:kw_present;5c1v_B:kw_present	none_self_verified	P1.14_self_review	观测序列/覆盖不同：构建体差异须作 L1 混杂协变量；状态间差异解释受限; isoform 竞争登记（归属沿用 SIFTS）	结论须限定于'同蛋白双态、构建体差异已解释但未被实验平衡'	evidence_tiered_candidate
porter_51_1h38D__1qlnA	same_protein_confirmed	no	A:obs857aa/canon883aa,canon侧翼N1/C0,内部缺段2块/0aa | B:obs862aa/canon883aa,canon侧翼N5/C0,内部缺段1块/0aa	no_isoform_note	abstract_both	1h38_D:abstract_self_verified;1qln_A:abstract_self_verified	1h38_D:kw_present;1qln_A:kw_absent	partial_state_semantics_on_old_pointers	P1.14_self_review	观测序列/覆盖不同：构建体差异须作 L1 混杂协变量；状态间差异解释受限	结论须限定于'同蛋白双态、构建体差异已解释但未被实验平衡'	evidence_tiered_candidate
porter_61_4gqcC__4gqcB	same_protein_confirmed	no	B:obs160aa/canon161aa,canon侧翼N0/C1,错配1列 | A:obs161aa/canon161aa,canon侧翼N0/C1,错配1列,cov0.9938	no_isoform_note	abstract_both	4gqc_B:abstract_self_verified;4gqc_C:abstract_self_verified	4gqc_B:kw_present;4gqc_C:kw_present	partial_state_semantics_on_old_pointers	P1.14_self_review	观测序列/覆盖不同：构建体差异须作 L1 混杂协变量；状态间差异解释受限	结论须限定于'同蛋白双态、构建体差异已解释但未被实验平衡'	evidence_tiered_candidate
porter_62_4o0pA__4o01D	same_protein_confirmed	no	B:obs482aa/canon755aa,canon侧翼N5/C253,内部缺段3块/0aa,cov0.9917 | A:obs485aa/canon755aa,canon侧翼N3/C253,内部缺段5块/0aa,cov0.9918	no_isoform_note	fulltext_both	4o01_D:fulltext_self_verified;4o0p_A:fulltext_self_verified_no_pdb_mention	4o01_D:kw_present;4o0p_A:kw_present	none_self_verified	P1.14_self_review	观测序列/覆盖不同：构建体差异须作 L1 混杂协变量；状态间差异解释受限	结论须限定于'同蛋白双态、构建体差异已解释但未被实验平衡'	evidence_tiered_candidate
porter_68_3zwgN__4tsyD	same_protein_confirmed	no	A:obs178aa/canon179aa,canon侧翼N1/C0 | B:obs176aa/canon179aa,canon侧翼N3/C0	no_isoform_note	fulltext_one_abstract_one	3zwg_N:abstract_self_verified;4tsy_D:fulltext_self_verified	3zwg_N:kw_absent;4tsy_D:kw_present	partial_one_endpoint_abstract	P1.14_self_review	观测序列/覆盖不同：构建体差异须作 L1 混杂协变量；状态间差异解释受限	结论须限定于'同蛋白双态、构建体差异已解释但未被实验平衡'	evidence_tiered_candidate
porter_72_4rmbA__4rmbB	same_protein_confirmed	no	A:obs141aa/canon1310aa,canon侧翼N493/C668,内部缺段2块/0aa | B:obs155aa/canon1310aa,canon侧翼N492/C668,内部缺段1块/0aa,cov0.9484	no_isoform_note	abstract_both	4rmb_A:abstract_self_verified;4rmb_B:abstract_self_verified	4rmb_A:kw_absent;4rmb_B:kw_absent	partial_state_semantics_on_old_pointers	P1.14_self_review	观测序列/覆盖不同：构建体差异须作 L1 混杂协变量；状态间差异解释受限	结论须限定于'同蛋白双态、构建体差异已解释但未被实验平衡'	evidence_tiered_candidate
porter_77_2nxqB__1jfkA	same_protein_confirmed	no	B:obs134aa/canon134aa | A:obs64aa/canon134aa,canon侧翼N1/C69	no_isoform_note	abstract_both	1jfk_A:abstract_self_verified;2nxq_B:abstract_self_verified	1jfk_A:kw_absent;2nxq_B:kw_present	partial_state_semantics_on_old_pointers	P1.14_self_review	观测序列/覆盖不同：构建体差异须作 L1 混杂协变量；状态间差异解释受限	结论须限定于'同蛋白双态、构建体差异已解释但未被实验平衡'	evidence_tiered_candidate
porter_80_5f3kA__5f5rB	same_protein_confirmed	no	A:obs205aa/canon704aa,canon侧翼N81/C410,内部缺段1块/0aa | B:obs222aa/canon704aa,canon侧翼N69/C410,内部缺段1块/0aa	isoform_tie_sifts_attribution	historical_fulltext_old_audit	(round2):primary_paper_curated	-	full_round2_import_not_reverified	P1.02_round2_import	观测序列/覆盖不同：构建体差异须作 L1 混杂协变量；状态间差异解释受限; isoform 竞争登记（归属沿用 SIFTS）	结论须限定于'同蛋白双态、构建体差异已解释但未被实验平衡'	evidence_tiered_candidate
porter_87_2k0qA__2lelA	same_protein_confirmed	yes	A:obs74aa/canon94aa,canon侧翼N20/C0 | B:obs74aa/canon94aa,canon侧翼N20/C0	no_isoform_note	abstract_both	2k0q_A:abstract_self_verified;2lel_A:abstract_self_verified	2k0q_A:kw_present;2lel_A:kw_present	partial_state_semantics_on_old_pointers	P1.14_self_review	同序列双态：状态差异不可归因序列差异（全 10 对中唯一）	无序列混杂（唯一同序列双态对）	evidence_tiered_candidate
