layer	C	metric	cv_mean	cv_std	n_proteins
1	0.01	residue_auprc_per_protein	0.865664	0.103844	4
1	0.1	residue_auprc_per_protein	0.840054	0.12953	4
1	1	residue_auprc_per_protein	0.82672	0.140962	4
1	10	residue_auprc_per_protein	0.817214	0.150102	4
2	0.01	residue_auprc_per_protein	0.525494	0.099799	4
2	0.1	residue_auprc_per_protein	0.500532	0.103798	4
2	1	residue_auprc_per_protein	0.45896	0.116512	4
2	10	residue_auprc_per_protein	0.422142	0.149514	4
3	0.01	residue_auprc_per_protein	0.904098	0.049322	4
3	0.1	residue_auprc_per_protein	0.895707	0.034802	4
3	1	residue_auprc_per_protein	0.865748	0.036828	4
3	10	residue_auprc_per_protein	0.83455	0.04715	4
