layer	C	metric	cv_mean	cv_std	per_fold
1	0.01	residue_auprc	0.096833	0.060202	"{""1"": {""4gqcB"": 0.182273, ""4gqcC"": 0.181332, ""4o01D"": 0.054634, ""4o0pA"": 0.053338}, ""2"": {""5c1vA"": 0.061208, ""5c1vB"": 0.048215}}"
1	0.1	residue_auprc	0.098382	0.066937	"{""1"": {""4gqcB"": 0.193032, ""4gqcC"": 0.191836, ""4o01D"": 0.044729, ""4o0pA"": 0.042545}, ""2"": {""5c1vA"": 0.066306, ""5c1vB"": 0.051843}}"
1	1	residue_auprc	0.098861	0.067904	"{""1"": {""4gqcB"": 0.19424, ""4gqcC"": 0.193238, ""4o01D"": 0.041224, ""4o0pA"": 0.038729}, ""2"": {""5c1vA"": 0.07101, ""5c1vB"": 0.054726}}"
1	10	residue_auprc	0.09825	0.068124	"{""1"": {""4gqcB"": 0.193743, ""4gqcC"": 0.19188, ""4o01D"": 0.037974, ""4o0pA"": 0.034732}, ""2"": {""5c1vA"": 0.074463, ""5c1vB"": 0.056706}}"
2	0.01	residue_auprc	0.059606	0.03369	"{""1"": {""4gqcB"": 0.098841, ""4gqcC"": 0.097908, ""4o01D"": 0.019321, ""4o0pA"": 0.01531}, ""2"": {""5c1vA"": 0.072976, ""5c1vB"": 0.053277}}"
2	0.1	residue_auprc	0.060674	0.034441	"{""1"": {""4gqcB"": 0.100642, ""4gqcC"": 0.099587, ""4o01D"": 0.019163, ""4o0pA"": 0.015224}, ""2"": {""5c1vA"": 0.074305, ""5c1vB"": 0.055123}}"
2	1	residue_auprc	0.061955	0.034774	"{""1"": {""4gqcB"": 0.101143, ""4gqcC"": 0.100249, ""4o01D"": 0.019251, ""4o0pA"": 0.015378}, ""2"": {""5c1vA"": 0.077619, ""5c1vB"": 0.058091}}"
2	10	residue_auprc	0.062791	0.035197	"{""1"": {""4gqcB"": 0.101905, ""4gqcC"": 0.100801, ""4o01D"": 0.019151, ""4o0pA"": 0.015237}, ""2"": {""5c1vA"": 0.079665, ""5c1vB"": 0.059987}}"
3	0.01	residue_auprc	0.10516	0.067592	"{""1"": {""4gqcB"": 0.198338, ""4gqcC"": 0.198511, ""4o01D"": 0.044227, ""4o0pA"": 0.036962}, ""2"": {""5c1vA"": 0.078012, ""5c1vB"": 0.07491}}"
3	0.1	residue_auprc	0.093248	0.053588	"{""1"": {""4gqcB"": 0.166359, ""4gqcC"": 0.165934, ""4o01D"": 0.043248, ""4o0pA"": 0.035545}, ""2"": {""5c1vA"": 0.079011, ""5c1vB"": 0.069392}}"
3	1	residue_auprc	0.090383	0.050224	"{""1"": {""4gqcB"": 0.158619, ""4gqcC"": 0.157282, ""4o01D"": 0.041807, ""4o0pA"": 0.034709}, ""2"": {""5c1vA"": 0.08074, ""5c1vB"": 0.069144}}"
3	10	residue_auprc	0.089625	0.048173	"{""1"": {""4gqcB"": 0.154757, ""4gqcC"": 0.152284, ""4o01D"": 0.041516, ""4o0pA"": 0.033603}, ""2"": {""5c1vA"": 0.081139, ""5c1vB"": 0.07445}}"
