pair_id	layer	cosine
porter_9_3j7wB__3j7vG	1	0.999258
porter_9_3j7wB__3j7vG	2	0.999669
porter_9_3j7wB__3j7vG	3	0.999649
porter_9_3j7wB__3j7vG	4	0.999241
porter_9_3j7wB__3j7vG	5	0.998622
porter_9_3j7wB__3j7vG	6	0.998127
porter_20_5c1vA__5c1vB	1	0.999861
porter_20_5c1vA__5c1vB	2	0.999474
porter_20_5c1vA__5c1vB	3	0.999737
porter_20_5c1vA__5c1vB	4	0.999724
porter_20_5c1vA__5c1vB	5	0.999685
porter_20_5c1vA__5c1vB	6	0.984737
porter_51_1h38D__1qlnA	1	0.999856
porter_51_1h38D__1qlnA	2	0.999942
porter_51_1h38D__1qlnA	3	0.999961
porter_51_1h38D__1qlnA	4	0.99993
porter_51_1h38D__1qlnA	5	0.999829
porter_51_1h38D__1qlnA	6	0.999622
porter_61_4gqcC__4gqcB	1	0.99992
porter_61_4gqcC__4gqcB	2	0.999987
porter_61_4gqcC__4gqcB	3	0.999994
porter_61_4gqcC__4gqcB	4	0.999991
porter_61_4gqcC__4gqcB	5	0.999967
porter_61_4gqcC__4gqcB	6	0.999861
porter_62_4o0pA__4o01D	1	0.99983
porter_62_4o0pA__4o01D	2	0.999926
porter_62_4o0pA__4o01D	3	0.999945
porter_62_4o0pA__4o01D	4	0.999908
porter_62_4o0pA__4o01D	5	0.999859
porter_62_4o0pA__4o01D	6	0.999497
porter_68_3zwgN__4tsyD	1	0.999876
porter_68_3zwgN__4tsyD	2	0.999941
porter_68_3zwgN__4tsyD	3	0.99995
porter_68_3zwgN__4tsyD	4	0.999928
porter_68_3zwgN__4tsyD	5	0.999937
porter_68_3zwgN__4tsyD	6	0.999907
porter_72_4rmbA__4rmbB	1	0.995451
porter_72_4rmbA__4rmbB	2	0.99355
porter_72_4rmbA__4rmbB	3	0.997379
porter_72_4rmbA__4rmbB	4	0.996511
porter_72_4rmbA__4rmbB	5	0.997817
porter_72_4rmbA__4rmbB	6	0.997509
porter_77_2nxqB__1jfkA	1	0.992642
porter_77_2nxqB__1jfkA	2	0.995725
porter_77_2nxqB__1jfkA	3	0.99747
porter_77_2nxqB__1jfkA	4	0.996747
porter_77_2nxqB__1jfkA	5	0.995735
porter_77_2nxqB__1jfkA	6	0.994997
porter_80_5f3kA__5f5rB	1	0.999347
porter_80_5f3kA__5f5rB	2	0.999186
porter_80_5f3kA__5f5rB	3	0.999264
porter_80_5f3kA__5f5rB	4	0.998803
porter_80_5f3kA__5f5rB	5	0.99819
porter_80_5f3kA__5f5rB	6	0.994473
porter_87_2k0qA__2lelA	1	1.0
porter_87_2k0qA__2lelA	2	1.0
porter_87_2k0qA__2lelA	3	1.0
porter_87_2k0qA__2lelA	4	1.0
porter_87_2k0qA__2lelA	5	1.0
porter_87_2k0qA__2lelA	6	1.0
