layer	C	metric	cv_mean	cv_std	folds
1	0.01	macro_f1	0.40167	0.075282	[0.456522, 0.27957, 0.4, 0.470588]
1	0.1	macro_f1	0.400795	0.075405	[0.479167, 0.27957, 0.4, 0.444444]
1	1	macro_f1	0.400795	0.075405	[0.479167, 0.27957, 0.4, 0.444444]
1	10	macro_f1	0.400795	0.075405	[0.479167, 0.27957, 0.4, 0.444444]
2	0.01	macro_f1	0.401049	0.067717	[0.468085, 0.291667, 0.4, 0.444444]
2	0.1	macro_f1	0.413195	0.071918	[0.479167, 0.291667, 0.4375, 0.444444]
2	1	macro_f1	0.413195	0.071918	[0.479167, 0.291667, 0.4375, 0.444444]
2	10	macro_f1	0.393105	0.073528	[0.479167, 0.291667, 0.357143, 0.444444]
3	0.01	macro_f1	0.421467	0.076023	[0.479167, 0.291667, 0.470588, 0.444444]
3	0.1	macro_f1	0.421467	0.076023	[0.479167, 0.291667, 0.470588, 0.444444]
3	1	macro_f1	0.421467	0.076023	[0.479167, 0.291667, 0.470588, 0.444444]
3	10	macro_f1	0.42124	0.075852	[0.478261, 0.291667, 0.470588, 0.444444]
4	0.01	macro_f1	0.413195	0.071918	[0.479167, 0.291667, 0.4375, 0.444444]
4	0.1	macro_f1	0.413195	0.071918	[0.479167, 0.291667, 0.4375, 0.444444]
4	1	macro_f1	0.413195	0.071918	[0.479167, 0.291667, 0.4375, 0.444444]
4	10	macro_f1	0.413195	0.071918	[0.479167, 0.291667, 0.4375, 0.444444]
5	0.01	macro_f1	0.413195	0.071918	[0.479167, 0.291667, 0.4375, 0.444444]
5	0.1	macro_f1	0.413195	0.071918	[0.479167, 0.291667, 0.4375, 0.444444]
5	1	macro_f1	0.405025	0.069726	[0.479167, 0.291667, 0.4375, 0.411765]
5	10	macro_f1	0.402254	0.066888	[0.468085, 0.291667, 0.4375, 0.411765]
6	0.01	macro_f1	0.506354	0.079111	[0.64186, 0.442529, 0.466667, 0.474359]
6	0.1	macro_f1	0.463253	0.109748	[0.418605, 0.634409, 0.466667, 0.333333]
6	1	macro_f1	0.486165	0.087814	[0.431818, 0.634409, 0.466667, 0.411765]
6	10	macro_f1	0.486165	0.087814	[0.431818, 0.634409, 0.466667, 0.411765]
