layer	C	recall@10	recall@100	recall@1000	recall@10000	enrichment@10	enrichment@100	enrichment@1000	enrichment@10000	positive_rank_percentile
1	0.01	0.9	1.0	1.0	1.0	900.9	100.1	10.01	1.001	0.000599
1	0.1	0.9	1.0	1.0	1.0	900.9	100.1	10.01	1.001	0.000599
1	1	0.9	1.0	1.0	1.0	900.9	100.1	10.01	1.001	0.000559
1	10	1.0	1.0	1.0	1.0	1001.0	100.1	10.01	1.001	0.000549
2	0.01	0.8	1.0	1.0	1.0	800.8	100.1	10.01	1.001	0.000689
2	0.1	0.9	1.0	1.0	1.0	900.9	100.1	10.01	1.001	0.000559
2	1	0.9	1.0	1.0	1.0	900.9	100.1	10.01	1.001	0.000559
2	10	1.0	1.0	1.0	1.0	1001.0	100.1	10.01	1.001	0.000549
3	0.01	0.9	1.0	1.0	1.0	900.9	100.1	10.01	1.001	0.000579
3	0.1	0.9	1.0	1.0	1.0	900.9	100.1	10.01	1.001	0.000569
3	1	1.0	1.0	1.0	1.0	1001.0	100.1	10.01	1.001	0.000549
3	10	1.0	1.0	1.0	1.0	1001.0	100.1	10.01	1.001	0.000549
4	0.01	0.9	1.0	1.0	1.0	900.9	100.1	10.01	1.001	0.000569
4	0.1	0.9	1.0	1.0	1.0	900.9	100.1	10.01	1.001	0.000559
4	1	1.0	1.0	1.0	1.0	1001.0	100.1	10.01	1.001	0.000549
4	10	1.0	1.0	1.0	1.0	1001.0	100.1	10.01	1.001	0.000549
5	0.01	0.9	1.0	1.0	1.0	900.9	100.1	10.01	1.001	0.000569
5	0.1	1.0	1.0	1.0	1.0	1001.0	100.1	10.01	1.001	0.000549
5	1	1.0	1.0	1.0	1.0	1001.0	100.1	10.01	1.001	0.000549
5	10	1.0	1.0	1.0	1.0	1001.0	100.1	10.01	1.001	0.000549
6	0.01	0.3	1.0	1.0	1.0	300.3	100.1	10.01	1.001	0.001688
6	0.1	0.7	1.0	1.0	1.0	700.7	100.1	10.01	1.001	0.000749
6	1	0.8	1.0	1.0	1.0	800.8	100.1	10.01	1.001	0.000619
6	10	0.9	1.0	1.0	1.0	900.9	100.1	10.01	1.001	0.000559
