candidate_id	uniprot_accession	matched_strict_positive	match_rank	shared_family_systems	shared_pfam	shared_cath	shared_scop2fa	sp_length	length_ratio_to_positive	n_pdb_entries	n_mapped_chains	mapped_coverage_max	observed_coverage_max	experiment_methods	best_resolution	n_independent_studies	search_status	search_channel	hit_count	hit_exit_categories	exited_to_review_queue	review_queue_pointer	manual_review_status	pn_tier	biological_target	background_source_version
PNC-A0A0J9WZF0	A0A0J9WZF0	Q9RZA4	30	1	PF02518			627	0.8305	4	8	0.6093	0.5821	X-RAY DIFFRACTION	1.90	1	completed	europepmc_primary	0		false		pending_fulltext_review	PN-B		P1.10 background B (SIFTS 2026-09-13 + wwPDB 2026-09-12) + SIFTS families 2026-09-20
PNC-A0A7E5VSK5	A0A7E5VSK5	Q12931	12	1	PF00183					3	6			ELECTRON MICROSCOPY	3.50	1	completed	europepmc_primary	0		false		pending_fulltext_review	PN-B		P1.10 background B (SIFTS 2026-09-13 + wwPDB 2026-09-12) + SIFTS families 2026-09-20
PNC-A0QNE0	A0QNE0	Q9RZA4	14	1	PF02518			675	0.8940	3	4	0.6326	0.5822	X-RAY DIFFRACTION	1.56	2	completed	europepmc_primary	4		false		pending_fulltext_review	PN-B		P1.10 background B (SIFTS 2026-09-13 + wwPDB 2026-09-12) + SIFTS families 2026-09-20
PNC-A4ZRC0	A4ZRC0	P19726	1	1	PF21703					1	7			ELECTRON MICROSCOPY	4.70	1	completed	europepmc_primary	0		false		pending_fulltext_review	PN-C		P1.10 background B (SIFTS 2026-09-13 + wwPDB 2026-09-12) + SIFTS families 2026-09-20
PNC-A8WFV1	A8WFV1	Q12931	10	1	PF00183					7	13			X-RAY DIFFRACTION	1.75	3	completed	europepmc_primary	1		false		pending_fulltext_review	PN-B		P1.10 background B (SIFTS 2026-09-13 + wwPDB 2026-09-12) + SIFTS families 2026-09-20
PNC-C4M1P9	C4M1P9	Q08209	28	1	PF00149			354	0.6795	10	46	1.0000	0.9887	X-RAY DIFFRACTION	1.80	4	completed	europepmc_primary	0		false		pending_fulltext_review	PN-A		P1.10 background B (SIFTS 2026-09-13 + wwPDB 2026-09-12) + SIFTS families 2026-09-20
PNC-G0RYR3	G0RYR3	Q08209	26	1	PF00149			730	1.4012	3	6	1.0000	0.7247	ELECTRON MICROSCOPY;X-RAY DIFFRACTION	2.78	3	completed	europepmc_primary	0		false		pending_fulltext_review	PN-A		P1.10 background B (SIFTS 2026-09-13 + wwPDB 2026-09-12) + SIFTS families 2026-09-20
PNC-H7C794	H7C794	Q9RZA4	12	1	PF02518			685	0.9073	1	9	0.3022	0.2788	X-RAY DIFFRACTION	2.70	1	completed	europepmc_primary	0		false		pending_fulltext_review	PN-C		P1.10 background B (SIFTS 2026-09-13 + wwPDB 2026-09-12) + SIFTS families 2026-09-20
PNC-K0J4Q8	K0J4Q8	Q9YA14	12	1	PF00578			188	1.1677	1	10	0.9947	0.8830	X-RAY DIFFRACTION	2.90	2	completed	europepmc_primary	3		false		pending_fulltext_review	PN-A		P1.10 background B (SIFTS 2026-09-13 + wwPDB 2026-09-12) + SIFTS families 2026-09-20
PNC-O00411	O00411	P00573	1	1	PF00940;PF14700			1230	1.3930	25	29	1.0000	0.8683	ELECTRON MICROSCOPY;X-RAY DIFFRACTION	2.50	9	completed	europepmc_primary	2		false		pending_fulltext_review	PN-A		P1.10 background B (SIFTS 2026-09-13 + wwPDB 2026-09-12) + SIFTS families 2026-09-20
PNC-O08807	O08807	Q9YA14	30	1	PF00578			274	1.7019	4	16	0.8540	0.6314	X-RAY DIFFRACTION	0.92	2	completed	europepmc_primary	6	domain_swapping	true	22928053:domain_swapping	pending_fulltext_review	EXITED		P1.10 background B (SIFTS 2026-09-13 + wwPDB 2026-09-12) + SIFTS families 2026-09-20
PNC-O16305	O16305	P38505	16	1	PF13499			149	1.1119	2	9	1.0000	0.9463	X-RAY DIFFRACTION	2.11	2	completed_truncated	europepmc_primary	797	domain_swapping;fold_switching	true	40990820:fold_switching;41006217:domain_swapping;39791310:fold_switching;37774143:fold_switching;42341170:domain_swapping;42398099:domain_swapping;39883844:domain_swapping;40470369:domain_swapping;35960653:domain_swapping;22688954:fold_switching;36691781:domain_swapping;33825708:domain_swapping;34196612:domain_swapping;33579933:domain_swapping;27045108:domain_swapping;28265091:domain_swapping;19404396:domain_swapping;17962398:domain_swapping;32351384:domain_swapping;12356717:domain_swapping;17554780:domain_swapping;15050827:domain_swapping;26929345:domain_swapping	pending_fulltext_review	EXITED		P1.10 background B (SIFTS 2026-09-13 + wwPDB 2026-09-12) + SIFTS families 2026-09-20
PNC-O31687	O31687	Q9YA14	2	1	PF00578			165	1.0248	1	7	0.8667	0.8121	X-RAY DIFFRACTION	2.50	1	completed	europepmc_primary	0		false		pending_fulltext_review	PN-C		P1.10 background B (SIFTS 2026-09-13 + wwPDB 2026-09-12) + SIFTS families 2026-09-20
PNC-O31699	O31699	Q9YA14	8	1	PF00578			148	0.9193	2	2	0.9662	0.9662	SOLUTION NMR		1	completed	europepmc_primary	0		false		pending_fulltext_review	PN-B		P1.10 background B (SIFTS 2026-09-13 + wwPDB 2026-09-12) + SIFTS families 2026-09-20
PNC-O67024	O67024	Q9YA14	22	1	PF00578			222	1.3789	1	12	1.0000	0.9910	X-RAY DIFFRACTION	1.80	1	completed_truncated	europepmc_primary	118	domain_swapping;fold_switching	true	41226413:fold_switching;39452701:domain_swapping;23022727:domain_swapping;22928053:domain_swapping;10373555:domain_swapping	pending_fulltext_review	EXITED		P1.10 background B (SIFTS 2026-09-13 + wwPDB 2026-09-12) + SIFTS families 2026-09-20
PNC-P02585	P02585	P38505	26	1	PF13499			160	1.1940	1	1	0.5500	0.5500	SOLUTION NMR		1	completed	europepmc_primary	0		false		pending_fulltext_review	PN-C		P1.10 background B (SIFTS 2026-09-13 + wwPDB 2026-09-12) + SIFTS families 2026-09-20
PNC-P02586	P02586	P38505	25	1	PF13499			160	1.1940	4	4	0.9938	0.9875	X-RAY DIFFRACTION	1.90	3	completed	europepmc_primary	0		false		pending_fulltext_review	PN-A		P1.10 background B (SIFTS 2026-09-13 + wwPDB 2026-09-12) + SIFTS families 2026-09-20
PNC-P02829	P02829	Q12931	2	1	PF00183			709	1.0071	49	72	0.9549	0.8717	SOLUTION NMR;X-RAY DIFFRACTION	1.50	26	completed	europepmc_primary	1		false		pending_fulltext_review	PN-A		P1.10 background B (SIFTS 2026-09-13 + wwPDB 2026-09-12) + SIFTS families 2026-09-20
PNC-P02829	P02829	Q9RZA4	6	1	PF02518			709	0.9391	49	72	0.9549	0.8717	SOLUTION NMR;X-RAY DIFFRACTION	1.50	26	completed	europepmc_primary	1		false		pending_fulltext_review	PN-A		P1.10 background B (SIFTS 2026-09-13 + wwPDB 2026-09-12) + SIFTS families 2026-09-20
PNC-P06742	P06742	P38505	24	1	PF13499			155	1.1567	2	3	0.9742	0.9742	X-RAY DIFFRACTION	2.23	1	completed	europepmc_primary	0		false		pending_fulltext_review	PN-B		P1.10 background B (SIFTS 2026-09-13 + wwPDB 2026-09-12) + SIFTS families 2026-09-20
PNC-P06787	P06787	P38505	4	1	PF13499			147	1.0970	6	7	1.0000	0.9932	SOLUTION NMR;X-RAY DIFFRACTION	2.10	4	completed_truncated	europepmc_primary	797	domain_swapping;fold_switching	true	40990820:fold_switching;41006217:domain_swapping;39791310:fold_switching;37774143:fold_switching;42341170:domain_swapping;42398099:domain_swapping;39883844:domain_swapping;40470369:domain_swapping	pending_fulltext_review	EXITED		P1.10 background B (SIFTS 2026-09-13 + wwPDB 2026-09-12) + SIFTS families 2026-09-20
PNC-P07024	P07024	Q08209	10	1	PF00149			550	1.0557	9	16	1.0000	0.9545	X-RAY DIFFRACTION	1.70	5	completed	europepmc_primary	0		false		pending_fulltext_review	PN-A		P1.10 background B (SIFTS 2026-09-13 + wwPDB 2026-09-12) + SIFTS families 2026-09-20
PNC-P07363	P07363	Q9RZA4	23	1	PF02518			654	0.8662	9	20	1.0000	0.5979	ELECTRON MICROSCOPY;SOLUTION NMR;X-RAY DIFFRACTION	2.00	7	completed	europepmc_primary	4	domain_swapping	true	41524594:domain_swapping;11244058:domain_swapping	pending_fulltext_review	EXITED		P1.10 background B (SIFTS 2026-09-13 + wwPDB 2026-09-12) + SIFTS families 2026-09-20
PNC-P07463	P07463	P38505	15	1	PF13499			149	1.1119	9	10	0.9933	0.9933	SOLUTION NMR;X-RAY DIFFRACTION	1.00	7	completed	europepmc_primary	0		false		pending_fulltext_review	PN-A		P1.10 background B (SIFTS 2026-09-13 + wwPDB 2026-09-12) + SIFTS families 2026-09-20
PNC-P07900	P07900	Q12931	5	1	PF00183			732	1.0398	450	538	1.0000	0.8798	ELECTRON MICROSCOPY;NEUTRON DIFFRACTION;SOLUTION NMR;X-RAY DIFFRACTION	1.17	103	completed	europepmc_primary	6		false		pending_fulltext_review	PN-A		P1.10 background B (SIFTS 2026-09-13 + wwPDB 2026-09-12) + SIFTS families 2026-09-20
PNC-P08238	P08238	Q12931	3	1	PF00183			724	1.0284	32	71	1.0000	0.8826	ELECTRON MICROSCOPY;SOLUTION NMR;X-RAY DIFFRACTION	1.50	17	completed	europepmc_primary	3		false		pending_fulltext_review	PN-A		P1.10 background B (SIFTS 2026-09-13 + wwPDB 2026-09-12) + SIFTS families 2026-09-20
PNC-P09860	P09860	P38505	30	1	PF13499			161	1.2015	8	8	1.0000	1.0000	SOLUTION NMR;X-RAY DIFFRACTION	2.15	5	completed	europepmc_primary	0		false		pending_fulltext_review	PN-A		P1.10 background B (SIFTS 2026-09-13 + wwPDB 2026-09-12) + SIFTS families 2026-09-20
PNC-P09889	P09889	Q08209	30	1	PF00149			340	0.6526	5	5	0.9735	0.8912	X-RAY DIFFRACTION	1.18	3	completed	europepmc_primary	0		false		pending_fulltext_review	PN-A		P1.10 background B (SIFTS 2026-09-13 + wwPDB 2026-09-12) + SIFTS families 2026-09-20
PNC-P0A251	P0A251	Q9YA14	10	1	PF00578			187	1.1615	15	110	0.9947	0.9947	X-RAY DIFFRACTION	1.75	5	completed	europepmc_primary	3		false		pending_fulltext_review	PN-A		P1.10 background B (SIFTS 2026-09-13 + wwPDB 2026-09-12) + SIFTS families 2026-09-20
PNC-P0A6Z3	P0A6Z3	Q12931	7	1	PF00183			624	0.8864	7	21	1.0000	0.9904	X-RAY DIFFRACTION	1.65	3	completed	europepmc_primary	1		false		pending_fulltext_review	PN-A		P1.10 background B (SIFTS 2026-09-13 + wwPDB 2026-09-12) + SIFTS families 2026-09-20
PNC-P0AE08	P0AE08	Q9YA14	11	1	PF00578			187	1.1615	5	35	1.0000	0.9465	X-RAY DIFFRACTION	2.70	3	completed	europepmc_primary	0		false		pending_fulltext_review	PN-A		P1.10 background B (SIFTS 2026-09-13 + wwPDB 2026-09-12) + SIFTS families 2026-09-20
PNC-P0AES6	P0AES6	Q9RZA4	7	1	PF02518			804	1.0649	67	110	1.0000	0.9714	ELECTRON MICROSCOPY;X-RAY DIFFRACTION	1.16	24	completed	europepmc_primary	4		false		pending_fulltext_review	PN-A		P1.10 background B (SIFTS 2026-09-13 + wwPDB 2026-09-12) + SIFTS families 2026-09-20
PNC-P0AES7	P0AES7	Q9RZA4	8	1	PF02518			804	1.0649	4	4	0.4689	0.4440	X-RAY DIFFRACTION	1.81	2	completed	europepmc_primary	0		false		pending_fulltext_review	PN-B		P1.10 background B (SIFTS 2026-09-13 + wwPDB 2026-09-12) + SIFTS families 2026-09-20
PNC-P0AG76	P0AG76	Q08209	21	1	PF00149			400	0.7678	5	10	1.0000	0.9650	ELECTRON MICROSCOPY	3.40	2	completed	europepmc_primary	0		false		pending_fulltext_review	PN-A		P1.10 background B (SIFTS 2026-09-13 + wwPDB 2026-09-12) + SIFTS families 2026-09-20
PNC-P0DH95	P0DH95	P38505	18	1	PF13499			149	1.1119	1	2	1.0000	0.7718	ELECTRON MICROSCOPY	3.90	1	completed	europepmc_primary	10	domain_swapping	true	28265091:domain_swapping	pending_fulltext_review	EXITED		P1.10 background B (SIFTS 2026-09-13 + wwPDB 2026-09-12) + SIFTS families 2026-09-20
PNC-P0DP23	P0DP23	P38505	5	1	PF13499			149	1.1119	342	793	1.0000	1.0000	ELECTRON MICROSCOPY;SOLUTION NMR;SOLUTION SCATTERING, SOLUTION NMR;X-RAY DIFFRACTION	1.17	160	completed	europepmc_primary	12	domain_swapping	true	33825708:domain_swapping;28265091:domain_swapping	pending_fulltext_review	EXITED		P1.10 background B (SIFTS 2026-09-13 + wwPDB 2026-09-12) + SIFTS families 2026-09-20
PNC-P0DP24	P0DP24	P38505	12	1	PF13499			149	1.1119	15	24	1.0000	0.9866	ELECTRON MICROSCOPY;X-RAY DIFFRACTION	1.70	10	completed	europepmc_primary	1		false		pending_fulltext_review	PN-A		P1.10 background B (SIFTS 2026-09-13 + wwPDB 2026-09-12) + SIFTS families 2026-09-20
PNC-P0DP25	P0DP25	P38505	7	1	PF13499			149	1.1119	24	83	1.0000	0.9799	ELECTRON MICROSCOPY;SOLUTION NMR;X-RAY DIFFRACTION	1.95	9	completed	europepmc_primary	0		false		pending_fulltext_review	PN-A		P1.10 background B (SIFTS 2026-09-13 + wwPDB 2026-09-12) + SIFTS families 2026-09-20
PNC-P0DP26	P0DP26	P38505	9	1	PF13499			149	1.1119	20	60	1.0000	1.0000	ELECTRON CRYSTALLOGRAPHY;ELECTRON MICROSCOPY;X-RAY DIFFRACTION	1.90	13	completed	europepmc_primary	0		false		pending_fulltext_review	PN-A		P1.10 background B (SIFTS 2026-09-13 + wwPDB 2026-09-12) + SIFTS families 2026-09-20
PNC-P0DP29	P0DP29	P38505	6	1	PF13499			149	1.1119	44	95	1.0000	0.9933	ELECTRON MICROSCOPY;SOLUTION NMR;X-RAY DIFFRACTION	1.30	28	completed	europepmc_primary	0		false		pending_fulltext_review	PN-A		P1.10 background B (SIFTS 2026-09-13 + wwPDB 2026-09-12) + SIFTS families 2026-09-20
PNC-P0DP30	P0DP30	P38505	19	1	PF13499			149	1.1119	1	1	0.9664	0.9664	X-RAY DIFFRACTION	2.50	1	completed	europepmc_primary	0		false		pending_fulltext_review	PN-C		P1.10 background B (SIFTS 2026-09-13 + wwPDB 2026-09-12) + SIFTS families 2026-09-20
PNC-P0DP31	P0DP31	P38505	11	1	PF13499			149	1.1119	16	17	0.9866	0.9732	X-RAY DIFFRACTION	1.70	5	completed	europepmc_primary	0		false		pending_fulltext_review	PN-A		P1.10 background B (SIFTS 2026-09-13 + wwPDB 2026-09-12) + SIFTS families 2026-09-20
PNC-P0DP33	P0DP33	P38505	8	1	PF13499			149	1.1119	24	31	1.0000	0.9933	SOLUTION NMR;X-RAY DIFFRACTION	1.80	19	completed	europepmc_primary	0		false		pending_fulltext_review	PN-A		P1.10 background B (SIFTS 2026-09-13 + wwPDB 2026-09-12) + SIFTS families 2026-09-20
PNC-P11499	P11499	Q12931	4	1	PF00183			724	1.0284	2	4	1.0000	0.8785	ELECTRON MICROSCOPY	3.20	1	completed	europepmc_primary	1		false		pending_fulltext_review	PN-B		P1.10 background B (SIFTS 2026-09-13 + wwPDB 2026-09-12) + SIFTS families 2026-09-20
PNC-P11541	P11541	Q9RZA4	19	1	PF01590			859	1.1377	7	7	1.0000	0.9627	ELECTRON MICROSCOPY	2.72	4	completed	europepmc_primary	0		false		pending_fulltext_review	PN-A		P1.10 background B (SIFTS 2026-09-13 + wwPDB 2026-09-12) + SIFTS families 2026-09-20
PNC-P13433	P13433	P00573	2	1	PF00940;PF14700			1351	1.5300	9	9	0.9267	0.6839	ELECTRON MICROSCOPY	3.10	2	completed	europepmc_primary	1		false		pending_fulltext_review	PN-A		P1.10 background B (SIFTS 2026-09-13 + wwPDB 2026-09-12) + SIFTS families 2026-09-20
PNC-P14625	P14625	Q12931	8	1	PF00183			803	1.1406	4	5	1.0000	0.2889	ELECTRON MICROSCOPY;X-RAY DIFFRACTION	2.31	4	completed	europepmc_primary	13	domain_swapping	true	30085182:domain_swapping	pending_fulltext_review	EXITED		P1.10 background B (SIFTS 2026-09-13 + wwPDB 2026-09-12) + SIFTS families 2026-09-20
PNC-P15108	P15108	Q12931	1	1	PF00183			705	1.0014	7	14	1.0000	0.8652	ELECTRON MICROSCOPY	2.71	0	completed	europepmc_primary	0		false		pending_fulltext_review	PN-B		P1.10 background B (SIFTS 2026-09-13 + wwPDB 2026-09-12) + SIFTS families 2026-09-20
PNC-P16298	P16298	Q08209	4	1	PF00149			524	1.0058	3	3	1.0000	0.7615	X-RAY DIFFRACTION	2.23	0	completed	europepmc_primary	0		false		pending_fulltext_review	PN-B		P1.10 background B (SIFTS 2026-09-13 + wwPDB 2026-09-12) + SIFTS families 2026-09-20
PNC-P16586	P16586	Q9RZA4	17	1	PF01590			855	1.1325	3	6	0.5146	0.4421	ELECTRON MICROSCOPY	3.06	3	completed	europepmc_primary	0		false		pending_fulltext_review	PN-B		P1.10 background B (SIFTS 2026-09-13 + wwPDB 2026-09-12) + SIFTS families 2026-09-20
PNC-P17405	P17405	Q08209	17	1	PF00149			631	1.2111	4	7	0.9239	0.8399	X-RAY DIFFRACTION	2.25	2	completed	europepmc_primary	9		false		pending_fulltext_review	PN-A		P1.10 background B (SIFTS 2026-09-13 + wwPDB 2026-09-12) + SIFTS families 2026-09-20
PNC-P19123	P19123	P38505	28	1	PF13499			161	1.2015	22	22	1.0000	0.9938	ELECTRON MICROSCOPY	4.90	2	completed	europepmc_primary	0		false		pending_fulltext_review	PN-A		P1.10 background B (SIFTS 2026-09-13 + wwPDB 2026-09-12) + SIFTS families 2026-09-20
PNC-P20083	P20083	Q9RZA4	29	1	PF02518			630	0.8344	4	8	0.6190	0.6032	X-RAY DIFFRACTION	1.80	2	completed	europepmc_primary	0		false		pending_fulltext_review	PN-B		P1.10 background B (SIFTS 2026-09-13 + wwPDB 2026-09-12) + SIFTS families 2026-09-20
PNC-P21589	P21589	Q08209	11	1	PF00149			574	1.1017	52	78	0.9564	0.9129	ELECTRON MICROSCOPY;X-RAY DIFFRACTION	1.05	19	completed_truncated	europepmc_primary	52	domain_swapping	true	26599519:domain_swapping	pending_fulltext_review	EXITED		P1.10 background B (SIFTS 2026-09-13 + wwPDB 2026-09-12) + SIFTS families 2026-09-20
PNC-P21865	P21865	Q9RZA4	27	1	PF02518			894	1.1841	4	4	0.2617	0.2438	SOLUTION NMR;X-RAY DIFFRACTION	1.40	1	completed	europepmc_primary	0		false		pending_fulltext_review	PN-B		P1.10 background B (SIFTS 2026-09-13 + wwPDB 2026-09-12) + SIFTS families 2026-09-20
PNC-P23439	P23439	Q9RZA4	16	1	PF01590			853	1.1298	7	7	1.0000	0.9660	ELECTRON MICROSCOPY	2.72	4	completed	europepmc_primary	0		false		pending_fulltext_review	PN-A		P1.10 background B (SIFTS 2026-09-13 + wwPDB 2026-09-12) + SIFTS families 2026-09-20
PNC-P30041	P30041	Q9YA14	23	1	PF00578			224	1.3913	3	14	1.0000	0.9955	X-RAY DIFFRACTION	2.00	2	completed	europepmc_primary	0		false		pending_fulltext_review	PN-A		P1.10 background B (SIFTS 2026-09-13 + wwPDB 2026-09-12) + SIFTS families 2026-09-20
PNC-P30048	P30048	Q9YA14	25	1	PF00578			256	1.5901	2	18	0.7617	0.7578	X-RAY DIFFRACTION	2.40	2	completed	europepmc_primary	2		false		pending_fulltext_review	PN-A		P1.10 background B (SIFTS 2026-09-13 + wwPDB 2026-09-12) + SIFTS families 2026-09-20
PNC-P32119	P32119	Q9YA14	16	1	PF00578			198	1.2298	7	70	1.0000	0.9949	X-RAY DIFFRACTION	1.70	8	completed	europepmc_primary	10		false		pending_fulltext_review	PN-A		P1.10 background B (SIFTS 2026-09-13 + wwPDB 2026-09-12) + SIFTS families 2026-09-20
PNC-P32829	P32829	Q08209	23	1	PF00149			692	1.3282	2	4	1.0000	0.7124	ELECTRON MICROSCOPY	3.20	2	completed	europepmc_primary	1		false		pending_fulltext_review	PN-A		P1.10 background B (SIFTS 2026-09-13 + wwPDB 2026-09-12) + SIFTS families 2026-09-20
PNC-P34227	P34227	Q9YA14	27	1	PF00578			261	1.6211	2	2	0.8161	0.8123	X-RAY DIFFRACTION	1.53	0	completed	europepmc_primary	1		false		pending_fulltext_review	PN-B		P1.10 background B (SIFTS 2026-09-13 + wwPDB 2026-09-12) + SIFTS families 2026-09-20
PNC-P34760	P34760	Q9YA14	15	1	PF00578			196	1.2174	1	10	1.0000	1.0000	X-RAY DIFFRACTION	2.80	1	completed	europepmc_primary	0		false		pending_fulltext_review	PN-C		P1.10 background B (SIFTS 2026-09-13 + wwPDB 2026-09-12) + SIFTS families 2026-09-20
PNC-P35160	P35160	Q9YA14	9	1	PF00578			179	1.1118	10	21	0.7989	0.7821	X-RAY DIFFRACTION	1.40	4	completed	europepmc_primary	0		false		pending_fulltext_review	PN-A		P1.10 background B (SIFTS 2026-09-13 + wwPDB 2026-09-12) + SIFTS families 2026-09-20
PNC-P35705	P35705	Q9YA14	26	1	PF00578			257	1.5963	3	36	0.7588	0.6576	X-RAY DIFFRACTION	2.20	2	completed	europepmc_primary	1		false		pending_fulltext_review	PN-A		P1.10 background B (SIFTS 2026-09-13 + wwPDB 2026-09-12) + SIFTS families 2026-09-20
PNC-P40421	P40421	Q08209	20	1	PF00149			661	1.2687	3	4	1.0000	0.9274	ELECTRON MICROSCOPY;X-RAY DIFFRACTION	2.20	1	completed	europepmc_primary	0		false		pending_fulltext_review	PN-B		P1.10 background B (SIFTS 2026-09-13 + wwPDB 2026-09-12) + SIFTS families 2026-09-20
PNC-P40553	P40553	Q9YA14	19	1	PF00578			215	1.3354	1	1	0.7395	0.7256	X-RAY DIFFRACTION	1.80	1	completed	europepmc_primary	1		false		pending_fulltext_review	PN-C		P1.10 background B (SIFTS 2026-09-13 + wwPDB 2026-09-12) + SIFTS families 2026-09-20
PNC-P41148	P41148	Q12931	9	1	PF00183			804	1.1420	39	85	0.8483	0.8047	X-RAY DIFFRACTION	1.50	14	completed	europepmc_primary	12	domain_swapping	true	30085182:domain_swapping	pending_fulltext_review	EXITED		P1.10 background B (SIFTS 2026-09-13 + wwPDB 2026-09-12) + SIFTS families 2026-09-20
PNC-P44569	P44569	Q08209	14	1	PF00149			603	1.1574	2	3	0.9602	0.9370	X-RAY DIFFRACTION	1.30	1	completed	europepmc_primary	1		false		pending_fulltext_review	PN-B		P1.10 background B (SIFTS 2026-09-13 + wwPDB 2026-09-12) + SIFTS families 2026-09-20
PNC-P46598	P46598	Q9RZA4	10	1	PF02518			707	0.9364	17	23	0.3112	0.3055	X-RAY DIFFRACTION	1.56	2	completed	europepmc_primary	0		false		pending_fulltext_review	PN-B		P1.10 background B (SIFTS 2026-09-13 + wwPDB 2026-09-12) + SIFTS families 2026-09-20
PNC-P48452	P48452	Q08209	2	1	PF00149			521	1.0000	3	5	0.7198	0.6756	X-RAY DIFFRACTION	2.17	2	completed	europepmc_primary	0		false		pending_fulltext_review	PN-A		P1.10 background B (SIFTS 2026-09-13 + wwPDB 2026-09-12) + SIFTS families 2026-09-20
PNC-P49333	P49333	Q9RZA4	4	1	PF02518			738	0.9775	2	2	0.2480	0.2033	X-RAY DIFFRACTION	1.90	2	completed	europepmc_primary	0		false		pending_fulltext_review	PN-B		P1.10 background B (SIFTS 2026-09-13 + wwPDB 2026-09-12) + SIFTS families 2026-09-20
PNC-P49959	P49959	Q08209	25	1	PF00149			708	1.3589	9	19	1.0000	0.6780	ELECTRON MICROSCOPY;X-RAY DIFFRACTION	1.40	4	completed	europepmc_primary	1		false		pending_fulltext_review	PN-A		P1.10 background B (SIFTS 2026-09-13 + wwPDB 2026-09-12) + SIFTS families 2026-09-20
PNC-P51160	P51160	Q9RZA4	18	1	PF01590			858	1.1364	7	16	0.9662	0.9417	ELECTRON MICROSCOPY;X-RAY DIFFRACTION	2.10	3	completed	europepmc_primary	0		false		pending_fulltext_review	PN-A		P1.10 background B (SIFTS 2026-09-13 + wwPDB 2026-09-12) + SIFTS families 2026-09-20
PNC-P52731	P52731	Q9RZA4	20	1	PF01590			862	1.1417	3	6	1.0000	0.4432	ELECTRON MICROSCOPY;X-RAY DIFFRACTION	2.57	3	completed	europepmc_primary	0		false		pending_fulltext_review	PN-A		P1.10 background B (SIFTS 2026-09-13 + wwPDB 2026-09-12) + SIFTS families 2026-09-20
PNC-P53041	P53041	Q08209	8	1	PF00149			499	0.9578	22	41	1.0000	0.9439	ELECTRON MICROSCOPY;SOLUTION NMR;X-RAY DIFFRACTION	1.23	10	completed	europepmc_primary	1		false		pending_fulltext_review	PN-A		P1.10 background B (SIFTS 2026-09-13 + wwPDB 2026-09-12) + SIFTS families 2026-09-20
PNC-P53042	P53042	Q08209	9	1	PF00149			499	0.9578	2	2	0.9699	0.9359	X-RAY DIFFRACTION	2.00	1	completed	europepmc_primary	1		false		pending_fulltext_review	PN-B		P1.10 background B (SIFTS 2026-09-13 + wwPDB 2026-09-12) + SIFTS families 2026-09-20
PNC-P53043	P53043	Q08209	5	1	PF00149			513	0.9846	1	2	0.6530	0.6160	X-RAY DIFFRACTION	2.30	0	completed	europepmc_primary	0		false		pending_fulltext_review	PN-C		P1.10 background B (SIFTS 2026-09-13 + wwPDB 2026-09-12) + SIFTS families 2026-09-20
PNC-P54651	P54651	Q9RZA4	11	1	PF02518			700	0.9272	9	9	0.3186	0.3086	X-RAY DIFFRACTION	1.20	2	completed	europepmc_primary	0		false		pending_fulltext_review	PN-B		P1.10 background B (SIFTS 2026-09-13 + wwPDB 2026-09-12) + SIFTS families 2026-09-20
PNC-P58242	P58242	Q08209	12	1	PF00149			456	0.8752	3	4	0.9145	0.9035	X-RAY DIFFRACTION	1.14	1	completed	europepmc_primary	0		false		pending_fulltext_review	PN-B		P1.10 background B (SIFTS 2026-09-13 + wwPDB 2026-09-12) + SIFTS families 2026-09-20
PNC-P59220	P59220	P38505	17	1	PF13499			149	1.1119	2	3	1.0000	0.9866	X-RAY DIFFRACTION	1.95	2	completed	europepmc_primary	0		false		pending_fulltext_review	PN-A		P1.10 background B (SIFTS 2026-09-13 + wwPDB 2026-09-12) + SIFTS families 2026-09-20
PNC-P60204	P60204	P38505	20	1	PF13499			149	1.1119	1	3	1.0000	0.9799	X-RAY DIFFRACTION	3.18	1	completed_truncated	europepmc_primary	797	domain_swapping;fold_switching	true	40990820:fold_switching;41006217:domain_swapping;39791310:fold_switching;37774143:fold_switching;42341170:domain_swapping;42398099:domain_swapping;39883844:domain_swapping;40470369:domain_swapping;35960653:domain_swapping;22688954:fold_switching;36691781:domain_swapping;33825708:domain_swapping;34196612:domain_swapping;33579933:domain_swapping	pending_fulltext_review	EXITED		P1.10 background B (SIFTS 2026-09-13 + wwPDB 2026-09-12) + SIFTS families 2026-09-20
PNC-P62149	P62149	P38505	14	1	PF13499			149	1.1119	14	21	1.0000	1.0000	ELECTRON MICROSCOPY;SOLUTION NMR;X-RAY DIFFRACTION	1.08	11	completed	europepmc_primary	0		false		pending_fulltext_review	PN-A		P1.10 background B (SIFTS 2026-09-13 + wwPDB 2026-09-12) + SIFTS families 2026-09-20
PNC-P62152	P62152	P38505	13	1	PF13499			149	1.1119	15	19	1.0000	0.9933	SOLUTION NMR;X-RAY DIFFRACTION	1.70	11	completed	europepmc_primary	0		false		pending_fulltext_review	PN-A		P1.10 background B (SIFTS 2026-09-13 + wwPDB 2026-09-12) + SIFTS families 2026-09-20
PNC-P62157	P62157	P38505	10	1	PF13499			149	1.1119	19	22	1.0000	0.9933	ELECTRON MICROSCOPY;SOLUTION NMR;X-RAY DIFFRACTION	1.60	17	completed	europepmc_primary	0		false		pending_fulltext_review	PN-A		P1.10 background B (SIFTS 2026-09-13 + wwPDB 2026-09-12) + SIFTS families 2026-09-20
PNC-P62163	P62163	P38505	21	1	PF13499			149	1.1119	1	1	0.4631	0.4631	SOLUTION NMR		1	completed	europepmc_primary	0		false		pending_fulltext_review	PN-C		P1.10 background B (SIFTS 2026-09-13 + wwPDB 2026-09-12) + SIFTS families 2026-09-20
PNC-P62203	P62203	P38505	22	1	PF13499			149	1.1119	1	4	1.0000	0.9396	X-RAY DIFFRACTION	2.20	1	completed	europepmc_primary	0		false		pending_fulltext_review	PN-C		P1.10 background B (SIFTS 2026-09-13 + wwPDB 2026-09-12) + SIFTS families 2026-09-20
PNC-P63316	P63316	P38505	27	1	PF13499			161	1.2015	61	84	1.0000	1.0000	ELECTRON MICROSCOPY;SOLUTION NMR;X-RAY DIFFRACTION	1.37	28	completed	europepmc_primary	0		false		pending_fulltext_review	PN-A		P1.10 background B (SIFTS 2026-09-13 + wwPDB 2026-09-12) + SIFTS families 2026-09-20
PNC-P63317	P63317	P38505	29	1	PF13499			161	1.2015	19	24	1.0000	0.9938	ELECTRON MICROSCOPY	4.63	3	completed	europepmc_primary	0		false		pending_fulltext_review	PN-A		P1.10 background B (SIFTS 2026-09-13 + wwPDB 2026-09-12) + SIFTS families 2026-09-20
PNC-P63328	P63328	Q08209	1	1	PF00149			521	1.0000	4	4	1.0000	0.7236	ELECTRON MICROSCOPY;X-RAY DIFFRACTION	3.11	1	completed	europepmc_primary	0		false		pending_fulltext_review	PN-B		P1.10 background B (SIFTS 2026-09-13 + wwPDB 2026-09-12) + SIFTS families 2026-09-20
PNC-P63329	P63329	Q08209	3	1	PF00149			521	1.0000	1	4	0.9443	0.7198	X-RAY DIFFRACTION	3.00	1	completed	europepmc_primary	0		false		pending_fulltext_review	PN-C		P1.10 background B (SIFTS 2026-09-13 + wwPDB 2026-09-12) + SIFTS families 2026-09-20
PNC-P70158	P70158	Q08209	15	1	PF00149			445	0.8541	8	10	0.9506	0.9506	X-RAY DIFFRACTION	1.39	2	completed	europepmc_primary	0		false		pending_fulltext_review	PN-A		P1.10 background B (SIFTS 2026-09-13 + wwPDB 2026-09-12) + SIFTS families 2026-09-20
PNC-P76016	P76016	Q9RZA4	26	1	PF01590			639	0.8464	3	8	0.4977	0.4617	X-RAY DIFFRACTION	2.32	1	completed	europepmc_primary	0		false		pending_fulltext_review	PN-B		P1.10 background B (SIFTS 2026-09-13 + wwPDB 2026-09-12) + SIFTS families 2026-09-20
PNC-P9WG45	P9WG45	Q9RZA4	13	1	PF02518			675	0.8940	21	64	1.0000	0.9230	ELECTRON MICROSCOPY;X-RAY DIFFRACTION	1.95	8	completed	europepmc_primary	0		false		pending_fulltext_review	PN-A		P1.10 background B (SIFTS 2026-09-13 + wwPDB 2026-09-12) + SIFTS families 2026-09-20
PNC-P9WG65	P9WG65	Q9YA14	6	1	PF00578			173	1.0745	1	1	0.7861	0.7746	X-RAY DIFFRACTION	1.12	1	completed	europepmc_primary	0		false		pending_fulltext_review	PN-C		P1.10 background B (SIFTS 2026-09-13 + wwPDB 2026-09-12) + SIFTS families 2026-09-20
PNC-P9WID9	P9WID9	Q9YA14	3	1	PF00578			154	0.9565	1	1	1.0000	0.9935	X-RAY DIFFRACTION	1.35	0	completed	europepmc_primary	0		false		pending_fulltext_review	PN-C		P1.10 background B (SIFTS 2026-09-13 + wwPDB 2026-09-12) + SIFTS families 2026-09-20
PNC-P9WIE2	P9WIE2	Q9YA14	5	1	PF00578			153	0.9503	1	4	1.0000	1.0000	X-RAY DIFFRACTION	1.90	2	completed	europepmc_primary	0		false		pending_fulltext_review	PN-A		P1.10 background B (SIFTS 2026-09-13 + wwPDB 2026-09-12) + SIFTS families 2026-09-20
PNC-P9WIE3	P9WIE3	Q9YA14	4	1	PF00578			153	0.9503	6	16	1.0000	1.0000	X-RAY DIFFRACTION	1.45	4	completed	europepmc_primary	0		false		pending_fulltext_review	PN-A		P1.10 background B (SIFTS 2026-09-13 + wwPDB 2026-09-12) + SIFTS families 2026-09-20
PNC-P9WQB7	P9WQB7	Q9YA14	13	1	PF00578			195	1.2112	1	3	1.0000	0.9128	X-RAY DIFFRACTION	2.40	1	completed	europepmc_primary	0		false		pending_fulltext_review	PN-C		P1.10 background B (SIFTS 2026-09-13 + wwPDB 2026-09-12) + SIFTS families 2026-09-20
PNC-Q04120	Q04120	Q9YA14	14	1	PF00578			196	1.2174	3	30	1.0000	0.9949	X-RAY DIFFRACTION	2.20	2	completed	europepmc_primary	0		false		pending_fulltext_review	PN-A		P1.10 background B (SIFTS 2026-09-13 + wwPDB 2026-09-12) + SIFTS families 2026-09-20
PNC-Q04519	Q04519	Q08209	16	1	PF00149			627	1.2035	4	10	0.8421	0.8405	X-RAY DIFFRACTION	2.54	1	completed	europepmc_primary	9		false		pending_fulltext_review	PN-B		P1.10 background B (SIFTS 2026-09-13 + wwPDB 2026-09-12) + SIFTS families 2026-09-20
PNC-Q06830	Q06830	Q9YA14	17	1	PF00578			199	1.2360	20	57	1.0000	0.9598	X-RAY DIFFRACTION	1.45	11	completed	europepmc_primary	14	domain_swapping	true	39452701:domain_swapping	pending_fulltext_review	EXITED		P1.10 background B (SIFTS 2026-09-13 + wwPDB 2026-09-12) + SIFTS families 2026-09-20
PNC-Q09683	Q09683	Q08209	19	1	PF00149			649	1.2457	4	8	0.6271	0.6040	X-RAY DIFFRACTION	2.20	1	completed	europepmc_primary	0		false		pending_fulltext_review	PN-B		P1.10 background B (SIFTS 2026-09-13 + wwPDB 2026-09-12) + SIFTS families 2026-09-20
PNC-Q13162	Q13162	Q9YA14	29	1	PF00578			271	1.6832	14	87	1.0000	0.7269	ELECTRON MICROSCOPY;X-RAY DIFFRACTION	1.80	5	completed	europepmc_primary	0		false		pending_fulltext_review	PN-A		P1.10 background B (SIFTS 2026-09-13 + wwPDB 2026-09-12) + SIFTS families 2026-09-20
PNC-Q28156	Q28156	Q9RZA4	21	1	PF01590			865	1.1457	3	6	0.4162	0.4000	ELECTRON MICROSCOPY	3.06	3	completed	europepmc_primary	0		false		pending_fulltext_review	PN-B		P1.10 background B (SIFTS 2026-09-13 + wwPDB 2026-09-12) + SIFTS families 2026-09-20
PNC-Q4Q4I6	Q4Q4I6	Q12931	11	1	PF00183					6	9			X-RAY DIFFRACTION	1.77	1	completed	europepmc_primary	0		false		pending_fulltext_review	PN-B		P1.10 background B (SIFTS 2026-09-13 + wwPDB 2026-09-12) + SIFTS families 2026-09-20
PNC-Q4WUR1	Q4WUR1	Q08209	6	1	PF00149			534	1.0250	2	2	0.6910	0.6704	X-RAY DIFFRACTION	1.90	2	completed	europepmc_primary	0		false		pending_fulltext_review	PN-B		P1.10 background B (SIFTS 2026-09-13 + wwPDB 2026-09-12) + SIFTS families 2026-09-20
PNC-Q55168	Q55168	Q9RZA4	2	1	PF00360;PF01590;PF08446			748	0.9907	3	6	0.6872	0.6858	X-RAY DIFFRACTION	1.95	3	completed	europepmc_primary	1		false		pending_fulltext_review	PN-B		P1.10 background B (SIFTS 2026-09-13 + wwPDB 2026-09-12) + SIFTS families 2026-09-20
PNC-Q56310	Q56310	Q9RZA4	15	1	PF02518			671	0.8887	23	42	0.5648	0.5648	ELECTRON MICROSCOPY;SOLUTION NMR;X-RAY DIFFRACTION	0.98	11	completed	europepmc_primary	4	domain_swapping	true	41524594:domain_swapping;11244058:domain_swapping	pending_fulltext_review	EXITED		P1.10 background B (SIFTS 2026-09-13 + wwPDB 2026-09-12) + SIFTS families 2026-09-20
PNC-Q58719	Q58719	Q08209	27	1	PF00149			366	0.7025	6	18	1.0000	1.0000	X-RAY DIFFRACTION	3.10	2	completed	europepmc_primary	0		false		pending_fulltext_review	PN-A		P1.10 background B (SIFTS 2026-09-13 + wwPDB 2026-09-12) + SIFTS families 2026-09-20
PNC-Q58N30	Q58N30	P19726	2	1	PF21703					1	7			ELECTRON MICROSCOPY	4.60	1	completed	europepmc_primary	0		false		pending_fulltext_review	PN-C		P1.10 background B (SIFTS 2026-09-13 + wwPDB 2026-09-12) + SIFTS families 2026-09-20
PNC-Q59961	Q59961	Q9RZA4	24	1	PF02518			647	0.8570	25	47	1.0000	0.8578	X-RAY DIFFRACTION	1.70	10	completed	europepmc_primary	0		false		pending_fulltext_review	PN-A		P1.10 background B (SIFTS 2026-09-13 + wwPDB 2026-09-12) + SIFTS families 2026-09-20
PNC-Q5JF30	Q5JF30	Q9YA14	20	1	PF00578			216	1.3416	4	18	1.0000	0.9954	ELECTRON MICROSCOPY;X-RAY DIFFRACTION	2.35	2	completed_truncated	europepmc_primary	118	domain_swapping;fold_switching	true	41226413:fold_switching;39452701:domain_swapping	pending_fulltext_review	EXITED		P1.10 background B (SIFTS 2026-09-13 + wwPDB 2026-09-12) + SIFTS families 2026-09-20
PNC-Q5SHZ4	Q5SHZ4	Q9RZA4	28	1	PF02518			634	0.8397	2	3	0.6151	0.6057	X-RAY DIFFRACTION	1.94	2	completed	europepmc_primary	0		false		pending_fulltext_review	PN-B		P1.10 background B (SIFTS 2026-09-13 + wwPDB 2026-09-12) + SIFTS families 2026-09-20
PNC-Q63716	Q63716	Q9YA14	18	1	PF00578			199	1.2360	2	12	1.0000	0.9899	X-RAY DIFFRACTION	2.60	2	completed	europepmc_primary	0		false		pending_fulltext_review	PN-A		P1.10 background B (SIFTS 2026-09-13 + wwPDB 2026-09-12) + SIFTS families 2026-09-20
PNC-Q7DMN9	Q7DMN9	P38505	23	1	PF13499			149	1.1119	1	1	1.0000	0.9933	X-RAY DIFFRACTION	2.00	1	completed	europepmc_primary	0		false		pending_fulltext_review	PN-C		P1.10 background B (SIFTS 2026-09-13 + wwPDB 2026-09-12) + SIFTS families 2026-09-20
PNC-Q81SZ9	Q81SZ9	Q9YA14	7	1	PF00578			173	1.0745	1	4	0.8324	0.8324	X-RAY DIFFRACTION	1.35	0	completed	europepmc_primary	0		false		pending_fulltext_review	PN-C		P1.10 background B (SIFTS 2026-09-13 + wwPDB 2026-09-12) + SIFTS families 2026-09-20
PNC-Q839Z1	Q839Z1	Q9RZA4	25	1	PF02518			642	0.8503	8	8	0.3224	0.2960	X-RAY DIFFRACTION	1.30	1	completed	europepmc_primary	4		false		pending_fulltext_review	PN-B		P1.10 background B (SIFTS 2026-09-13 + wwPDB 2026-09-12) + SIFTS families 2026-09-20
PNC-Q84XU2	Q84XU2	Q08209	7	1	PF00149			538	1.0326	2	4	1.0000	0.8922	X-RAY DIFFRACTION	2.10	1	completed	europepmc_primary	1		false		pending_fulltext_review	PN-B		P1.10 background B (SIFTS 2026-09-13 + wwPDB 2026-09-12) + SIFTS families 2026-09-20
PNC-Q8CG03	Q8CG03	Q9RZA4	22	1	PF01590			865	1.1457	1	1	0.1931	0.1723	SOLUTION NMR		1	completed	europepmc_primary	0		false		pending_fulltext_review	PN-C		P1.10 background B (SIFTS 2026-09-13 + wwPDB 2026-09-12) + SIFTS families 2026-09-20
PNC-Q8I2X3	Q8I2X3	Q08209	22	1	PF00149			396	0.7601	1	1	0.8636	0.7955	X-RAY DIFFRACTION	1.70	1	completed	europepmc_primary	0		false		pending_fulltext_review	PN-C		P1.10 background B (SIFTS 2026-09-13 + wwPDB 2026-09-12) + SIFTS families 2026-09-20
PNC-Q8I5Q6	Q8I5Q6	Q9YA14	21	1	PF00578			216	1.3416	1	2	0.9213	0.8102	X-RAY DIFFRACTION	1.78	1	completed	europepmc_primary	1		false		pending_fulltext_review	PN-C		P1.10 background B (SIFTS 2026-09-13 + wwPDB 2026-09-12) + SIFTS families 2026-09-20
PNC-Q8IC05	Q8IC05	Q12931	14	1	PF00183					1	2			X-RAY DIFFRACTION	2.30	1	completed	europepmc_primary	0		false		pending_fulltext_review	PN-C		P1.10 background B (SIFTS 2026-09-13 + wwPDB 2026-09-12) + SIFTS families 2026-09-20
PNC-Q8IL32	Q8IL32	Q12931	13	1	PF00183					2	3			X-RAY DIFFRACTION	1.88	1	completed	europepmc_primary	0		false		pending_fulltext_review	PN-B		P1.10 background B (SIFTS 2026-09-13 + wwPDB 2026-09-12) + SIFTS families 2026-09-20
PNC-Q8LTE3	Q8LTE3	P00573	3	1	PF00940					3	3			X-RAY DIFFRACTION	2.50	1	completed	europepmc_primary	0		false		pending_fulltext_review	PN-B		P1.10 background B (SIFTS 2026-09-13 + wwPDB 2026-09-12) + SIFTS families 2026-09-20
PNC-Q8NI22	Q8NI22	P38505	2	1	PF13499			146	1.0896	17	48	0.8493	0.6918	ELECTRON MICROSCOPY;SOLUTION NMR;X-RAY DIFFRACTION	1.60	6	completed	europepmc_primary	0		false		pending_fulltext_review	PN-A		P1.10 background B (SIFTS 2026-09-13 + wwPDB 2026-09-12) + SIFTS families 2026-09-20
PNC-Q8P9V9	Q8P9V9	Q9YA14	1	1	PF00578			160	0.9938	18	19	1.0000	0.9938	X-RAY DIFFRACTION	1.04	2	completed	europepmc_primary	0		false		pending_fulltext_review	PN-A		P1.10 background B (SIFTS 2026-09-13 + wwPDB 2026-09-12) + SIFTS families 2026-09-20
PNC-Q8U1N9	Q8U1N9	Q08209	18	1	PF00149			426	0.8177	8	12	0.8052	0.7817	X-RAY DIFFRACTION	2.10	5	completed	europepmc_primary	0		false		pending_fulltext_review	PN-A		P1.10 background B (SIFTS 2026-09-13 + wwPDB 2026-09-12) + SIFTS families 2026-09-20
PNC-Q92484	Q92484	Q08209	13	1	PF00149			453	0.8695	2	6	0.9227	0.9227	X-RAY DIFFRACTION	2.60	1	completed	europepmc_primary	0		false		pending_fulltext_review	PN-B		P1.10 background B (SIFTS 2026-09-13 + wwPDB 2026-09-12) + SIFTS families 2026-09-20
PNC-Q96291	Q96291	Q9YA14	28	1	PF00578			266	1.6522	1	10	0.7293	0.7293	X-RAY DIFFRACTION	2.60	1	completed	europepmc_primary	1		false		pending_fulltext_review	PN-C		P1.10 background B (SIFTS 2026-09-13 + wwPDB 2026-09-12) + SIFTS families 2026-09-20
PNC-Q9HWR3	Q9HWR3	Q9RZA4	5	1	PF00360;PF01590;PF02518;PF08446			728	0.9642	10	29	1.0000	1.0000	ELECTRON MICROSCOPY;X-RAY DIFFRACTION	2.55	5	completed	europepmc_primary	0		false		pending_fulltext_review	PN-A		P1.10 background B (SIFTS 2026-09-13 + wwPDB 2026-09-12) + SIFTS families 2026-09-20
PNC-Q9I7C2	Q9I7C2	Q9RZA4	9	1	PF02518			806	1.0675	5	10	0.2742	0.2630	X-RAY DIFFRACTION	1.32	3	completed	europepmc_primary	4		false		pending_fulltext_review	PN-B		P1.10 background B (SIFTS 2026-09-13 + wwPDB 2026-09-12) + SIFTS families 2026-09-20
PNC-Q9LR78	Q9LR78	Q08209	29	1	PF00149			793	1.5221	3	8	0.4704	0.4338	X-RAY DIFFRACTION	1.60	2	completed	europepmc_primary	0		false		pending_fulltext_review	PN-B		P1.10 background B (SIFTS 2026-09-13 + wwPDB 2026-09-12) + SIFTS families 2026-09-20
PNC-Q9NZT1	Q9NZT1	P38505	3	1	PF13499			146	1.0896	1	1	0.4863	0.4863	SOLUTION NMR		1	completed	europepmc_primary	0		false		pending_fulltext_review	PN-C		P1.10 background B (SIFTS 2026-09-13 + wwPDB 2026-09-12) + SIFTS families 2026-09-20
PNC-Q9R6X3	Q9R6X3	Q9RZA4	1	1	PF00360;PF01590;PF08446			751	0.9947	1	2	0.6858	0.6112	X-RAY DIFFRACTION	3.35	1	completed	europepmc_primary	0		false		pending_fulltext_review	PN-C		P1.10 background B (SIFTS 2026-09-13 + wwPDB 2026-09-12) + SIFTS families 2026-09-20
PNC-Q9RQQ9	Q9RQQ9	Q9RZA4	3	1	PF02518			769	1.0185	1	2	0.3212	0.3004	X-RAY DIFFRACTION	2.50	1	completed	europepmc_primary	0		false		pending_fulltext_review	PN-C		P1.10 background B (SIFTS 2026-09-13 + wwPDB 2026-09-12) + SIFTS families 2026-09-20
PNC-Q9SIF2	Q9SIF2	Q12931	6	1	PF00183			780	1.1080	2	4	0.5282	0.5282	X-RAY DIFFRACTION	3.01	1	completed	europepmc_primary	0		false		pending_fulltext_review	PN-B		P1.10 background B (SIFTS 2026-09-13 + wwPDB 2026-09-12) + SIFTS families 2026-09-20
PNC-Q9SRP5	Q9SRP5	P38505	1	1	PF13499			131	0.9776	1	1	0.5038	0.5038	SOLUTION NMR		1	completed	europepmc_primary	0		false		pending_fulltext_review	PN-C		P1.10 background B (SIFTS 2026-09-13 + wwPDB 2026-09-12) + SIFTS families 2026-09-20
PNC-Q9X1X0	Q9X1X0	Q08209	24	1	PF00149			385	0.7390	14	28	0.9844	0.9506	X-RAY DIFFRACTION	1.90	7	completed	europepmc_primary	0		false		pending_fulltext_review	PN-A		P1.10 background B (SIFTS 2026-09-13 + wwPDB 2026-09-12) + SIFTS families 2026-09-20
PNC-Q9Y9L0	Q9Y9L0	Q9YA14	24	1	PF00578			250	1.5528	21	200	1.0000	0.9840	X-RAY DIFFRACTION	1.65	7	completed_truncated	europepmc_primary	118	domain_swapping;fold_switching	true	41226413:fold_switching;39452701:domain_swapping	pending_fulltext_review	EXITED		P1.10 background B (SIFTS 2026-09-13 + wwPDB 2026-09-12) + SIFTS families 2026-09-20
