uniprot_accession	reason	detail
B9W5G6	fs_strict_positive	porter_68_3zwgN__4tsyD
O00757	fs_extension	porter_48_3ifaA__5et5A
O18423	fs_extension	porter_2_5ec5P__3zxgB
O60462	fs_fragment_evidence	porter_81_4qdsA__2qqjA
O76074	fs_extension	porter_90_1rkpA__2h44A
O88273	fs_extension	porter_47_4jphB__5hk5H
P00441	fs_extension	porter_3_1uxmK__2namA
P00573	fs_strict_positive	porter_51_1h38D__1qlnA
P01009	fs_extension	porter_75_3t1pA__1kctA
P01024	fs_extension	porter_86_2a73B__3l5nB
P02647	fs_extension	porter_49_3k2sA__2a01C
P03101	fs_extension	porter_37_5keqF__1dzlA
P03420	fs_fragment_evidence	porter_1_1g2cF__5c6bF
P04127	fs_extension	porter_31_5fluE__2uy7D
P09167	fs_extension	porter_82_5jzhA__5jztG
P09545	fs_extension	porter_92_3o44A__1xezA
P0C2X0	fs_extension	porter_79_5i2mA__5i2sA
P11209	fs_fragment_evidence	porter_1_1g2cF__5c6bF
P18887	fs_extension	porter_59_1xntA__3lqcA
P19726	fs_strict_positive	porter_9_3j7wB__3j7vG
P20486	fs_fragment_evidence	porter_32_3qy2A__1qb3A
P21964	fs_extension	porter_83_4pyiA__4pyjA
P27359	fs_extension	porter_54_3hdeA__3hdfA
P36057	fs_extension	porter_36_2gedB__1nrjB
P37840	fs_extension	porter_95_2n0aD__2kkwA
P38505	fs_strict_positive	porter_77_2nxqB__1jfkA
P47992	fs_extension	porter_65_2hdmA__2n54B
P49643	fs_fragment_evidence	porter_35_4rr2D__3l9qB
P68431	fs_extension	porter_94_3kuyA__5c3iF
P84233	fs_extension	porter_94_3kuyA__5c3iF
Q04114	fs_extension	porter_60_2axzA__2grmB
Q04IN8	fs_extension	porter_5_5aoeB__5ly6B
Q08209	fs_strict_positive	porter_20_5c1vA__5c1vB
Q12931	fs_strict_positive	porter_80_5f3kA__5f5rB
Q3L181	fs_extension	porter_88_3uyiA__3v0tA
Q58AD3	fs_strict_positive	porter_87_2k0qA__2lelA
Q7ZAK5	fs_extension	porter_5_5aoeB__5ly6B
Q8DLM0	fs_extension	porter_43_1x0gA__1x0gD
Q8E473	fs_strict_positive	porter_72_4rmbA__4rmbB
Q9HTL4	fs_extension	porter_38_4y0mJ__4xwsD
Q9RZA4	fs_strict_positive	porter_62_4o0pA__4o01D
Q9UMR2	fs_extension	porter_69_3ewsB__3g0hA
Q9X721	fs_extension	porter_30_1nqdA__1nqjB
Q9YA14	fs_strict_positive	porter_61_4gqcC__4gqcB
