chain_a	chain_b	tm_min
3ndw_A	3ndx_A	0.99977
4dp9_X	4dpb_X	0.99968
3dk1_A	6cdj_A	0.99814
3ec0_A	3ecg_A	0.99852
5waa_A	6n3x_A	0.99904
3i6o_A	6cdj_A	0.99666
3dk1_A	3i6o_A	0.9964
2yl1_A	3zqy_A	0.99986
1y55_X	2fhl_A	0.99894
3a2o_A	6cdj_A	0.99646
3nu3_A	3nu6_A	0.99468
3nu3_A	6cdj_A	0.99474
2f01_A	4cpf_A	0.98151
3dk1_A	3nu3_A	0.99536
1luq_A	2f01_A	0.98122
3ndw_A	3oxc_A	0.99488
3ndw_A	3toh_A	0.99495
3nu6_A	5jg1_A	0.99577
2fhl_A	2of8_A	0.99776
3ndx_A	3toh_A	0.99517
1cxq_A	1czb_A	0.98516
4ky2_A	4qxv_A	0.99776
2anv_A	2anx_A	0.99299
3a2o_A	3nu3_A	0.99599
3a2o_A	3dk1_A	0.99499
3a2o_A	3i6o_A	0.99489
3rcg_A	4o8h_A	0.99961
5rtx_A	5rv7_A	0.99989
5rtx_A	5ru0_A	0.99971
5rtx_A	7hpy_A	0.99957
5rtx_A	5sq8_A	0.99943
5rtx_A	7heq_A	0.99937
5rtx_A	5ru1_A	0.99941
5rtx_A	5rvb_A	0.99962
5rtx_A	5rv9_A	0.99948
5rtx_A	7hct_A	0.99938
5rtx_A	5sq5_A	0.99957
5rtx_A	5sqa_A	0.9994
5rtx_A	5sqb_A	0.99947
5rtx_A	5rv8_A	0.9993
5rtx_A	5sq6_A	0.9994
5rtx_A	7hcu_A	0.99935
5rtx_A	7hfl_A	0.99943
5rtx_A	5sqd_A	0.9993
5rtx_A	5sqc_A	0.99954
3wjd_A	3wjg_A	0.99947
5ru1_A	5rv9_A	0.99964
5ru1_A	5rvb_A	0.99976
5ru1_A	7hpy_A	0.99968
5ru1_A	5rv7_A	0.99953
5ru1_A	5sqa_A	0.99941
5ru1_A	5rv8_A	0.99966
5ru1_A	5rva_A	0.99962
5ru1_A	5sq7_A	0.99938
5ru1_A	5sq5_A	0.99962
5ru1_A	5sq8_A	0.99949
5ru1_A	7hct_A	0.99953
5ru1_A	7heq_A	0.99961
5ru1_A	5rue_A	0.99966
5ru1_A	5sq6_A	0.99942
5ru1_A	7hd3_A	0.99949
5ru1_A	7hcu_A	0.99948
5ru1_A	5sqb_A	0.99953
5ru1_A	7hfl_A	0.99954
5ru1_A	7hd5_A	0.9993
5ru1_A	5sqc_A	0.99957
5rv8_A	5rvb_A	0.99981
5rv8_A	5rva_A	0.9997
5rv8_A	7hd5_A	0.99939
5rv8_A	7hpy_A	0.9997
5rv8_A	5sq5_A	0.99962
5rv8_A	5sqb_A	0.99954
5rv8_A	7heq_A	0.99969
5rv8_A	5sq7_A	0.9994
5rv8_A	5sq8_A	0.99954
5rv8_A	7hd3_A	0.99945
5rv8_A	5rv9_A	0.99968
5rv8_A	5sqc_A	0.99957
5rv8_A	5sq6_A	0.99948
5rv8_A	7hct_A	0.99955
5rv8_A	5sqd_A	0.99938
5rv8_A	5sqa_A	0.99946
5rv8_A	7hcu_A	0.9995
5rv8_A	7hfl_A	0.99959
5sqd_A	7hct_A	0.99947
5sqd_A	7heq_A	0.99946
5sqd_A	7hpy_A	0.99955
5sqd_A	7hcu_A	0.99938
5sqd_A	7hfl_A	0.99941
4css_A	4cst_A	0.97428
5sqa_A	7heq_A	0.99957
5sqa_A	7hct_A	0.99962
5sqa_A	5sqd_A	0.99976
5sqa_A	7hpy_A	0.99968
5sqa_A	5sqb_A	0.99953
5sqa_A	7hcu_A	0.99956
5sqa_A	7hfl_A	0.99953
5sqa_A	7hd3_A	0.99948
5sqa_A	5sqc_A	0.99963
5rtz_A	5ru2_A	0.99943
5rtz_A	5rue_A	0.99967
5rtz_A	5ru1_A	0.99972
5rtz_A	7hpy_A	0.99959
5rtz_A	5rvb_A	0.9997
5rtz_A	5rv3_A	0.99931
5rtz_A	5rv9_A	0.99956
5rtz_A	5rv8_A	0.99973
5rtz_A	5sq7_A	0.99931
5rtz_A	5rva_A	0.99967
5rtz_A	5sq8_A	0.99941
5rtz_A	7hd3_A	0.99941
5rtz_A	7heq_A	0.99954
5rtz_A	7hcu_A	0.99933
5rtz_A	7hfl_A	0.99944
5rtz_A	5sq5_A	0.9995
5rtz_A	5sqa_A	0.99932
5rtz_A	5sqb_A	0.99943
5rtz_A	5sqc_A	0.99946
5rtz_A	5sq6_A	0.99932
5rtz_A	7hct_A	0.99945
5rsq_A	5ru0_A	0.99964
5rsq_A	5ru1_A	0.99936
5rsq_A	5rtx_A	0.99946
5rsq_A	7hpy_A	0.99944
5rsq_A	5rvb_A	0.99953
5rsq_A	5rv8_A	0.9993
5rsq_A	5rv9_A	0.99945
5rsq_A	5rv7_A	0.99957
5rsq_A	5rt4_A	0.99931
5rsq_A	5rsz_A	0.99947
5rsq_A	5sq5_A	0.99938
5rsq_A	5sq8_A	0.99939
5rsq_A	5sq7_A	0.99932
5rsq_A	7hfl_A	0.99932
5rsq_A	5sqa_A	0.99931
5rsq_A	5sq6_A	0.99935
5rsq_A	7hcu_A	0.99937
5rsq_A	7hct_A	0.99937
5rsq_A	5sqc_A	0.9993
7heq_A	7hpy_A	0.99989
7heq_A	7hfl_A	0.9999
7heq_A	7hf0_A	0.99956
7heq_A	7hf1_A	0.99945
3dk1_A	5jg1_A	0.99344
1luq_A	4cpf_A	0.98869
5rva_A	5sqb_A	0.99954
5rva_A	5sqc_A	0.9996
5rva_A	7hpy_A	0.99963
5rva_A	5sq5_A	0.99963
5rva_A	5rvb_A	0.99972
5rva_A	5sq8_A	0.99954
5rva_A	5sq7_A	0.99941
5rva_A	5sqa_A	0.99946
5rva_A	7heq_A	0.99955
5rva_A	7hct_A	0.9995
5rva_A	5sq6_A	0.99945
5rva_A	7hfl_A	0.99951
5rva_A	7hd3_A	0.99942
5rva_A	7hcu_A	0.99946
5rva_A	5sqd_A	0.99936
5sqb_A	5sqc_A	0.99991
5sqb_A	7hpy_A	0.99982
5sqb_A	7hf0_A	0.99932
5sqb_A	7hd5_A	0.99937
5sqb_A	7heq_A	0.99969
5sqb_A	7hct_A	0.99967
5sqb_A	7hfl_A	0.9997
5sqb_A	7hcu_A	0.99961
5sqb_A	7hd3_A	0.99955
5sqb_A	7hf1_A	0.99931
5sqb_A	5sqd_A	0.99937
5rss_A	5rsz_A	0.99944
5rss_A	7heq_A	0.99931
5rss_A	5rst_A	0.99933
5rss_A	5rt4_A	0.99932
5rsz_A	5rvb_A	0.99989
5rsz_A	5rv9_A	0.99981
5rsz_A	7hpy_A	0.99983
5rsz_A	5rtx_A	0.99946
5rsz_A	5sq8_A	0.99973
5rsz_A	5sq7_A	0.99961
5rsz_A	7hct_A	0.99967
5rsz_A	5rv8_A	0.99977
5rsz_A	5ru1_A	0.99972
5rsz_A	5sq6_A	0.99961
5rsz_A	5rue_A	0.99968
5rsz_A	5rv7_A	0.9996
5rsz_A	7hd3_A	0.99955
5rsz_A	7heq_A	0.99974
5rsz_A	5ru0_A	0.99954
5rsz_A	5rty_A	0.99974
5rsz_A	5sqb_A	0.9996
5rsz_A	7hcu_A	0.99961
5rsz_A	7hd5_A	0.99939
5rsz_A	5rtz_A	0.99966
5rsz_A	5sqa_A	0.99959
5rsz_A	5ru2_A	0.99933
5rsz_A	7hfl_A	0.99968
5rsz_A	5sqd_A	0.99942
5rsz_A	5sq5_A	0.9997
5rsz_A	5rt4_A	0.99983
5rsz_A	5rva_A	0.9996
5rsz_A	5sqc_A	0.99963
3x0n_A	3x0s_A	0.99251
7hd5_A	7heq_A	0.99975
7hd5_A	7hf0_A	0.99949
7hd5_A	7hpy_A	0.99959
7hd5_A	7hf1_A	0.99932
7hd5_A	7hfl_A	0.99965
5ru2_A	5rv8_A	0.99942
5ru2_A	5rue_A	0.99935
5ru2_A	5rva_A	0.99947
5rue_A	7hpy_A	0.99961
5rue_A	5rvb_A	0.99974
5rue_A	5rv7_A	0.99939
5rue_A	5rva_A	0.99961
5rue_A	5rv3_A	0.9993
5rue_A	5rv8_A	0.99967
5rue_A	5sq8_A	0.99949
5rue_A	5rv9_A	0.99962
5rue_A	7hcu_A	0.99955
5rue_A	7hfl_A	0.99956
5rue_A	5sqb_A	0.99944
5rue_A	5sq7_A	0.99939
5rue_A	7hct_A	0.9996
5rue_A	5sqc_A	0.99948
5rue_A	7hf0_A	0.99932
5rue_A	7heq_A	0.99959
5rue_A	5sq6_A	0.99939
5rue_A	7hd3_A	0.99954
5rue_A	5sq5_A	0.99953
5rue_A	7hd5_A	0.9994
5rue_A	5sqa_A	0.99939
7hfl_A	7hpy_A	0.99986
3aub_A	3wny_A	0.94692
13rt_A	7hpy_A	0.99957
13rt_A	7heq_A	0.99951
13rt_A	5sq5_A	0.99944
13rt_A	5rt4_A	0.99931
13rt_A	5sq6_A	0.99947
13rt_A	5rvb_A	0.99947
13rt_A	7hcu_A	0.99948
13rt_A	5sq7_A	0.99946
13rt_A	5sq8_A	0.99956
13rt_A	7hd3_A	0.99935
13rt_A	5sqc_A	0.99936
13rt_A	7hct_A	0.99946
13rt_A	7hfl_A	0.99942
13rt_A	5rv9_A	0.99941
13rt_A	5rsz_A	0.99946
3x0k_A	3x0s_A	0.99227
5rvb_A	7hpy_A	0.9999
5rvb_A	5sq8_A	0.99974
5rvb_A	5sq7_A	0.99962
5rvb_A	7hct_A	0.99977
5rvb_A	5sq6_A	0.99964
5rvb_A	5sqb_A	0.99976
5rvb_A	7hd3_A	0.99964
5rvb_A	7heq_A	0.99979
5rvb_A	7hcu_A	0.99971
5rvb_A	5sq5_A	0.99981
5rvb_A	7hd5_A	0.99947
5rvb_A	7hfl_A	0.99979
5rvb_A	5sqc_A	0.99979
5rvb_A	5sqa_A	0.99964
5rvb_A	5sqd_A	0.9995
5rvb_A	7hf0_A	0.99937
5rvb_A	7hf1_A	0.99938
3f18_A	3f19_A	0.99957
5rv9_A	5rvb_A	0.99985
5rv9_A	7hpy_A	0.9998
5rv9_A	5sq8_A	0.99969
5rv9_A	5sqb_A	0.99963
5rv9_A	5sq7_A	0.99958
5rv9_A	7hct_A	0.99966
5rv9_A	5rva_A	0.99962
5rv9_A	5sq6_A	0.99958
5rv9_A	5sq5_A	0.99971
5rv9_A	7hd3_A	0.99952
5rv9_A	7heq_A	0.99968
5rv9_A	5sqc_A	0.99969
5rv9_A	7hcu_A	0.99964
5rv9_A	7hd5_A	0.99938
5rv9_A	7hfl_A	0.99967
5rv9_A	5sqa_A	0.99956
5rv9_A	5sqd_A	0.9994
5sq8_A	7hpy_A	0.9998
5sq8_A	5sqb_A	0.99957
5sq8_A	7heq_A	0.99971
5sq8_A	7hct_A	0.99965
5sq8_A	5sqa_A	0.99971
5sq8_A	5sqc_A	0.99967
5sq8_A	7hfl_A	0.99968
5sq8_A	7hcu_A	0.99965
5sq8_A	7hd3_A	0.99952
5sq8_A	7hd5_A	0.99932
5sq8_A	5sqd_A	0.9995
4r9a_A	5iuq_A	0.99812
7hf0_A	7hf1_A	0.99935
7hf0_A	7hpy_A	0.99946
7hf0_A	7hfl_A	0.9995
5rst_A	5rv8_A	0.99984
5rst_A	5rt4_A	0.99973
5rst_A	5rva_A	0.99966
5rst_A	5rty_A	0.99958
5rst_A	5rtz_A	0.99969
5rst_A	5rvb_A	0.99965
5rst_A	5sq5_A	0.99948
5rst_A	7hd5_A	0.99933
5rst_A	5ru2_A	0.99959
5rst_A	7hpy_A	0.99955
5rst_A	5sqb_A	0.99941
5rst_A	5sqc_A	0.99944
5rst_A	5rue_A	0.9996
5rst_A	5rv9_A	0.99959
5rst_A	7hd3_A	0.99934
5rst_A	7heq_A	0.99956
5rst_A	5rsz_A	0.99967
5rst_A	5sq7_A	0.99931
5rst_A	5sq8_A	0.99942
5rst_A	5ru1_A	0.99955
5rst_A	7hct_A	0.9994
5rst_A	5sq6_A	0.9993
5rst_A	7hcu_A	0.99932
5rst_A	5sqa_A	0.99931
5rst_A	7hfl_A	0.99944
3ndx_A	3oxc_A	0.99409
7hd3_A	7heq_A	0.99974
7hd3_A	7hpy_A	0.99973
7hd3_A	7hd5_A	0.99963
7hd3_A	7hfl_A	0.99969
7hd3_A	7hf0_A	0.99962
7hd3_A	7hf1_A	0.99939
7hf1_A	7hfl_A	0.99948
7hf1_A	7hpy_A	0.99947
7hcu_A	7hfl_A	0.99985
7hcu_A	7heq_A	0.99979
7hcu_A	7hpy_A	0.99979
7hcu_A	7hd3_A	0.99975
7hcu_A	7hd5_A	0.99952
7hcu_A	7hf0_A	0.99956
7hcu_A	7hf1_A	0.99952
5ru0_A	5rv7_A	0.99965
5ru0_A	7hpy_A	0.99953
5ru0_A	7hfl_A	0.99936
5ru0_A	5sq8_A	0.99937
5ru0_A	5rv9_A	0.99946
5ru0_A	5sqb_A	0.99937
5ru0_A	5rvb_A	0.99959
5ru0_A	7heq_A	0.99935
5ru0_A	5ru1_A	0.99941
5ru0_A	7hct_A	0.99933
5ru0_A	5rv8_A	0.99934
5ru0_A	5sq6_A	0.99933
5ru0_A	5sqc_A	0.9994
5ru0_A	5sq5_A	0.99947
5ru0_A	5sqa_A	0.99932
5sq5_A	5sqb_A	0.99977
5sq5_A	5sq7_A	0.99961
5sq5_A	7hd5_A	0.99934
5sq5_A	5sq8_A	0.99976
5sq5_A	5sqc_A	0.99983
5sq5_A	7heq_A	0.99972
5sq5_A	7hf0_A	0.99941
5sq5_A	7hpy_A	0.99986
5sq5_A	5sqa_A	0.99978
5sq5_A	5sq6_A	0.99972
5sq5_A	5sqd_A	0.99969
5sq5_A	7hct_A	0.99975
5sq5_A	7hd3_A	0.99961
5sq5_A	7hcu_A	0.99967
5sq5_A	7hf1_A	0.99936
5sq5_A	7hfl_A	0.99971
5sqc_A	7hf0_A	0.99934
5sqc_A	7hpy_A	0.99982
5sqc_A	7hd5_A	0.99934
5sqc_A	7hf1_A	0.99939
5sqc_A	7heq_A	0.99967
5sqc_A	7hct_A	0.99971
5sqc_A	7hd3_A	0.99953
5sqc_A	7hfl_A	0.99969
5sqc_A	7hcu_A	0.99966
5sqc_A	5sqd_A	0.99945
1swy_A	1swz_A	0.99985
1swy_A	1sx2_A	0.9934
5sq6_A	7hpy_A	0.99972
5sq6_A	5sq8_A	0.99981
5sq6_A	7hct_A	0.9996
5sq6_A	7heq_A	0.99962
5sq6_A	7hcu_A	0.99959
5sq6_A	5sq7_A	0.99965
5sq6_A	5sqd_A	0.99957
5sq6_A	7hfl_A	0.99957
5sq6_A	7hd3_A	0.99942
5sq6_A	5sqa_A	0.99971
5sq6_A	5sqb_A	0.99947
5sq6_A	5sqc_A	0.99958
5rty_A	5rv8_A	0.9996
5rty_A	5sqb_A	0.99946
5rty_A	7hpy_A	0.99967
5rty_A	5sq5_A	0.99952
5rty_A	5rvb_A	0.99972
5rty_A	5ru1_A	0.99959
5rty_A	5rva_A	0.99936
5rty_A	5sqc_A	0.99946
5rty_A	5rv9_A	0.99961
5rty_A	5sq8_A	0.9995
5rty_A	5rtz_A	0.99963
5rty_A	7heq_A	0.99959
5rty_A	5rue_A	0.99955
5rty_A	5ru2_A	0.99931
5rty_A	5sq6_A	0.99936
5rty_A	7hct_A	0.99954
5rty_A	5sq7_A	0.99942
5rty_A	7hfl_A	0.99952
5rty_A	5sqa_A	0.99936
5rty_A	7hcu_A	0.99944
5rty_A	7hd3_A	0.99946
5rsr_A	5rsz_A	0.99963
5rsr_A	7hpy_A	0.99943
5rsr_A	5sq8_A	0.99934
5rsr_A	5rvb_A	0.99952
5rsr_A	7heq_A	0.99952
5rsr_A	7hct_A	0.99934
5rsr_A	5rty_A	0.99963
5rsr_A	7hfl_A	0.99937
5rsr_A	5rv8_A	0.9997
5rsr_A	5sq5_A	0.9993
5rsr_A	5rt4_A	0.99965
5rsr_A	5rue_A	0.99948
5rsr_A	5rv9_A	0.99945
5rsr_A	5ru1_A	0.99947
5rsr_A	5rst_A	0.99962
5rsr_A	5rtz_A	0.99943
5rv7_A	5sqb_A	0.99956
5rv7_A	7hpy_A	0.99968
5rv7_A	5sqc_A	0.99962
5rv7_A	5rv8_A	0.99946
5rv7_A	5sq8_A	0.99954
5rv7_A	5rvb_A	0.99973
5rv7_A	5sq5_A	0.99964
5rv7_A	5rv9_A	0.99962
5rv7_A	5sq7_A	0.99941
5rv7_A	7heq_A	0.99951
5rv7_A	7hct_A	0.99953
5rv7_A	5sq6_A	0.99949
5rv7_A	7hd3_A	0.99935
5rv7_A	7hfl_A	0.99956
5rv7_A	7hcu_A	0.99952
5rv7_A	5sqa_A	0.99948
5rv7_A	5sqd_A	0.99936
5rt4_A	7hf0_A	0.9993
5rt4_A	5rty_A	0.99989
5rt4_A	5rv7_A	0.99939
5rt4_A	5rv8_A	0.99975
5rt4_A	5rva_A	0.99958
5rt4_A	5sq5_A	0.99962
5rt4_A	5sqb_A	0.99957
5rt4_A	7hpy_A	0.99976
5rt4_A	5sqc_A	0.99958
5rt4_A	5rtz_A	0.99974
5rt4_A	5sq8_A	0.99959
5rt4_A	7heq_A	0.99967
5rt4_A	5ru2_A	0.99944
5rt4_A	7hd5_A	0.99934
5rt4_A	5rvb_A	0.99984
5rt4_A	5sq7_A	0.99951
5rt4_A	5sqa_A	0.99944
5rt4_A	5ru0_A	0.99934
5rt4_A	5rue_A	0.99966
5rt4_A	7hd3_A	0.9995
5rt4_A	5ru1_A	0.99969
5rt4_A	7hct_A	0.9996
5rt4_A	7hfl_A	0.99961
5rt4_A	5rv9_A	0.99973
5rt4_A	5sq6_A	0.99948
5rt4_A	7hcu_A	0.99951
5sq7_A	5sq8_A	0.99988
5sq7_A	7heq_A	0.99958
5sq7_A	7hpy_A	0.99967
5sq7_A	5sqb_A	0.99943
5sq7_A	5sqa_A	0.99957
5sq7_A	7hd3_A	0.99946
5sq7_A	7hct_A	0.99953
5sq7_A	7hcu_A	0.99954
5sq7_A	5sqc_A	0.99951
5sq7_A	7hfl_A	0.99957
7fvz_A	7fw0_A	0.99725
7hct_A	7hcu_A	0.99992
7hct_A	7heq_A	0.99983
7hct_A	7hpy_A	0.99983
7hct_A	7hd3_A	0.99982
7hct_A	7hfl_A	0.99986
7hct_A	7hd5_A	0.99957
7hct_A	7hf0_A	0.99961
7hct_A	7hf1_A	0.99949
1bzp_A	1bzr_A	0.99861
3kwd_A	3kwe_A	0.99951
2w13_A	2w14_A	0.99956
3rcg_A	4j5c_X	0.99791
2vhk_A	2vi2_A	0.99968
2vhk_A	2vi3_A	0.99997
2vhk_A	5x9l_A	0.99504
2vhk_A	3ald_A	0.9949
2vhk_A	5yyp_A	0.99493
2vhk_A	5x9m_A	0.99498
5rtx_A	5sq7_A	0.99929
5rtx_A	7hd3_A	0.99916
5rtx_A	7hf0_A	0.99879
5rtx_A	5rtz_A	0.99912
5rtx_A	5ru2_A	0.99839
5rtx_A	5rue_A	0.9992
5rtx_A	5rva_A	0.99921
5rtx_A	5rty_A	0.99907
5rtx_A	7hd5_A	0.99893
5rtx_A	5rv3_A	0.9985
5rtx_A	7hf1_A	0.99906
5ru1_A	5rv3_A	0.99919
5ru1_A	5ru2_A	0.99918
5ru1_A	7hf0_A	0.99918
5ru1_A	5sqd_A	0.99926
5ru1_A	7hf1_A	0.99916
1x8q_A	3c76_X	0.99881
3ezg_A	5sya_A	0.9939
5rv8_A	7hf0_A	0.99927
5rv8_A	7hf1_A	0.9992
5sqd_A	7hd3_A	0.99927
5sqd_A	7hd5_A	0.99904
5sqd_A	7hf0_A	0.99901
5sqd_A	7hf1_A	0.99897
3i6o_A	3nu3_A	0.99229
5sqa_A	7hf0_A	0.99919
5sqa_A	7hd5_A	0.99921
5sqa_A	7hf1_A	0.99923
5rtz_A	5ru0_A	0.99922
5rtz_A	7hf0_A	0.99916
5rtz_A	5rv7_A	0.99924
5rtz_A	7hf1_A	0.99911
5rtz_A	7hd5_A	0.99924
5rtz_A	5sqd_A	0.99915
5rsq_A	5rty_A	0.99925
5rsq_A	5rtz_A	0.99921
5rsq_A	5rv3_A	0.99887
5rsq_A	5rsr_A	0.99907
5rsq_A	7heq_A	0.99929
5rsq_A	5rue_A	0.99929
5rsq_A	5rst_A	0.99903
5rsq_A	5ru2_A	0.99846
5rsq_A	7hf0_A	0.99871
5rsq_A	5rva_A	0.99919
5rsq_A	7hd3_A	0.99923
5rsq_A	5sqb_A	0.99924
5rsq_A	7hd5_A	0.99881
5rsq_A	5sqd_A	0.99912
5rsq_A	5rss_A	0.9985
5rsq_A	7hf1_A	0.99902
2vi2_A	2vi3_A	0.99965
2vi2_A	5x9m_A	0.99479
2vi2_A	5x9l_A	0.99474
1x8p_A	3c77_X	0.99912
1x8p_A	3c76_X	0.99897
1x8p_A	1x8q_A	0.99912
3dk1_A	3nu6_A	0.99315
1sx2_A	3fa0_A	0.98548
5rva_A	7hf0_A	0.99925
5rva_A	7hd5_A	0.99927
5rva_A	7hf1_A	0.99921
5rss_A	7hpy_A	0.99925
5rss_A	5rvb_A	0.99925
5rss_A	5rv7_A	0.99875
5rss_A	5rtx_A	0.99861
5rss_A	5rv9_A	0.99921
5rss_A	5ru0_A	0.99869
5rss_A	5sq8_A	0.99918
5rss_A	5sqb_A	0.99901
5rss_A	5sq7_A	0.9991
5rss_A	7hct_A	0.99898
5rss_A	5rue_A	0.99903
5rss_A	5rv3_A	0.99838
5rss_A	7hd3_A	0.99891
5rss_A	5rv8_A	0.99927
5rss_A	7hcu_A	0.99891
5rss_A	5rva_A	0.999
5rss_A	5sq6_A	0.99891
5rss_A	5sqa_A	0.99885
5rss_A	5rtz_A	0.99914
5rss_A	5rty_A	0.99924
5rss_A	5ru1_A	0.99896
5rss_A	5ru2_A	0.99906
5rss_A	7hfl_A	0.99917
5rss_A	5sqc_A	0.99896
5rss_A	7hf0_A	0.99867
5rss_A	5sq5_A	0.99901
5rss_A	7hd5_A	0.99896
5rss_A	5sqd_A	0.99864
5rss_A	7hf1_A	0.9984
5rsz_A	5rv3_A	0.99904
5rsz_A	7hf0_A	0.99926
5rsz_A	7hf1_A	0.99922
1sy1_A	1x8o_A	0.9995
1swz_A	3fa0_A	0.98583
5ru2_A	5rvb_A	0.9993
5ru2_A	7hf0_A	0.99916
5ru2_A	5sqc_A	0.99911
5ru2_A	7hpy_A	0.9992
5ru2_A	5sq8_A	0.99911
5ru2_A	5rv9_A	0.99924
5ru2_A	5rv3_A	0.99894
5ru2_A	5rv7_A	0.99864
5ru2_A	5sq7_A	0.99899
5ru2_A	5sq5_A	0.99917
5ru2_A	7hd3_A	0.99917
5ru2_A	7heq_A	0.9992
5ru2_A	5sqb_A	0.99909
5ru2_A	5sqa_A	0.99901
5ru2_A	7hd5_A	0.99906
5ru2_A	5sq6_A	0.99896
5ru2_A	7hct_A	0.99913
5ru2_A	5sqd_A	0.99886
5ru2_A	7hcu_A	0.99902
5ru2_A	7hf1_A	0.99864
5ru2_A	7hfl_A	0.99907
2vi3_A	5x9m_A	0.99494
2vi3_A	5yyp_A	0.99497
2vi3_A	3ald_A	0.99492
2vi3_A	5x9l_A	0.99503
5rue_A	7hf1_A	0.99919
5rue_A	5sqd_A	0.99922
5x9m_A	5yyp_A	0.9996
13rt_A	5rv8_A	0.99928
13rt_A	5rv7_A	0.99921
13rt_A	7hd5_A	0.99911
13rt_A	5ru0_A	0.99915
13rt_A	5rst_A	0.99913
13rt_A	5sqb_A	0.99927
13rt_A	5rsm_A	0.99847
13rt_A	7hf1_A	0.99914
13rt_A	5rty_A	0.99926
13rt_A	5rtz_A	0.99917
13rt_A	5rva_A	0.99927
13rt_A	5rue_A	0.99918
13rt_A	7hf0_A	0.99929
13rt_A	5rtx_A	0.99915
13rt_A	5rsq_A	0.99912
13rt_A	5rv3_A	0.99844
13rt_A	5rsr_A	0.99905
13rt_A	5rss_A	0.99896
13rt_A	5sqd_A	0.99911
13rt_A	5ru2_A	0.99879
13rt_A	5sqa_A	0.99928
13rt_A	5ru1_A	0.99922
5x9l_A	5yyp_A	0.99974
5x9l_A	5x9m_A	0.99957
5rv3_A	5rv8_A	0.99922
5rv3_A	5rvb_A	0.99913
5rv3_A	7hpy_A	0.99892
5rv3_A	5rv9_A	0.9989
5rv3_A	5rva_A	0.99901
5rv3_A	7hd5_A	0.99888
5rv3_A	5rv7_A	0.99867
5rv3_A	7hf0_A	0.99875
5rv3_A	5sq7_A	0.99865
5rv3_A	5sq8_A	0.99874
5rv3_A	5sqb_A	0.99876
5rv3_A	7heq_A	0.99898
5rv3_A	7hd3_A	0.99906
5rv3_A	5sq5_A	0.99887
5rv3_A	5sqa_A	0.99869
5rv3_A	5sq6_A	0.99864
5rv3_A	5sqd_A	0.99847
5rv3_A	7hct_A	0.99895
5rv3_A	7hf1_A	0.9985
5rv3_A	5sqc_A	0.99877
5rv3_A	7hfl_A	0.99884
5rv3_A	7hcu_A	0.99879
5rv9_A	7hf0_A	0.99928
5rv9_A	7hf1_A	0.99927
4i8j_A	4i8l_A	0.99994
5sq8_A	7hf0_A	0.99928
5sq8_A	7hf1_A	0.99929
1x8o_A	1ywa_A	0.999
5rst_A	7hf0_A	0.99923
5rst_A	5rv7_A	0.99915
5rst_A	5rv3_A	0.99914
5rst_A	5rtx_A	0.99897
5rst_A	7hf1_A	0.99903
5rst_A	5ru0_A	0.99907
5rst_A	5sqd_A	0.9992
1oh0_A	5kp1_A	0.988
4uyr_A	4uyt_A	0.94049
1y55_X	2of8_A	0.99585
3c76_X	3c77_X	0.99919
5mnc_A	5mne_A	0.99993
5ru0_A	5rue_A	0.99907
5ru0_A	7hcu_A	0.99924
5ru0_A	5sq7_A	0.99926
5ru0_A	5rva_A	0.99917
5ru0_A	7hf0_A	0.99872
5ru0_A	7hd3_A	0.99916
5ru0_A	7hf1_A	0.99898
5ru0_A	5ru2_A	0.99834
5ru0_A	5rv3_A	0.99863
5ru0_A	5sqd_A	0.99918
5ru0_A	7hd5_A	0.99887
1swy_A	3fa0_A	0.98579
5sq6_A	7hd5_A	0.99919
5sq6_A	7hf0_A	0.99918
5sq6_A	7hf1_A	0.99927
5rty_A	5rv7_A	0.99929
5rty_A	5ru0_A	0.99925
5rty_A	7hf0_A	0.99926
5rty_A	7hd5_A	0.99922
5rty_A	5rv3_A	0.99888
5rty_A	7hf1_A	0.99911
5rty_A	5sqd_A	0.99913
5rsr_A	5rtx_A	0.99881
5rsr_A	5sq6_A	0.99924
5rsr_A	5rv7_A	0.99911
5rsr_A	5rss_A	0.99924
5rsr_A	5sq7_A	0.99922
5rsr_A	5ru0_A	0.99899
5rsr_A	5sqa_A	0.99919
5rsr_A	5sqb_A	0.9992
5rsr_A	7hcu_A	0.99929
5rsr_A	5rv3_A	0.99904
5rsr_A	7hd3_A	0.99923
5rsr_A	5ru2_A	0.99922
5rsr_A	5sqd_A	0.99904
5rsr_A	7hd5_A	0.99921
5rsr_A	7hf0_A	0.99908
5rsr_A	5rva_A	0.99926
5rsr_A	5sqc_A	0.99922
5rsr_A	7hf1_A	0.99884
5rsm_A	5rv7_A	0.99879
5rsm_A	5rty_A	0.99876
5rsm_A	5rv8_A	0.99923
5rsm_A	5sqb_A	0.99878
5rsm_A	5rv3_A	0.99897
5rsm_A	5ru0_A	0.99857
5rsm_A	5rst_A	0.99916
5rsm_A	5rue_A	0.99914
5rsm_A	5rsq_A	0.99894
5rsm_A	5rv9_A	0.99897
5rsm_A	5rss_A	0.99846
5rsm_A	5rsz_A	0.999
5rsm_A	5rvb_A	0.9991
5rsm_A	5rva_A	0.99897
5rsm_A	7hpy_A	0.99891
5rsm_A	5rsr_A	0.99894
5rsm_A	5rtz_A	0.99889
5rsm_A	5rt4_A	0.9989
5rsm_A	5sq5_A	0.99882
5rsm_A	7hd5_A	0.99878
5rsm_A	7hf0_A	0.99856
5rsm_A	7hf1_A	0.99861
5rsm_A	7hcu_A	0.99886
5rsm_A	5sqc_A	0.99881
5rsm_A	5ru1_A	0.9989
5rsm_A	5sq8_A	0.99879
5rsm_A	5rtx_A	0.99859
5rsm_A	7hfl_A	0.99892
5rsm_A	7heq_A	0.99895
5rsm_A	5sq6_A	0.99863
5rsm_A	7hct_A	0.99883
5rsm_A	5sq7_A	0.99867
5rsm_A	7hd3_A	0.99877
5rsm_A	5ru2_A	0.99855
5rsm_A	5sqa_A	0.99867
5rsm_A	5sqd_A	0.99848
5rv7_A	5rva_A	0.99928
5rv7_A	7hf0_A	0.99898
5rv7_A	7hd5_A	0.99914
5rv7_A	7hf1_A	0.99921
5iuq_A	5ody_A	0.99671
5rt4_A	5rtx_A	0.9992
5rt4_A	5rv3_A	0.99904
5rt4_A	7hf1_A	0.99915
5rt4_A	5sqd_A	0.99926
5sq7_A	7hd5_A	0.9992
5sq7_A	5sqd_A	0.99929
5sq7_A	7hf0_A	0.99917
5sq7_A	7hf1_A	0.99914
7fvz_A	7fw2_A	0.98885
1soa_A	3ezg_A	0.99976
1soa_A	5sya_A	0.99405
1a6g_A	1a6n_A	0.99821
1a6g_A	1bzr_A	0.98414
2vhk_A	6fj6_A	0.9939
1ym1_A	4de0_A	0.99587
5roy_A	5rpv_A	0.99989
5drf_A	5drg_A	1.0
1x8q_A	3c77_X	0.99864
3nqf_A	4lc8_A	0.98562
3dw1_X	3dwe_X	0.99993
3dw1_X	3i30_X	0.99991
3dw1_X	3dw3_X	0.99989
4m5l_A	4m5m_A	0.99656
5b4h_A	5b4i_A	0.99994
4i8l_A	5mnp_A	0.99865
4i8l_A	5mng_A	0.99922
4i8l_A	5mnh_A	0.99881
4i8l_A	5mon_A	0.99882
4i8l_A	5mnn_A	0.99917
4i8l_A	5mnc_A	0.99949
4i8l_A	5mne_A	0.99934
3o5p_A	4tx0_A	0.99429
5roi_A	5rot_A	0.99999
5roi_A	5rpv_A	0.99997
5roi_A	5roy_A	0.99991
5mnp_A	5mon_A	0.99976
2vi2_A	5yyp_A	0.99462
2vi2_A	3ald_A	0.99468
2vi2_A	6fj6_A	0.99389
5amx_A	5roy_A	0.99991
3odd_A	3odf_A	0.99995
2ah4_X	5mnp_A	0.9947
2ah4_X	5mng_A	0.99491
2ah4_X	5mon_A	0.99476
2ah4_X	4i8l_A	0.99452
2ah4_X	5mnh_A	0.99465
2ah4_X	5mnn_A	0.99499
2ah4_X	5mnc_A	0.99494
2ah4_X	4i8j_A	0.99449
2ah4_X	5mne_A	0.99509
3mnc_A	3odf_A	0.99983
3mnc_A	3mu4_A	0.9997
3mnc_A	3odd_A	0.99976
3mnc_A	3mty_A	0.99971
3nu6_A	6cdj_A	0.99058
3mu4_A	3odd_A	0.99996
3mu4_A	3odf_A	0.99989
5rot_A	5roy_A	0.9999
5rot_A	5rpv_A	0.99998
1sy1_A	1ywa_A	0.99848
3oxc_A	3toh_A	0.99125
5yyp_A	6fj6_A	0.99841
3c6x_A	3c70_A	0.99994
3c6x_A	3c6z_A	0.99989
2vi3_A	6fj6_A	0.99391
5x9m_A	6fj6_A	0.99843
5mng_A	5mnn_A	0.9998
5mng_A	5mnp_A	0.9993
5mng_A	5mon_A	0.99943
5mng_A	5mnh_A	0.99952
3dwe_X	3i30_X	0.99997
3c6z_A	3c70_A	0.99986
5x9l_A	6fj6_A	0.99844
1nls_A	2uu8_A	0.99928
1a6n_A	1bzp_A	0.98286
4i8j_A	5mng_A	0.99924
4i8j_A	5mnh_A	0.99882
4i8j_A	5mnp_A	0.99865
4i8j_A	5mnc_A	0.99952
4i8j_A	5mnn_A	0.9992
4i8j_A	5mon_A	0.99883
4i8j_A	5mne_A	0.99937
5mnh_A	5mon_A	0.9999
5mnh_A	5mnp_A	0.99979
5mnh_A	5mnn_A	0.99943
5jg1_A	6cdj_A	0.99067
4r9a_A	5ody_A	0.99481
1sxx_A	1sxy_A	0.99827
1k4i_A	1k4p_A	0.99909
3mty_A	3mu4_A	0.99999
3mty_A	3odd_A	0.99995
3mty_A	3odf_A	0.9999
4psy_A	7fpy_A	0.99734
6qqw_A	6qqz_A	0.99937
5p9p_A	5p9v_A	0.99909
5k1l_A	5lkv_A	0.9961
5dj7_A	5dkm_A	0.99516
3ald_A	5x9l_A	0.99933
3ald_A	5x9m_A	0.99857
3ald_A	5yyp_A	0.99897
4o6q_A	4o6u_A	0.99801
1g8t_A	1ql0_A	0.99986
5mnc_A	5mng_A	0.99976
5mnc_A	5mnn_A	0.99979
5mnc_A	5mnp_A	0.99918
5mnc_A	5mon_A	0.99936
5mnc_A	5mnh_A	0.99932
4j5c_X	4o8h_A	0.9975
5xp6_A	6d1i_A	0.99928
5mnn_A	5mnp_A	0.99943
5mnn_A	5mon_A	0.99941
1sxy_A	3c76_X	0.99759
1sxy_A	1x8p_A	0.99845
1sxy_A	3c77_X	0.99755
1sxy_A	1x8q_A	0.99783
3dw3_X	3dwe_X	0.99997
3dw3_X	3i30_X	0.99993
5mne_A	5mng_A	0.99978
5mne_A	5mnp_A	0.99934
5mne_A	5mnn_A	0.99986
5mne_A	5mon_A	0.99946
5mne_A	5mnh_A	0.9994
2c9v_A	4a7u_A	0.99656
3a2o_A	3nu6_A	0.9916
1a6g_A	1bzp_A	0.98334
2glk_A	4a8n_A	0.99476
1ym1_A	5toy_A	0.99943
5roy_A	5rp4_A	0.99974
3i30_X	5amx_A	0.99963
3i30_X	4fon_A	0.99949
3i30_X	5rot_A	0.99972
3i30_X	5roy_A	0.99971
3i30_X	5roi_A	0.99973
3i30_X	5rp4_A	0.99952
3i30_X	5rpv_A	0.9997
5rd1_A	5rdi_A	0.9999
5rd1_A	5rdc_A	0.99999
5rd1_A	5re2_A	0.99995
5rd1_A	5sao_A	0.99933
4bt3_A	4bt5_A	0.99864
4dwv_A	5kj6_A	0.9998
4dwv_A	5kcz_A	0.99981
3ezg_A	5sy9_A	0.99139
3nu3_A	5jg1_A	0.98952
3dw1_X	5roi_A	0.99973
3dw1_X	5roy_A	0.99973
3dw1_X	4fon_A	0.99956
3dw1_X	5rot_A	0.99972
3dw1_X	5amx_A	0.99965
3dw1_X	5rp4_A	0.99956
3dw1_X	5rpv_A	0.99972
1muw_A	1s5m_A	0.99993
1v0l_A	1v0m_A	0.99587
3i6o_A	5jg1_A	0.99026
3i6o_A	3nu6_A	0.99009
4de0_A	5toy_A	0.99559
4i8l_A	5lgo_A	0.99745
5roi_A	5rp4_A	0.99972
5amx_A	5rot_A	0.99981
5amx_A	5roi_A	0.99982
5amx_A	5rpv_A	0.99978
5amx_A	5rp4_A	0.99981
1yly_A	1ym1_A	0.99941
1yly_A	4de0_A	0.99531
1yly_A	5toy_A	0.99889
1pwm_A	1z8a_A	0.99643
1pwm_A	3bcj_A	0.99927
4fcf_A	4fh4_A	0.99948
1s0q_A	1s0r_A	0.99835
5rs7_A	5rsm_A	0.99623
5rs7_A	5rv3_A	0.9963
5rs7_A	5rt4_A	0.99568
5rs7_A	5rty_A	0.99566
5rs7_A	5rsq_A	0.99665
5rs7_A	5rv8_A	0.99595
5rs7_A	5rst_A	0.9957
5rs7_A	5rsr_A	0.99593
5rs7_A	5rv7_A	0.99598
5rs7_A	7hf0_A	0.99559
5rs7_A	5ru0_A	0.99622
5rs7_A	5rtz_A	0.99588
5rs7_A	5rue_A	0.996
5rs7_A	7hf1_A	0.99595
5rs7_A	5rva_A	0.99588
5rs7_A	5sqb_A	0.9957
5rs7_A	5sqc_A	0.99576
5rs7_A	5rvb_A	0.99598
5rs7_A	7hpy_A	0.99582
5rs7_A	5rsz_A	0.99586
5rs7_A	7hfl_A	0.99582
5rs7_A	5sq5_A	0.99596
5rs7_A	5ru1_A	0.99585
5rs7_A	7hd5_A	0.99565
5rs7_A	5sq8_A	0.99583
5rs7_A	7hcu_A	0.99591
5rs7_A	7heq_A	0.99579
5rs7_A	5rv9_A	0.99582
5rs7_A	5rtx_A	0.99583
5rs7_A	5sq6_A	0.99585
5rs7_A	7hd3_A	0.99587
5rs7_A	5sq7_A	0.99572
5rs7_A	5sqa_A	0.99599
5rs7_A	7hct_A	0.99593
5rs7_A	5sqd_A	0.99582
5rot_A	5rp4_A	0.99971
5p77_A	5p8t_A	0.99988
5p77_A	5sao_A	0.99943
5p77_A	5rd1_A	0.99994
5p77_A	5rdc_A	0.99994
5p77_A	5rdi_A	0.99989
5p77_A	5rcd_A	0.9999
5p77_A	5re2_A	0.99991
3lep_A	4lbs_A	0.98981
3lep_A	3lz3_A	0.99596
5p76_A	5p8t_A	0.99996
5p76_A	5sao_A	0.99964
5p76_A	5p77_A	0.99993
5p76_A	5re2_A	0.99986
5p76_A	5rdi_A	0.99991
5p76_A	5rd1_A	0.99986
5p76_A	5rcd_A	0.99987
5p76_A	5rdc_A	0.99986
5sy9_A	5sya_A	0.98647
2v8b_A	3dw1_X	0.99943
2v8b_A	5roi_A	0.99966
2v8b_A	3i30_X	0.9994
2v8b_A	5rot_A	0.99965
2v8b_A	5amx_A	0.99975
2v8b_A	3dwe_X	0.99939
2v8b_A	5rp4_A	0.99973
2v8b_A	3dvq_X	0.9991
2v8b_A	5roy_A	0.99963
2v8b_A	3dw3_X	0.99938
2v8b_A	4fon_A	0.99982
2v8b_A	5rpv_A	0.99961
5rp4_A	5rpv_A	0.99974
3tla_A	4iix_A	0.99103
4czo_A	4czq_A	0.99984
1gvt_A	2jjj_A	0.99977
3dwe_X	5amx_A	0.99961
3dwe_X	5roi_A	0.99971
3dwe_X	4fon_A	0.99948
3dwe_X	5roy_A	0.99969
3dwe_X	5rot_A	0.9997
3dwe_X	5rp4_A	0.99952
3dwe_X	5rpv_A	0.99968
13rt_A	5rs7_A	0.99543
5avg_A	6fj6_A	0.99294
1ong_A	4fh4_A	0.99884
1ong_A	4fcf_A	0.99852
3l5l_A	5lnj_A	0.99695
1z8a_A	3bcj_A	0.99653
1a6n_A	1bzr_A	0.98202
5zj2_A	6d1i_A	0.99847
1jcj_A	1p1x_A	0.99058
1us0_A	2qxw_A	0.9998
1us0_A	2pev_A	0.98982
1us0_A	3lz3_A	0.99629
4i8j_A	5lgo_A	0.99748
4czn_A	4czq_A	0.99707
4czn_A	4czo_A	0.99711
5p73_A	5p8t_A	0.99999
5p73_A	5p76_A	0.99996
5p73_A	5p77_A	0.99991
5p73_A	5sao_A	0.99965
5p73_A	5rcd_A	0.99986
5p73_A	5rdi_A	0.9999
5p73_A	5rdc_A	0.99985
5p73_A	5rd1_A	0.99983
5p73_A	5re2_A	0.99985
5p70_A	5p8t_A	0.99999
5p70_A	5p76_A	0.99996
5p70_A	5p71_A	0.99998
5p70_A	5p73_A	0.99997
5p70_A	5sao_A	0.99972
5p70_A	5p77_A	0.99988
5p70_A	5rdi_A	0.9999
5p70_A	5rdc_A	0.9998
5p70_A	5re2_A	0.99982
5p70_A	5rcd_A	0.99982
5p70_A	5rd1_A	0.9998
1pwl_A	4gca_A	0.99642
1sxx_A	1x8q_A	0.99677
1sxx_A	1x8p_A	0.99677
1sxx_A	3c76_X	0.99635
7a3h_A	8a3h_A	0.99959
5p9n_A	5p9p_A	0.99824
5p9n_A	5p9v_A	0.99784
1v0k_A	1v0m_A	0.99639
1v0k_A	1v0l_A	0.99571
1gok_A	1i1x_A	0.99919
5p71_A	5p76_A	0.99999
5p71_A	5p8t_A	0.99997
5p71_A	5p73_A	0.99996
5p71_A	5p77_A	0.99989
5p71_A	5sao_A	0.99971
5p71_A	5rcd_A	0.99983
5p71_A	5rdc_A	0.99982
5p71_A	5rdi_A	0.9999
5p71_A	5rd1_A	0.99982
5p71_A	5re2_A	0.99983
3dvq_X	3i30_X	0.99959
3dvq_X	3dwe_X	0.99958
3dvq_X	3dw1_X	0.99951
3dvq_X	5amx_A	0.99928
3dvq_X	3dw3_X	0.99956
3dvq_X	4fon_A	0.99915
3dvq_X	5roi_A	0.99936
3dvq_X	5rot_A	0.99934
3dvq_X	5rp4_A	0.99916
3dvq_X	5roy_A	0.99935
3dvq_X	5rpv_A	0.9993
2pev_A	3lz3_A	0.98653
2pev_A	2qxw_A	0.98967
5lk9_A	5lkv_A	0.99348
3ald_A	6fj6_A	0.9981
2yjc_A	5maj_A	0.99856
5p8t_A	5sao_A	0.99971
5p8t_A	5rdi_A	0.9999
5p8t_A	5rdc_A	0.9998
5p8t_A	5re2_A	0.99981
5p8t_A	5rcd_A	0.99983
5p8t_A	5rd1_A	0.9998
5xp6_A	5zj2_A	0.99868
4f18_A	4f19_A	0.99991
5re2_A	5sao_A	0.9994
1sxy_A	1x8n_A	0.99636
1w3l_A	7a3h_A	0.99969
1w3l_A	8a3h_A	0.99922
5rcd_A	5rdc_A	0.99989
5rcd_A	5rd1_A	0.99988
5rcd_A	5rdi_A	0.99985
5rcd_A	5re2_A	0.99987
5rcd_A	5sao_A	0.99944
6qqm_A	7pri_AAA	0.9993
3dw3_X	4fon_A	0.99945
3dw3_X	5amx_A	0.9996
3dw3_X	5roy_A	0.99966
3dw3_X	5rpv_A	0.99964
3dw3_X	5rp4_A	0.99951
3dw3_X	5roi_A	0.99968
3dw3_X	5rot_A	0.99967
5rdc_A	5rdi_A	0.99988
5rdc_A	5re2_A	0.99995
5rdc_A	5sao_A	0.99933
5lws_A	5p70_A	0.99972
5lws_A	5sao_A	0.9997
5lws_A	5p71_A	0.99966
5lws_A	5mb5_A	0.99964
5lws_A	5p8t_A	0.99973
5lws_A	5p76_A	0.99963
5lws_A	5p73_A	0.99968
5lws_A	5p77_A	0.99951
5lws_A	5rdi_A	0.99958
5lws_A	5rdc_A	0.99941
5lws_A	5rd1_A	0.9994
5lws_A	5rcd_A	0.99945
5lws_A	5re2_A	0.99942
7fw0_A	7fw2_A	0.98722
5rdi_A	5re2_A	0.99992
5rdi_A	5sao_A	0.9996
5mb5_A	5p70_A	0.99988
5mb5_A	5p8t_A	0.99986
5mb5_A	5p73_A	0.99982
5mb5_A	5p71_A	0.99986
5mb5_A	5p76_A	0.99983
5mb5_A	5p77_A	0.99973
5mb5_A	5sao_A	0.99977
5mb5_A	5rdi_A	0.99978
5mb5_A	5rdc_A	0.99962
5mb5_A	5rcd_A	0.99967
5mb5_A	5rd1_A	0.99962
5mb5_A	5re2_A	0.99965
4prr_A	4qbx_A	0.99606
3lz3_A	4lbs_A	0.98678
3lz3_A	4qbx_A	0.98654
4y5l_A	5p76_A	0.99984
4y5l_A	5p73_A	0.99987
4y5l_A	5p71_A	0.99986
4y5l_A	5p8t_A	0.99987
4y5l_A	5mb5_A	0.99968
4y5l_A	5p70_A	0.99987
4y5l_A	5sao_A	0.99956
4y5l_A	5lws_A	0.99957
4y5l_A	5rdi_A	0.9998
4y5l_A	5p77_A	0.99975
4y5l_A	5re2_A	0.99978
4y5l_A	5rd1_A	0.99975
4y5l_A	5rcd_A	0.99978
4y5l_A	5rdc_A	0.99978
1soa_A	5sy9_A	0.99189
4fon_A	5rot_A	0.99971
4fon_A	5roy_A	0.99967
4fon_A	5rpv_A	0.9997
4fon_A	5roi_A	0.99971
4fon_A	5amx_A	0.99971
4fon_A	5rp4_A	0.99968
2qxw_A	3lz3_A	0.99651
3a2o_A	5jg1_A	0.98948
4lbs_A	4qbx_A	0.99919
5a92_A	6c79_A	0.99841
1bs9_A	1g66_A	0.99812
2glk_A	3u3h_A	0.99458
2vhk_A	5avg_A	0.99606
1is9_A	1kwf_A	0.98519
2zq7_A	5a92_A	0.99427
1s5n_A	3u3h_A	0.99898
1s5n_A	4a8n_A	0.99896
1s5n_A	2glk_A	0.99375
3u3h_A	4a8n_A	0.99981
3vig_A	3vio_A	0.99995
4za9_A	4zaa_A	0.99758
4za9_A	6ev3_A	0.9919
4bt2_A	4bt3_A	0.99347
4wka_A	4wkf_A	0.99617
1muw_A	1s5n_A	0.9998
1muw_A	3u3h_A	0.9988
1muw_A	2glk_A	0.99369
1muw_A	4a8n_A	0.99883
1n4v_A	3b3r_A	0.98955
1n4v_A	3b6d_A	0.99987
4f1u_A	4f1v_A	0.99109
2vi2_A	5avg_A	0.99613
2ah4_X	5lgo_A	0.99235
3dk1_A	3toh_A	0.98807
1pwm_A	2agt_A	0.99833
1pwm_A	4prr_A	0.99511
1pwm_A	4qbx_A	0.99796
1pwm_A	2pev_A	0.99856
4gca_A	5ouk_A	0.99499
1s0q_A	4i8j_A	0.98619
1s0q_A	5mne_A	0.98607
1s0q_A	4i8l_A	0.98619
1s0q_A	5mng_A	0.98582
1s0q_A	5mnn_A	0.98589
1s0q_A	5mnc_A	0.98604
1s0q_A	2ah4_X	0.98136
2pzn_A	4gca_A	0.99535
5rs7_A	5rss_A	0.99437
5rs7_A	5ru2_A	0.99508
3lep_A	4qbx_A	0.9891
3lep_A	4prr_A	0.9889
4lbu_A	5jsv_A	0.9971
1yno_A	4gp9_A	0.99786
1swz_A	1sx2_A	0.99356
3m5q_A	3m8m_A	0.99878
2vi3_A	5avg_A	0.99599
1z3n_A	4prr_A	0.99494
1z3n_A	4qbx_A	0.99809
5avg_A	5yyp_A	0.99139
5avg_A	5x9m_A	0.99093
5avg_A	5x9l_A	0.99158
1ong_A	2zd8_A	0.99758
4xqc_A	4xqe_A	0.99732
2agt_A	2pev_A	0.99854
2agt_A	4prr_A	0.99577
2agt_A	4qbx_A	0.99845
2agt_A	4lbs_A	0.99827
2agt_A	2qxw_A	0.98855
1z8a_A	4qbx_A	0.99502
1z8a_A	4prr_A	0.99818
1z8a_A	2pev_A	0.99554
1z8a_A	4lbs_A	0.99508
1z8a_A	2agt_A	0.99483
1z8a_A	3lep_A	0.9885
1z8a_A	2qxw_A	0.98861
1z8a_A	3lz3_A	0.98545
4u2s_A	4u2t_A	0.99541
4hbt_A	6qw8_A	0.99441
1us0_A	4qbx_A	0.98948
1us0_A	4lbs_A	0.9895
1us0_A	4prr_A	0.98905
1us0_A	3lep_A	0.99902
1us0_A	1z8a_A	0.98861
1us0_A	2agt_A	0.98896
1q6z_A	1yno_A	0.9997
3b3r_A	3b6d_A	0.98955
3b3r_A	4u2s_A	0.98576
5lgo_A	5mnp_A	0.99658
5lgo_A	5mng_A	0.99659
5lgo_A	5mon_A	0.99673
5lgo_A	5mnc_A	0.99721
5lgo_A	5mnn_A	0.99691
5lgo_A	5mne_A	0.99716
5lgo_A	5mnh_A	0.99641
4wk9_A	4wkf_A	0.99616
4wk9_A	4wka_A	0.99579
1n9b_A	4fh4_A	0.99757
1n9b_A	4fcf_A	0.99763
1pwl_A	2pzn_A	0.9986
1pwl_A	5ouk_A	0.9981
1sxx_A	3c77_X	0.99596
3ndx_A	5jg1_A	0.98769
1jfb_A	1jfc_A	0.99979
4gm0_A	4jd5_A	0.99992
4uqd_A	5a6m_A	0.99628
4g8c_A	4g9e_A	0.99796
1x8n_A	1ywa_A	0.99539
4zuo_A	4zuq_A	0.9994
1gok_A	1i1w_A	0.99472
5k1l_A	5lk9_A	0.99259
6ev3_A	6evd_A	0.99141
4xqe_A	4xrg_A	0.99929
2pev_A	4qbx_A	0.99912
2pev_A	4lbs_A	0.9989
2pev_A	4prr_A	0.9957
2pev_A	3bcj_A	0.99847
2pev_A	3lep_A	0.98896
3ald_A	5avg_A	0.99209
4f19_A	4f1v_A	0.99156
4f19_A	4f1u_A	0.9995
1s5m_A	1s5n_A	0.99982
1s5m_A	3u3h_A	0.99887
1s5m_A	4a8n_A	0.9989
1s5m_A	2glk_A	0.99377
4gbu_A	4k7y_A	0.99988
2zd8_A	4fh4_A	0.99754
2zd8_A	4fcf_A	0.99742
4zaa_A	6ev3_A	0.99167
4zaa_A	6evd_A	0.99947
4f18_A	4f1u_A	0.9994
4f18_A	4f1v_A	0.99161
5kcz_A	5kj6_A	0.99973
1i1w_A	1i1x_A	0.9955
4z6m_A	4z6n_A	0.9884
2aba_A	2abb_A	0.9963
5maj_A	5mqy_A	0.98563
4za4_A	4za9_A	0.99194
4za4_A	6ev3_A	0.99983
4za4_A	4zaa_A	0.9916
4za4_A	6evd_A	0.99143
3lz3_A	4prr_A	0.98564
2qxw_A	4lbs_A	0.98959
2qxw_A	3lep_A	0.9991
2qxw_A	4qbx_A	0.98953
2qxw_A	4prr_A	0.98885
4lbs_A	4prr_A	0.99564
1hj5_A	1qks_A	0.99921
2zq7_A	6c79_A	0.99273
4za9_A	6evd_A	0.99734
4bt2_A	4bt5_A	0.99207
1hxk_A	3ejr_A	0.99773
3i6o_A	3toh_A	0.98629
1n4v_A	4u2t_A	0.99875
1n4v_A	4u2s_A	0.99528
4b10_A	4cae_A	0.99603
4uhc_A	4uhf_A	0.99728
1pwm_A	4lbs_A	0.99765
1pwm_A	2qxw_A	0.98823
1pwm_A	1us0_A	0.98821
1pwm_A	3lep_A	0.98771
1pwm_A	3lz3_A	0.98504
3ndw_A	5jg1_A	0.98736
1s0q_A	5mnp_A	0.98538
1s0q_A	5mon_A	0.98553
1s0q_A	5mnh_A	0.98546
1s0q_A	5lgo_A	0.98448
2pzn_A	5ouk_A	0.99754
3bcj_A	4qbx_A	0.99766
3bcj_A	4prr_A	0.99451
3bcj_A	4lbs_A	0.99778
3bcj_A	3lep_A	0.98794
3bcj_A	3lz3_A	0.98507
1yno_A	4jd5_A	0.99723
1yno_A	4gm0_A	0.9971
1mnz_A	2glk_A	0.99522
1mnz_A	3u3h_A	0.99523
1mnz_A	4a8n_A	0.99524
4gp9_A	4jd5_A	0.99913
1z3n_A	4lbs_A	0.9977
1z3n_A	2qxw_A	0.98732
1z3n_A	2pev_A	0.99709
1z3n_A	3lep_A	0.98767
1z3n_A	3lz3_A	0.98415
1z3n_A	2agt_A	0.99694
1sjm_A	5f7b_A	0.99419
3nov_A	6ni4_A	0.97788
4xqc_A	4xrg_A	0.99708
2dfb_A	4hk8_A	0.99403
1s0r_A	4i8j_A	0.98501
1s0r_A	4i8l_A	0.98499
1s0r_A	5mng_A	0.9849
1s0r_A	5mnh_A	0.98437
1s0r_A	5mnn_A	0.9848
1s0r_A	5mne_A	0.98492
1s0r_A	5mnc_A	0.98497
1s0r_A	2ah4_X	0.9802
2agt_A	3bcj_A	0.99745
2agt_A	3lz3_A	0.98525
2agt_A	3lep_A	0.98816
1us0_A	3bcj_A	0.98821
1us0_A	1z3n_A	0.98726
1q6z_A	4jd5_A	0.99657
1q6z_A	4gp9_A	0.9976
3b3r_A	4u2t_A	0.98924
1n9b_A	1ong_A	0.99674
4x9y_A	5emy_A	0.99822
1sxx_A	1x8n_A	0.99497
5mka_A	5mtu_A	0.99849
3b6d_A	4u2t_A	0.99887
3b6d_A	4u2s_A	0.99526
4gm0_A	4gp9_A	0.99886
1x8n_A	1x8q_A	0.99428
1x8n_A	1x8p_A	0.99452
1x8n_A	1x8o_A	0.99377
2yjc_A	5mqy_A	0.98479
2xu3_A	5mqy_A	0.97712
3toh_A	6cdj_A	0.9872
2qxw_A	3bcj_A	0.98826
1x8q_A	1ywa_A	0.99368
4c1d_A	4ua4_A	0.98212
5m4g_A	5mc0_A	0.99239
4y59_A	4yvb_A	0.97236
1pwm_A	1z3n_A	0.99651
1sy1_A	1x8n_A	0.99344
1mnz_A	1muw_A	0.99466
1mnz_A	1s5m_A	0.99464
1mnz_A	1s5n_A	0.99442
1z3n_A	1z8a_A	0.99346
1gvw_A	2jjj_A	0.99631
1s0r_A	5mnp_A	0.98417
1s0r_A	5mon_A	0.98431
4hbt_A	5a92_A	0.98781
1q6z_A	4gm0_A	0.99639
1pwl_A	4lbs_A	0.9963
1pwl_A	4qbx_A	0.99616
1pwl_A	1z3n_A	0.99628
1pwl_A	3lz3_A	0.98359
1x8n_A	3c76_X	0.99355
1x8n_A	3c77_X	0.99356
1su7_A	5fle_X	0.99849
4w7n_A	5ikd_A	0.99763
1d2u_A	1ywd_A	0.99339
2jft_A	2v06_A	0.9944
1x8p_A	1ywa_A	0.99294
1gvt_A	1gvw_A	0.996
1z3n_A	4gca_A	0.99271
4hbt_A	6c79_A	0.98741
3a2o_A	3toh_A	0.98563
3dk1_A	3ndx_A	0.98513
1pwl_A	3lep_A	0.98635
1z3n_A	3bcj_A	0.99563
1pwl_A	4prr_A	0.99248
5a92_A	6qw8_A	0.99091
3dk1_A	3ndw_A	0.98488
4gca_A	4qbx_A	0.99241
1z3n_A	2pzn_A	0.99558
3x0k_A	3x0n_A	0.99288
3lz3_A	4gca_A	0.98289
4gca_A	4lbs_A	0.99229
1z8a_A	5ouk_A	0.99232
1pwl_A	2qxw_A	0.98591
1ywa_A	3c76_X	0.99232
1ywa_A	3c77_X	0.99226
3i6o_A	3ndx_A	0.98458
2pzn_A	4lbs_A	0.99524
1pwl_A	2pev_A	0.99527
1wtn_A	4b4e_A	0.98829
3toh_A	5jg1_A	0.98469
2pzn_A	4qbx_A	0.99515
2pzn_A	3lz3_A	0.9826
3lep_A	4gca_A	0.98571
6c79_A	6qw8_A	0.99039
1sxy_A	1ywa_A	0.99225
4hk8_A	4xq4_A	0.98689
3i6o_A	3ndw_A	0.98437
1pwm_A	5ouk_A	0.99508
3bcj_A	5ouk_A	0.99503
1n9b_A	2zd8_A	0.99421
1x8o_A	1x8q_A	0.99214
1pwl_A	1us0_A	0.98563
1jbe_A	3rvk_A	0.97532
4gca_A	4prr_A	0.99496
3mnc_A	5avd_A	0.95283
3mu4_A	5avd_A	0.95281
2xu3_A	2yjc_A	0.98852
2xu3_A	5maj_A	0.98856
1d2u_A	1x8p_A	0.99245
2d4j_A	3wl2_A	0.98798
3odd_A	5avd_A	0.95282
1z3n_A	5ouk_A	0.9948
3mty_A	5avd_A	0.95282
2pev_A	4gca_A	0.99161
3odf_A	5avd_A	0.95286
1d2u_A	3c77_X	0.99237
2j27_A	2y62_A	0.9936
2qxw_A	4gca_A	0.98526
4lbs_A	5ouk_A	0.99474
1sy1_A	1x8q_A	0.99172
4qbx_A	5ouk_A	0.99466
1ylj_A	4de0_A	0.99008
1wtn_A	2d4j_A	0.9877
1d2u_A	1x8q_A	0.99226
1pwl_A	1z8a_A	0.99138
1d2u_A	3c76_X	0.99216
3lz3_A	5ouk_A	0.982
2zq7_A	4hbt_A	0.98757
3nu6_A	3toh_A	0.98368
2pzn_A	3lep_A	0.985
1s0r_A	5lgo_A	0.98208
1us0_A	4gca_A	0.98499
1x8o_A	1x8p_A	0.99143
1pwl_A	2agt_A	0.99444
1pwl_A	1pwm_A	0.99438
3aks_A	4xq4_A	0.98622
1d2u_A	1sxy_A	0.99196
3nu3_A	3toh_A	0.98362
2pzn_A	2qxw_A	0.98487
2pzn_A	4prr_A	0.99108
2dfb_A	4xq4_A	0.98596
4prr_A	5ouk_A	0.99114
3lep_A	5ouk_A	0.98475
1ylj_A	1ym1_A	0.9933
1ylj_A	1yly_A	0.99332
1sxx_A	1ywa_A	0.99138
3ndx_A	3nu6_A	0.98322
3ndx_A	6cdj_A	0.98331
1jk3_A	3f18_A	0.99004
1sy1_A	1x8p_A	0.99107
1wbi_A	2fhl_A	0.96279
1wbi_A	1y55_X	0.96285
3wyp_A	4cpf_A	0.97881
3wyp_A	4yvb_A	0.97841
3ndw_A	6cdj_A	0.98311
1z8a_A	4gca_A	0.99394
1ylj_A	6c79_A	0.98149
1pwl_A	3bcj_A	0.99394
2pev_A	5ouk_A	0.99396
1sxy_A	1x8o_A	0.99092
1jk3_A	3f19_A	0.98984
1pwm_A	4gca_A	0.99071
1ylj_A	5toy_A	0.993
1us0_A	2pzn_A	0.9844
1x8o_A	3c76_X	0.99079
4cpf_A	4yvb_A	0.97808
2pev_A	2pzn_A	0.99376
2qxw_A	5ouk_A	0.98438
3ndw_A	3nu6_A	0.98274
3oxc_A	5jg1_A	0.98283
2agt_A	4gca_A	0.99057
1m5e_A	1mqd_A	0.99266
1d2u_A	1sxx_A	0.99117
1sy1_A	3c76_X	0.99051
1x8o_A	3c77_X	0.99057
1wtn_A	3wl2_A	0.98674
1sxy_A	1sy1_A	0.9906
3bcj_A	4gca_A	0.99033
1sy1_A	3c77_X	0.99037
1oxd_A	5drf_A	0.98295
1oxd_A	5drg_A	0.98295
1z8a_A	2pzn_A	0.9903
1ylj_A	5a92_A	0.98113
1us0_A	5ouk_A	0.98399
3wyp_A	4y59_A	0.97801
2agt_A	2pzn_A	0.99325
2agt_A	5ouk_A	0.99326
1sxx_A	1x8o_A	0.99042
5ok7_A	5okb_A	0.9718
4hbt_A	5toy_A	0.98602
1pwm_A	2pzn_A	0.99311
1t3r_A	3i6o_A	0.98174
1sxx_A	1sy1_A	0.99012
2pzn_A	3bcj_A	0.99289
2dfb_A	3aks_A	0.98998
1ym1_A	6qw8_A	0.98432
4de0_A	6qw8_A	0.98787
5toy_A	6qw8_A	0.98415
5toy_A	6c79_A	0.98026
1oe1_A	5f7b_A	0.98046
1gok_A	3nyd_A	0.98608
1oe1_A	1sjm_A	0.98304
3wl2_A	4b4e_A	0.98529
4ey2_A	5zj2_A	0.94192
2zq7_A	6qw8_A	0.9915
1ym1_A	6c79_A	0.98002
4de0_A	6c79_A	0.98376
1yly_A	6c79_A	0.98005
1yly_A	6qw8_A	0.98388
1ylj_A	6qw8_A	0.98373
4ey2_A	5xp6_A	0.94187
4o9y_A	6l7e_A	0.98216
5eei_A	6csp_A	0.9902
3aks_A	4hk8_A	0.98909
4ey2_A	6d1i_A	0.94182
5mk9_A	5mka_A	0.97699
4cpf_A	4y59_A	0.96828
7c1x_A	7c1z_A	0.95752
1t3r_A	6cdj_A	0.98007
1wbi_A	2of8_A	0.9603
1i1x_A	3nyd_A	0.98541
1ylj_A	4hbt_A	0.98704
2jjj_A	5re2_A	0.98561
2jjj_A	5rdc_A	0.98569
2jjj_A	5rd1_A	0.9857
1gvt_A	5re2_A	0.98563
1gvt_A	5rdc_A	0.98569
1gvt_A	5rd1_A	0.98568
1i1w_A	3nyd_A	0.98853
5a92_A	5toy_A	0.9795
2jjj_A	5rdi_A	0.98551
2jjj_A	5p77_A	0.98551
1gvt_A	5rdi_A	0.98548
1gvt_A	5p77_A	0.98548
1jse_A	4b4e_A	0.98423
1ym1_A	5a92_A	0.97917
2jjj_A	5lws_A	0.98547
2jjj_A	5rcd_A	0.98546
2jjj_A	4y5l_A	0.98543
2jjj_A	5p73_A	0.98538
1gvt_A	5rcd_A	0.9854
1gvt_A	5lws_A	0.98537
1gvt_A	4y5l_A	0.98535
3a2o_A	3ndx_A	0.98016
4de0_A	5a92_A	0.98274
3dk1_A	3oxc_A	0.97999
1oxd_A	4gf6_B	0.91292
2jjj_A	5p8t_A	0.98524
2jjj_A	5p76_A	0.98531
1gvt_A	5p76_A	0.98524
1gvt_A	5p73_A	0.98534
3i6o_A	3oxc_A	0.97972
1yly_A	5a92_A	0.97895
2jjj_A	5p71_A	0.98517
1gvt_A	5p8t_A	0.98518
2jjj_A	5p70_A	0.98503
1gvt_A	5p71_A	0.98508
1ous_A	1oxc_A	0.97334
1d2u_A	1x8n_A	0.9884
2jjj_A	5sao_A	0.98489
1gvt_A	5p70_A	0.98496
3a2o_A	3ndw_A	0.97957
3oxc_A	6cdj_A	0.97939
1ym1_A	4hbt_A	0.98622
1gvt_A	5sao_A	0.98465
1yly_A	4hbt_A	0.9861
1jse_A	1wtn_A	0.98327
4de0_A	4hbt_A	0.98959
2f01_A	3wyp_A	0.9748
2jjj_A	5mb5_A	0.98427
1v7t_A	3wl2_A	0.98278
1gvt_A	5mb5_A	0.98415
1ywd_A	3c76_X	0.98722
1luq_A	3wyp_A	0.97584
5mk9_A	5mtu_A	0.97488
1oxd_A	2wur_A	0.97915
1wtn_A	5v92_A	0.98249
1sjm_A	5akr_A	0.98121
1ywd_A	3c77_X	0.98659
1t3r_A	3dk1_A	0.97732
1x8p_A	1ywd_A	0.98646
5akr_A	5f7b_A	0.98126
1x8q_A	1ywd_A	0.98629
3ndx_A	3nu3_A	0.97756
2d4j_A	4b4e_A	0.98141
1t3r_A	3toh_A	0.97707
3nu6_A	3oxc_A	0.97734
2p86_A	3i06_A	0.98603
1sxy_A	1ywd_A	0.98581
1t3r_A	3ndw_A	0.97683
3ndw_A	3nu3_A	0.97695
1t3r_A	3a2o_A	0.97635
1t3r_A	3ndx_A	0.9765
1gvw_A	5rdc_A	0.98218
1gvw_A	5rcd_A	0.98206
1gvw_A	5rd1_A	0.98212
1gvw_A	5p77_A	0.98211
6zr9_A	7nh8_AAA	0.97942
1sxx_A	1ywd_A	0.98509
1q5m_A	4jtr_A	0.96853
2zq7_A	5toy_A	0.97961
3m5q_A	4czo_A	0.96303
1gvw_A	5re2_A	0.98169
1gvw_A	5p73_A	0.98168
1ylj_A	2zq7_A	0.98107
3w4p_A	5a92_A	0.96281
1d2u_A	1ywa_A	0.98506
4gf6_B	5drf_A	0.91769
4gf6_B	5drg_A	0.91769
1gvw_A	5p76_A	0.9816
1gvw_A	5lws_A	0.98146
1gvw_A	5p8t_A	0.98141
1gvw_A	4y5l_A	0.98152
2zq7_A	4de0_A	0.98291
3m5q_A	4czn_A	0.9653
1gvw_A	5p71_A	0.98133
1jse_A	3wl2_A	0.97984
3m8m_A	4czo_A	0.96267
1ym1_A	2zq7_A	0.97915
3m5q_A	4czq_A	0.96263
1gvw_A	5rdi_A	0.98121
1gvw_A	5p70_A	0.98115
3m8m_A	4czn_A	0.96504
3w4p_A	6c79_A	0.96409
3m8m_A	4czq_A	0.96232
2zq7_A	3w4p_A	0.96328
1yly_A	2zq7_A	0.97857
1gvw_A	5sao_A	0.98057
4gnu_A	5eoo_A	0.96977
1gvw_A	5mb5_A	0.98024
1d2u_A	1x8o_A	0.98364
2vi3_A	2vu7_A	0.97914
1x8n_A	1ywd_A	0.98325
2vi2_A	2vu7_A	0.97901
1v7t_A	1wtn_A	0.97825
1ylj_A	3w4p_A	0.96665
3a2o_A	3oxc_A	0.97426
2vhk_A	2vu7_A	0.97893
1t3r_A	3oxc_A	0.97355
1d2u_A	1sy1_A	0.98317
3w4p_A	4hbt_A	0.96674
4z1s_A	4zc9_A	0.96213
1luq_A	4yvb_A	0.98053
2wur_A	5drf_A	0.97879
2wur_A	5drg_A	0.97879
3w4p_A	6qw8_A	0.96329
3j7y_5	7qi6_5	0.94715
1v7t_A	2d4j_A	0.97649
2f01_A	4yvb_A	0.96292
1jse_A	2d4j_A	0.97646
4b4e_A	5v92_A	0.97644
3w4p_A	5toy_A	0.96613
1ym1_A	3w4p_A	0.96589
1oe1_A	5akr_A	0.97269
1ywa_A	1ywd_A	0.98028
3nu3_A	3oxc_A	0.97096
2vu7_A	3ald_A	0.98126
2vu7_A	5avg_A	0.97628
3w4p_A	4de0_A	0.96479
1jsf_A	1wtn_A	0.97
1luq_A	4y59_A	0.96151
2f01_A	4y59_A	0.96875
1yly_A	3w4p_A	0.96536
2wur_A	4gf6_B	0.91392
3wl2_A	5v92_A	0.97567
1t3r_A	5jg1_A	0.97004
2vu7_A	6fj6_A	0.98061
2vu7_A	5x9l_A	0.98063
2vu7_A	5x9m_A	0.98038
2vu7_A	5yyp_A	0.98026
1jse_A	5v92_A	0.97478
1jsf_A	3wl2_A	0.96639
1jsf_A	4b4e_A	0.96825
1nnf_A	1o7t_A	0.97815
1t3r_A	3nu3_A	0.96843
1x8o_A	1ywd_A	0.97828
1sy1_A	1ywd_A	0.97773
1gpi_A	3pfz_A	0.96739
1v7t_A	5v92_A	0.97281
2d4j_A	5v92_A	0.97242
1v7t_A	4b4e_A	0.9717
1ztu_A	8bor_A	0.66464
1q5m_A	5ouk_A	0.96011
1amm_A	1h4a_X	0.97559
1t3r_A	3nu6_A	0.96519
1kou_A	1odv_A	0.7985
1jse_A	1v7t_A	0.96958
4bs6_A	5mqy_A	0.9638
1jsf_A	2d4j_A	0.96265
6zr9_A	7plf_AAA	0.9681
1pwl_A	1q5m_A	0.95797
1q5m_A	4gca_A	0.95619
7nh8_AAA	7plf_AAA	0.9703
1pwm_A	1q5m_A	0.95732
1q5m_A	1z8a_A	0.9561
1q5m_A	3bcj_A	0.95699
1q5m_A	2pzn_A	0.95704
3tla_A	4jvo_A	0.97263
4hbt_A	5vpq_A	0.9224
2aba_A	4awt_A	0.97163
3u81_A	5p9p_A	0.95185
3u81_A	5p9v_A	0.95183
1q5m_A	4qbx_A	0.95646
1mfm_A	2c9v_A	0.96968
4iix_A	4jvo_A	0.96665
1q5m_A	3lz3_A	0.94441
1q5m_A	4lbs_A	0.95586
1q5m_A	4prr_A	0.95469
1q5m_A	1z3n_A	0.95591
1q5m_A	3lep_A	0.94624
1q5m_A	2pev_A	0.9557
1q5m_A	2qxw_A	0.94679
1mfm_A	4a7u_A	0.96878
5vpq_A	6qw8_A	0.91745
1jsf_A	1v7t_A	0.95807
3u81_A	5p9n_A	0.95064
3wha_A	5j80_A	0.96815
3a7s_A	3ihr_A	0.71303
1q5m_A	1us0_A	0.94583
1q5m_A	2agt_A	0.95433
5a92_A	5vpq_A	0.91407
1jse_A	1jsf_A	0.95775
1czp_A	3ab5_A	0.95141
5cc9_A	7fpy_A	0.96237
1ylj_A	4euz_A	0.94993
1jsf_A	5v92_A	0.9562
2zq7_A	5vpq_A	0.91423
2dfb_A	5ej3_A	0.95177
4euz_A	5a92_A	0.94426
4psy_A	5cc9_A	0.96071
4euz_A	5toy_A	0.94885
1ym1_A	4euz_A	0.94843
4euz_A	6c79_A	0.94535
4o9a_A	6arg_A	0.96663
4de0_A	4euz_A	0.94722
4euz_A	4hbt_A	0.95037
1yly_A	4euz_A	0.94784
4id4_A	4oqi_A	0.97113
5vpq_A	6c79_A	0.91434
2v3i_A	3pfz_A	0.96424
4fcf_A	4id4_A	0.9562
1hj8_A	5lgo_A	0.96441
1hj8_A	5mnp_A	0.96431
2abb_A	4awt_A	0.96751
4xq4_A	5ej3_A	0.94318
1hj8_A	5mon_A	0.96418
1hj8_A	4i8l_A	0.96451
4euz_A	6qw8_A	0.9459
1hj8_A	5mnh_A	0.96398
1hj8_A	5mnc_A	0.96403
4gvq_A	4gvr_A	0.97127
1hj8_A	5mnn_A	0.96374
1hj8_A	5mng_A	0.96341
1hj8_A	4i8j_A	0.96446
3w4p_A	4euz_A	0.95838
2zq7_A	4euz_A	0.94546
1n9b_A	4oqi_A	0.95998
2w1j_A	3o0p_A	0.94389
1z8a_A	4jtr_A	0.9538
4hk8_A	5ej3_A	0.9459
1hj8_A	1s0r_A	0.95156
4bs6_A	5maj_A	0.96515
2zd8_A	4id4_A	0.95675
4jtr_A	4prr_A	0.95179
4fh4_A	4oqi_A	0.95765
4fcf_A	4oqi_A	0.95761
4gca_A	4jtr_A	0.95075
1ong_A	4oqi_A	0.95731
1hj8_A	2ah4_X	0.96405
4fh4_A	4id4_A	0.95548
1ylj_A	5vpq_A	0.9168
3w4p_A	5vpq_A	0.92947
2zd8_A	4oqi_A	0.95712
1ong_A	4id4_A	0.9548
1n9b_A	4id4_A	0.95378
3bcj_A	4jtr_A	0.95418
4jtr_A	5ouk_A	0.95373
2xu3_A	4bs6_A	0.96086
3ec0_A	3nu3_A	0.94786
1pwm_A	4jtr_A	0.95446
3dk1_A	3ec0_A	0.94707
2pev_A	4jtr_A	0.95298
3lz3_A	4jtr_A	0.95287
3ec0_A	6cdj_A	0.94673
3dk1_A	3ecg_A	0.94645
4jtr_A	4qbx_A	0.95288
3ec0_A	3toh_A	0.94518
3ecg_A	3nu3_A	0.94667
3aks_A	5ej3_A	0.95149
2qxw_A	4jtr_A	0.95257
1h4g_A	4hk8_A	0.88491
3ecg_A	6cdj_A	0.94589
2yjc_A	4bs6_A	0.96472
3lep_A	4jtr_A	0.95198
1us0_A	4jtr_A	0.95182
3ecg_A	3toh_A	0.94389
3ecg_A	3i6o_A	0.94511
1pwl_A	4jtr_A	0.95156
3a2o_A	3ecg_A	0.94515
4jtr_A	4lbs_A	0.95149
3ec0_A	3i6o_A	0.94471
3a2o_A	3ec0_A	0.94495
1hj8_A	5mne_A	0.96399
3ecg_A	3nu6_A	0.94362
3ec0_A	3nu6_A	0.94373
1z3n_A	4jtr_A	0.95076
4egu_A	5waa_A	0.89207
4egu_A	6n3x_A	0.89203
2pzn_A	4jtr_A	0.94943
2agt_A	4jtr_A	0.95006
1mqd_A	3g3j_A	0.93728
3ec0_A	3ndx_A	0.94093
3ec0_A	3ndw_A	0.94073
3ecg_A	3ndx_A	0.93997
1hj8_A	1s0q_A	0.95154
3ecg_A	3ndw_A	0.93975
3ecg_A	5jg1_A	0.93998
3ec0_A	5jg1_A	0.93972
1bxo_A	5rd1_A	0.93383
1bxo_A	5rdc_A	0.93378
1bxo_A	5re2_A	0.93362
1bxo_A	5p77_A	0.93347
1bxo_A	5p76_A	0.93353
1bxo_A	5p71_A	0.93352
1bxo_A	5p73_A	0.93329
1bxo_A	5rcd_A	0.93327
1bxo_A	4y5l_A	0.93332
1bxo_A	5rdi_A	0.93332
1bxo_A	5p8t_A	0.93319
1bxo_A	5p70_A	0.93321
1bxo_A	5sao_A	0.93319
1bxo_A	5lws_A	0.93303
3ec0_A	3oxc_A	0.93659
1bxo_A	5mb5_A	0.93265
4fmw_A	4jwh_A	0.90877
1h4g_A	4xq4_A	0.87377
3ecg_A	3oxc_A	0.93573
2cnq_A	2cnu_A	0.94807
3hsg_A	4m5l_A	0.93925
1bxo_A	1gvt_A	0.93699
1bxo_A	2jjj_A	0.9373
1t3r_A	3ecg_A	0.93284
1fug_A	8axz_A	0.93532
1gpi_A	2v3i_A	0.94943
1t3r_A	3ec0_A	0.93138
1bxo_A	1gvw_A	0.93501
3hsg_A	4m5m_A	0.93612
4pss_A	7fpy_A	0.73074
4pss_A	4psy_A	0.73326
1a6g_A	2nrm_A	0.89289
1yly_A	5eoo_A	0.93791
5eoo_A	5toy_A	0.93725
1i1w_A	1v0l_A	0.94681
1ym1_A	5eoo_A	0.93746
1a6n_A	2nrm_A	0.89146
1ylj_A	5eoo_A	0.93749
4hbt_A	5eoo_A	0.93701
4de0_A	5eoo_A	0.93632
5eoo_A	6c79_A	0.93486
1m5e_A	3g3j_A	0.93911
1i1w_A	1v0k_A	0.94734
5eoo_A	6qw8_A	0.93513
4gnu_A	4id4_A	0.93496
1bzp_A	2nrm_A	0.89046
5a92_A	5eoo_A	0.93305
1bzr_A	2nrm_A	0.89054
1o5x_A	2j27_A	0.93326
5zya_D	6qx9_BP	0.79237
1ylj_A	4gnu_A	0.93187
4l6d_A	4qrn_A	0.90715
4gnu_A	5toy_A	0.93194
1ym1_A	4gnu_A	0.93162
1yly_A	4gnu_A	0.93084
1i1w_A	1v0m_A	0.94705
4de0_A	4gnu_A	0.93089
1i1x_A	1v0l_A	0.94348
4gnu_A	4hbt_A	0.93233
1o5x_A	2y62_A	0.93287
1gok_A	1v0l_A	0.94351
4gnu_A	6c79_A	0.92553
5c5a_A	5z02_A	0.8858
4de0_A	5vpq_A	0.91853
1h4g_A	2dfb_A	0.8819
3mnc_A	5mne_A	0.91564
1gok_A	1v0k_A	0.94806
1uzb_A	3v9k_A	0.91769
4gnu_A	5a92_A	0.92355
1i1x_A	1v0k_A	0.94754
4id4_A	5eoo_A	0.93105
1h4g_A	5ej3_A	0.87787
2zd8_A	4gnu_A	0.928
3mu4_A	5mne_A	0.91501
5mon_A	5nat_A	0.93451
3mty_A	5mne_A	0.91489
1h4g_A	3aks_A	0.88037
4fcf_A	4gnu_A	0.92692
4fh4_A	4gnu_A	0.92786
5mne_A	5nat_A	0.93489
1mj5_A	5flk_A	0.93409
4gnu_A	6qw8_A	0.92589
4gnu_A	4oqi_A	0.9231
4euz_A	5eoo_A	0.9183
5toy_A	5vpq_A	0.92057
1qtw_A	4hno_A	0.92594
1ym1_A	5vpq_A	0.92077
2ah4_X	5nat_A	0.93074
3odf_A	5mne_A	0.91523
3odd_A	5mne_A	0.91516
1ong_A	4gnu_A	0.92668
1yly_A	5vpq_A	0.92024
1gok_A	1v0m_A	0.94441
1v0m_A	3nyd_A	0.94311
1i1x_A	1v0m_A	0.94398
1n9b_A	4gnu_A	0.92383
3hsg_A	3hsj_A	0.93296
1v0k_A	3nyd_A	0.94235
3mu4_A	4i8j_A	0.91483
3mty_A	4i8j_A	0.91473
1v0l_A	3nyd_A	0.94216
3mnc_A	5mnc_A	0.91566
3mnc_A	4i8l_A	0.91529
3mnc_A	4i8j_A	0.91538
2ccw_A	3fsa_A	0.88559
3mnc_A	5mon_A	0.91472
3mnc_A	5mnh_A	0.91469
3mnc_A	5mng_A	0.91528
3mnc_A	5mnn_A	0.91514
3mnc_A	5mnp_A	0.91451
1ug6_A	5ok7_A	0.88352
3mnc_A	5lgo_A	0.91269
3mu4_A	5mnc_A	0.9151
3mu4_A	4i8l_A	0.91459
4euz_A	5vpq_A	0.91938
3mty_A	5mnc_A	0.91499
1s0q_A	5nat_A	0.92703
3mty_A	4i8l_A	0.91449
3mu4_A	5mng_A	0.91469
3mu4_A	5mon_A	0.9141
3mu4_A	5mnn_A	0.91447
3mu4_A	5mnh_A	0.91403
3mty_A	5mng_A	0.91457
3mty_A	5mon_A	0.91399
3mty_A	5mnn_A	0.91435
3mty_A	5mnh_A	0.91392
5mnp_A	5nat_A	0.93472
2ah4_X	3mnc_A	0.9127
3mu4_A	5mnp_A	0.91379
5mnh_A	5nat_A	0.93477
3mty_A	5mnp_A	0.91367
4ua4_A	5zj2_A	0.89552
1s0r_A	5nat_A	0.92626
3mu4_A	5lgo_A	0.91172
3mty_A	5lgo_A	0.91162
4i8j_A	5nat_A	0.93418
5mnn_A	5nat_A	0.93468
3odd_A	5mnc_A	0.91524
3odd_A	4i8l_A	0.91479
3odf_A	5mnc_A	0.9153
3odf_A	4i8l_A	0.91481
3odd_A	4i8j_A	0.91481
2zd8_A	5eoo_A	0.92071
3odf_A	4i8j_A	0.91507
5mng_A	5nat_A	0.93435
1s0r_A	5avd_A	0.88764
3odd_A	5mng_A	0.91483
3odd_A	5mon_A	0.91431
3odd_A	5mnh_A	0.91426
3odf_A	5mng_A	0.91489
3odf_A	5mon_A	0.91433
3odf_A	5mnh_A	0.9143
3odd_A	5mnn_A	0.91464
3odf_A	5mnn_A	0.9147
3odf_A	5mnp_A	0.91407
3odd_A	5mnp_A	0.91403
4ua4_A	6d1i_A	0.89658
3odd_A	5lgo_A	0.9119
3odf_A	5lgo_A	0.91218
2ah4_X	3odf_A	0.91248
2ah4_X	3mu4_A	0.91232
2ah4_X	3odd_A	0.91249
4ua4_A	5xp6_A	0.89622
2ah4_X	3mty_A	0.9122
3g3j_A	4yki_A	0.8989
1ong_A	5eoo_A	0.91728
4i8l_A	5nat_A	0.93421
4fh4_A	5eoo_A	0.91793
4fcf_A	5eoo_A	0.91711
2zq7_A	5eoo_A	0.93178
4i8l_A	5avd_A	0.87911
5avd_A	5mon_A	0.87861
4i8j_A	5avd_A	0.87913
5avd_A	5mnh_A	0.87858
2ah4_X	5avd_A	0.87489
4c1d_A	4c1h_A	0.88211
3w4p_A	5eoo_A	0.92684
1s0q_A	5avd_A	0.8871
5lgo_A	5nat_A	0.9306
1v2x_A	1zjr_A	0.88224
1ug6_A	5okb_A	0.86102
4id4_A	6c79_A	0.91605
4c1d_A	4ey2_A	0.8655
1n9b_A	5eoo_A	0.91353
5avd_A	5nat_A	0.88015
3gbn_L	4unu_A	0.67638
2zq7_A	4gnu_A	0.92305
4oqi_A	6c79_A	0.91647
5avd_A	5lgo_A	0.87692
4oqi_A	5eoo_A	0.92029
1ym1_A	4id4_A	0.91532
4c1h_A	4ua4_A	0.8831
4id4_A	5toy_A	0.91504
1yly_A	4id4_A	0.915
5avd_A	5mne_A	0.87935
4bs6_A	4qrv_A	0.67229
4de0_A	4id4_A	0.91399
1p1x_A	1ub3_A	0.80144
3hsj_A	4m5l_A	0.91505
3w4p_A	4oqi_A	0.90907
4ey2_A	4ua4_A	0.86046
5avd_A	5mnp_A	0.87828
4qrv_A	5maj_A	0.66488
3ago_A	3ahw_A	0.91343
2wur_A	4q9w_A	0.88398
3s92_A	4zc9_A	0.79959
1ylj_A	4oqi_A	0.91469
2o0b_A	3nvs_A	0.93579
1jcj_A	1ub3_A	0.79561
5sy4_A	5sy9_A	0.89455
5avd_A	5mnc_A	0.87944
2yjc_A	4qrv_A	0.665
1a7s_A	1s0r_A	0.90425
1oxd_A	4q9w_A	0.87293
3mu4_A	5nat_A	0.91264
1sjm_A	3ziy_A	0.63555
3mty_A	5nat_A	0.91248
5avd_A	5mng_A	0.87892
5avd_A	5mnn_A	0.87883
4qrv_A	5mqy_A	0.66494
2p86_A	5mqy_A	0.91789
1s0r_A	3mnc_A	0.91447
5sy4_A	5sya_A	0.89596
1unq_A	2x18_A	0.87081
1s0r_A	3mu4_A	0.91505
1s0r_A	3mty_A	0.91495
1hj8_A	3mnc_A	0.8966
3i06_A	5mqy_A	0.91863
4oqi_A	5a92_A	0.91501
5mnc_A	5nat_A	0.93476
3mnc_A	5nat_A	0.91274
1s0q_A	3mnc_A	0.9151
1hj8_A	3mu4_A	0.89597
1hj8_A	3mty_A	0.896
2xu3_A	4qrv_A	0.66493
4hbt_A	4oqi_A	0.91434
3hsj_A	4m5m_A	0.91095
1ong_A	6c79_A	0.90191
4oqi_A	5toy_A	0.90993
1a7s_A	1s0q_A	0.90448
1s0r_A	3odd_A	0.91521
4c1d_A	6d1i_A	0.89794
1s0r_A	3odf_A	0.91519
4one_A	6d9y_A	0.89504
4c1d_A	5zj2_A	0.89667
4q9w_A	5drf_A	0.87201
4q9w_A	5drg_A	0.87201
3ezg_A	5sy4_A	0.89686
1hj8_A	3odf_A	0.89635
1a7s_A	5mnc_A	0.90415
1s0q_A	3odf_A	0.91476
1s0q_A	3odd_A	0.91451
1a7s_A	5mnn_A	0.90396
1soa_A	5sy4_A	0.89681
4euz_A	4oqi_A	0.89536
4oqi_A	6qw8_A	0.91248
1hj8_A	5nat_A	0.9129
1s0q_A	3mu4_A	0.91458
1s0q_A	3mty_A	0.91447
2p86_A	4bs6_A	0.90367
2zd8_A	2zq7_A	0.90166
5ej3_A	5tvy_A	0.87719
1a7s_A	5mng_A	0.90326
1a7s_A	5mnp_A	0.90374
2zq7_A	4oqi_A	0.91532
4fcf_A	5toy_A	0.90296
1ylj_A	4id4_A	0.91852
3s92_A	4z1s_A	0.80319
1a7s_A	5mnh_A	0.90373
3odf_A	5nat_A	0.9128
2zl7_A	4p25_A	0.92206
3odd_A	5nat_A	0.91286
1ym1_A	4oqi_A	0.90931
1n9b_A	2zq7_A	0.89984
1yly_A	4oqi_A	0.90889
4fh4_A	6qw8_A	0.90372
1a7s_A	5avd_A	0.85462
4id4_A	5a92_A	0.91546
1a7s_A	4i8l_A	0.90371
4de0_A	4oqi_A	0.90833
4fcf_A	6qw8_A	0.90318
2zd8_A	5toy_A	0.9041
4fh4_A	5toy_A	0.904
5eoo_A	5vpq_A	0.88523
3w4p_A	4fcf_A	0.90432
2zd8_A	6qw8_A	0.90454
2zd8_A	5a92_A	0.90117
4fh4_A	6c79_A	0.90266
1n9b_A	6qw8_A	0.90167
4c1d_A	5xp6_A	0.89789
1n9b_A	5toy_A	0.90136
2p86_A	5maj_A	0.90662
1n9b_A	4euz_A	0.89462
1n9b_A	5a92_A	0.89928
3i06_A	5maj_A	0.90756
3i06_A	4bs6_A	0.9082
1ong_A	5toy_A	0.90288
1ong_A	6qw8_A	0.90289
2zd8_A	4euz_A	0.89278
1ong_A	5a92_A	0.90004
1a7s_A	5mne_A	0.90401
1n9b_A	1yly_A	0.89999
1a7s_A	4i8j_A	0.90396
4fh4_A	4hbt_A	0.90422
1ong_A	4euz_A	0.89477
3beu_A	5dj7_A	0.87613
1a7s_A	5mon_A	0.90352
1a7s_A	5lgo_A	0.90334
1ym1_A	2zd8_A	0.90435
1n9b_A	1ylj_A	0.90143
1a7s_A	3odd_A	0.88441
1a7s_A	3odf_A	0.88441
1a7s_A	3mnc_A	0.88471
1a7s_A	3mu4_A	0.88414
2zd8_A	4hbt_A	0.90486
1a7s_A	3mty_A	0.88416
2zq7_A	4id4_A	0.91417
1n9b_A	1ym1_A	0.90123
1n9b_A	4hbt_A	0.90208
1m5e_A	4yki_A	0.87365
4id4_A	6qw8_A	0.91693
2p86_A	2xu3_A	0.90145
4fcf_A	4hbt_A	0.90371
1ylj_A	2zd8_A	0.90486
1ong_A	4hbt_A	0.903
1ylj_A	4fh4_A	0.90414
4euz_A	4fh4_A	0.89435
4hbt_A	4id4_A	0.92113
1mqd_A	4yki_A	0.86938
4gf6_B	4q9w_A	0.81967
5avd_A	5dj7_A	0.87063
1hj8_A	3odd_A	0.89619
5dj7_A	5mng_A	0.8814
1ylj_A	4fcf_A	0.90346
1a7s_A	2ah4_X	0.89918
1s0r_A	3beu_A	0.88256
5dj7_A	5mne_A	0.88125
5dj7_A	5mnn_A	0.8812
4de0_A	4fcf_A	0.90244
5dj7_A	5mnh_A	0.88083
2zd8_A	6c79_A	0.90308
5dj7_A	5lgo_A	0.87971
5a7y_A	5a7z_A	0.75817
4i8l_A	5dj7_A	0.88192
5dj7_A	5mnp_A	0.88044
1yly_A	4fcf_A	0.90165
1s0q_A	3beu_A	0.8809
1n9b_A	6c79_A	0.90146
1e4m_M	3vio_A	0.86677
1e4m_M	3vig_A	0.86653
4fh4_A	5a92_A	0.90063
4euz_A	4gnu_A	0.92124
1s0r_A	5dj7_A	0.89563
1yly_A	2zd8_A	0.90324
1zjy_A	6d9y_A	0.92023
4fcf_A	5a92_A	0.90035
2p86_A	2yjc_A	0.90764
3ilk_A	4cng_A	0.6007
1ong_A	1ym1_A	0.9026
4i8j_A	5dj7_A	0.8821
3a7s_A	4ig7_A	0.75779
3w4p_A	4fh4_A	0.90506
3ic6_A	3kty_A	0.7182
1s0q_A	5dj7_A	0.8945
2zd8_A	4de0_A	0.90372
2zq7_A	4fcf_A	0.90055
1ong_A	1ylj_A	0.90283
5avd_A	5dkm_A	0.86596
1ong_A	1yly_A	0.90105
1e4m_M	1ug6_A	0.80935
3beu_A	4i8j_A	0.88475
1i1x_A	5y3x_A	0.84659
3beu_A	4i8l_A	0.88469
3i06_A	4qrv_A	0.65268
4c1h_A	4ey2_A	0.84844
3beu_A	5mng_A	0.88487
2zq7_A	4fh4_A	0.90125
1ong_A	2zq7_A	0.90119
3beu_A	5mnn_A	0.88465
4gnu_A	5vpq_A	0.88778
3beu_A	5mnc_A	0.88503
1gok_A	5y3x_A	0.84656
1ym1_A	4fh4_A	0.90392
1ong_A	4de0_A	0.9023
1i1w_A	5y3x_A	0.84419
1yly_A	4fh4_A	0.90265
3beu_A	5mne_A	0.88428
3nyd_A	5y3x_A	0.84246
1hj8_A	5dj7_A	0.86895
4de0_A	4fh4_A	0.90351
4hk8_A	5tvy_A	0.90584
1n9b_A	4de0_A	0.90085
3beu_A	5dkm_A	0.87397
5dj7_A	5mnc_A	0.88149
4c1h_A	5xp6_A	0.88618
2dfb_A	5tvy_A	0.89757
2yjc_A	3i06_A	0.90781
3w4p_A	4gnu_A	0.9309
5dj7_A	5nat_A	0.86884
3beu_A	5lgo_A	0.88082
5dkm_A	5mng_A	0.88028
4i8l_A	5dkm_A	0.88094
1a7s_A	5nat_A	0.89059
2ah4_X	5dj7_A	0.87705
2ah4_X	3beu_A	0.88383
5dkm_A	5mnh_A	0.8797
3ic6_A	3ilk_A	0.63239
5dkm_A	5mnn_A	0.88008
3ed7_A	5m4z_A	0.87547
5dkm_A	5mnp_A	0.8793
4fcf_A	6c79_A	0.90224
2zd8_A	5vpq_A	0.86243
5dkm_A	5lgo_A	0.87876
1hj8_A	5avd_A	0.86165
5dkm_A	5mne_A	0.88017
4xq4_A	5tvy_A	0.89973
3beu_A	3mu4_A	0.86509
3beu_A	3odd_A	0.865
3beu_A	3mty_A	0.86498
1s0r_A	5dkm_A	0.89457
3ziy_A	5f7b_A	0.63613
3beu_A	3odf_A	0.86482
5dj7_A	5mon_A	0.88054
3beu_A	3mnc_A	0.86451
4fcf_A	5vpq_A	0.86382
2xu3_A	3i06_A	0.90279
1a7s_A	1hj8_A	0.88645
1o6l_A	4pf4_A	0.77202
1itx_A	4wk9_A	0.79966
4p25_A	4x06_A	0.84413
4pss_A	5cc9_A	0.69703
1s0q_A	5dkm_A	0.89347
1oe1_A	3ziy_A	0.63456
3vig_A	5ok7_A	0.90048
3vio_A	5ok7_A	0.90063
3aks_A	5tvy_A	0.89955
4c1h_A	6d1i_A	0.88668
4c1h_A	5zj2_A	0.88609
5dkm_A	5nat_A	0.86749
1ym1_A	4fcf_A	0.90291
4i7v_A	5hwn_A	0.85516
1soa_A	3nov_A	0.71775
3beu_A	5mnh_A	0.88397
3ziy_A	5akr_A	0.63538
4euz_A	4id4_A	0.89532
3beu_A	5mon_A	0.88355
4awt_A	4k7y_A	0.8319
3beu_A	5mnp_A	0.88341
3beu_A	5avd_A	0.8427
2p86_A	4qrv_A	0.6473
3mty_A	5dj7_A	0.88888
3mu4_A	5dj7_A	0.88888
1jgm_A	5vrk_A	0.8608
2ah4_X	5dkm_A	0.87582
1soa_A	6ni4_A	0.72184
5dkm_A	5mnc_A	0.88045
1itx_A	3ary_A	0.66773
5dkm_A	5mon_A	0.8794
3odf_A	5dj7_A	0.88879
3mty_A	5dkm_A	0.88809
3odd_A	5dj7_A	0.88894
3mu4_A	5dkm_A	0.88805
2aba_A	4k7y_A	0.83228
3b12_A	4eus_A	0.8877
2aba_A	4gbu_A	0.83224
3beu_A	5nat_A	0.87249
4euz_A	4fcf_A	0.89373
3odf_A	5dkm_A	0.88798
4oqi_A	5tfq_A	0.84825
3odd_A	5dkm_A	0.88811
4oqi_A	5vpq_A	0.86965
1v2x_A	2ha8_A	0.72988
1zjr_A	2ha8_A	0.70832
3w4p_A	4id4_A	0.91312
1v0m_A	5y3x_A	0.83796
3vig_A	5okb_A	0.89657
1e4m_M	5ok7_A	0.84457
2abb_A	4k7y_A	0.8299
2abb_A	4gbu_A	0.82924
3nzn_A	3zit_A	0.64806
1itx_A	4wka_A	0.8003
4i62_A	4kqp_A	0.86036
3vio_A	5okb_A	0.89671
2k0a_A	5zya_D	0.66964
1v0k_A	5y3x_A	0.83927
4awt_A	4gbu_A	0.83205
6qqm_A	6zr9_A	0.83572
2flh_A	4bkd_A	0.81262
4mf5_A	4zbd_A	0.82309
3mnc_A	5dj7_A	0.88818
1zjy_A	2o23_A	0.87639
1zjy_A	4one_A	0.88353
2o23_A	6d9y_A	0.87354
1v0l_A	5y3x_A	0.83641
7nh8_AAA	7pri_AAA	0.83933
3mnc_A	5dkm_A	0.88652
2zd8_A	3w4p_A	0.90551
4xku_A	6b8g_A	0.80179
5eoo_A	5tfq_A	0.85717
2pgo_A	4feg_A	0.86117
1hj8_A	3beu_A	0.87312
3ezg_A	4hcj_A	0.80051
4i8j_A	5dkm_A	0.88113
1ong_A	3w4p_A	0.90393
1itx_A	4wkf_A	0.80106
4id4_A	5vpq_A	0.87746
1n9b_A	3w4p_A	0.9031
1h4g_A	5tvy_A	0.82335
2o23_A	4one_A	0.84551
6qqm_A	7plf_AAA	0.83278
7plf_AAA	7pri_AAA	0.8325
1ug6_A	3vig_A	0.85288
6qqm_A	7nh8_AAA	0.83981
1hj8_A	5dkm_A	0.86758
3nov_A	4hcj_A	0.64461
1ug6_A	3vio_A	0.85299
4zuo_A	5eei_A	0.81424
3ezg_A	3nov_A	0.71636
4hcj_A	5sy4_A	0.75952
3ihr_A	4ig7_A	0.73812
1yly_A	5tfq_A	0.84083
3nov_A	5sya_A	0.71343
6zr9_A	7pri_AAA	0.83506
2gf3_A	3nyc_A	0.85084
1ylj_A	5tfq_A	0.84066
4ywa_A	5odu_A	0.83532
2zq7_A	5tfq_A	0.84323
4zuq_A	6csp_A	0.8161
4hcj_A	5sy9_A	0.79588
1ym1_A	5tfq_A	0.84151
2pgo_A	4gp9_A	0.80793
1e4m_M	5okb_A	0.84614
5a92_A	5tfq_A	0.83974
5tfq_A	6c79_A	0.84029
5sy9_A	6ni4_A	0.72028
3ezg_A	6ni4_A	0.72004
3nov_A	5sy4_A	0.70931
4id4_A	5tfq_A	0.8434
1q6z_A	2pgo_A	0.80584
2of8_A	4cpf_A	0.85236
4de0_A	5tfq_A	0.84003
2k0a_A	6qx9_BP	0.72529
5tfq_A	5toy_A	0.84256
1a6g_A	3g46_A	0.78707
5ap8_A	5apg_A	0.7352
3w4p_A	5tfq_A	0.85775
1uak_A	6qqw_A	0.77734
1h12_A	1kwf_A	0.78428
3mcw_A	3oqp_A	0.80119
1a6n_A	3g46_A	0.78434
1bzr_A	3g46_A	0.77536
1uak_A	6qqz_A	0.77605
3nov_A	5sy9_A	0.71918
3sg0_A	4rdc_A	0.84383
4zuq_A	5eei_A	0.81444
3bbd_A	3o7b_A	0.79692
4gnu_A	5tfq_A	0.86113
2fhl_A	4cpf_A	0.84997
1s5m_A	5nhm_A	0.79732
3m9j_A	5hr3_A	0.85754
1g9o_A	2gzv_A	0.83219
4hbt_A	5tfq_A	0.84515
4hcj_A	5sya_A	0.80481
2pgo_A	4jd5_A	0.80653
2eut_A	3m8m_A	0.68124
4k1c_A	4kjr_A	0.75862
5tfq_A	6qw8_A	0.8431
1bzp_A	3g46_A	0.7737
3rwa_A	4q9w_A	0.67593
1yno_A	2pgo_A	0.80568
2pgo_A	4gm0_A	0.80599
1n9b_A	5vpq_A	0.86243
4hcj_A	6ni4_A	0.64664
4zuo_A	6csp_A	0.816
1ong_A	5vpq_A	0.86186
4fh4_A	5vpq_A	0.86436
1pv2_A	4hcj_A	0.61927
1g9o_A	2vwr_A	0.79233
1nxz_A	4l69_A	0.81754
3ilk_A	3kty_A	0.61056
1t3y_A	4kef_A	0.81629
1soa_A	4hcj_A	0.8005
1y55_X	4cpf_A	0.84747
2xwv_A	4yzz_A	0.78688
1ea7_A	4fon_A	0.79412
4awt_A	5lnj_A	0.81334
3ic6_A	4cng_A	0.66583
1ea7_A	5roy_A	0.79417
1wbi_A	2f01_A	0.83627
1ea7_A	3dw3_X	0.79383
2eut_A	3m5q_A	0.68135
2xwv_A	5i7i_A	0.84415
1luq_A	1wbi_A	0.82911
3l5l_A	4awt_A	0.81306
2zl7_A	4x06_A	0.83453
5sya_A	6ni4_A	0.72137
2vea_A	6ndo_A	0.72608
1luq_A	2of8_A	0.85806
3b4u_A	4i7v_A	0.87516
2f01_A	2of8_A	0.85474
2aba_A	5lnj_A	0.81218
1luq_A	1y55_X	0.85295
1luq_A	2fhl_A	0.85538
1h12_A	1is9_A	0.77579
3ein_A	4zbd_A	0.84118
4fh4_A	5tfq_A	0.84033
1y55_X	4yvb_A	0.84368
1ong_A	5tfq_A	0.84142
1wbi_A	3wyp_A	0.82122
1wbi_A	4yvb_A	0.82106
2fhl_A	4yvb_A	0.84626
2f01_A	2fhl_A	0.8527
4euz_A	5tfq_A	0.85781
1y55_X	2f01_A	0.85095
2aba_A	3l5l_A	0.81195
2fhl_A	3wyp_A	0.84674
1m5e_A	4i62_A	0.76567
2abb_A	5lnj_A	0.80993
1j85_A	3l8u_A	0.85531
1jfc_A	1n40_A	0.85314
5tfq_A	5vpq_A	0.83691
3ein_A	4mf5_A	0.75049
1jfb_A	1n40_A	0.85364
2zd8_A	5tfq_A	0.8421
1y55_X	3wyp_A	0.84436
1a7s_A	5dj7_A	0.85259
2of8_A	3wyp_A	0.84874
1ea7_A	3i30_X	0.79395
1ea7_A	3dvq_X	0.79399
2of8_A	4yvb_A	0.84913
1ea7_A	3dwe_X	0.79391
2qmm_A	2qwv_A	0.82526
5sy4_A	6ni4_A	0.71749
1ea7_A	3dw1_X	0.79414
2abb_A	3l5l_A	0.8096
3bje_A	5epu_A	0.70671
1ea7_A	2v8b_A	0.79425
1ea7_A	5rp4_A	0.79411
1ea7_A	5roi_A	0.79426
1ea7_A	5rot_A	0.79419
1ea7_A	5rpv_A	0.79417
3u3h_A	5b7y_A	0.62187
2glk_A	5b7y_A	0.61868
1a7s_A	3beu_A	0.84009
1wbi_A	4cpf_A	0.8285
1mnz_A	5b7y_A	0.61919
1a7s_A	5dkm_A	0.85163
1ztu_A	6tby_AAA	0.81893
1n9b_A	5tfq_A	0.84023
3b4u_A	5hwn_A	0.80078
1bzr_A	5k1l_A	0.75853
4fcf_A	5tfq_A	0.83966
4a8n_A	5nhm_A	0.79686
1bzp_A	5k1l_A	0.75688
2of8_A	4y59_A	0.84304
1mqd_A	4i62_A	0.76783
3d1p_A	6bev_A	0.74646
1s5n_A	5nhm_A	0.79804
3u3h_A	5nhm_A	0.79727
2eut_A	4czo_A	0.66518
2fhl_A	4y59_A	0.84044
2v3j_A	3o7b_A	0.78743
1y55_X	4y59_A	0.83785
2eut_A	4czn_A	0.66697
4feg_A	4gm0_A	0.80009
4uhf_A	6elx_A	0.80705
4uhc_A	6elx_A	0.80833
4a8n_A	5b7y_A	0.62186
4pf4_A	6hmd_A	0.7196
1bzp_A	5lk9_A	0.76016
1wbi_A	4y59_A	0.82302
3l5l_A	4k7y_A	0.7391
4k7y_A	5lnj_A	0.74055
1s5n_A	5b7y_A	0.62161
4a7u_A	4l05_A	0.81
4feg_A	4jd5_A	0.80021
4feg_A	4gp9_A	0.79993
1ea7_A	5amx_A	0.79413
3l5l_A	4gbu_A	0.73925
1bzp_A	5lkv_A	0.75966
2gzv_A	2vwr_A	0.7664
1mnz_A	5nhm_A	0.79534
1bzr_A	5lk9_A	0.76172
1yno_A	4feg_A	0.79794
1muw_A	5nhm_A	0.79753
1q6z_A	4feg_A	0.79798
1a6g_A	5lk9_A	0.76754
2glk_A	5nhm_A	0.79857
3kty_A	4cng_A	0.80718
3g3j_A	4i62_A	0.76585
2eut_A	4czq_A	0.66537
4gbu_A	5lnj_A	0.73919
1bs9_A	3qpa_A	0.72115
1n40_A	4tpo_A	0.84388
3i30_X	4h6v_A	0.76475
2rac_A	4dpb_X	0.70372
1muw_A	5b7y_A	0.62201
6ndo_A	8bor_A	0.6354
4i62_A	4yki_A	0.78419
1a6g_A	5k1l_A	0.76418
1gz0_A	3gyq_A	0.72774
1mj5_A	4eus_A	0.79696
4h6v_A	5amx_A	0.76525
1a6n_A	5lk9_A	0.76364
1jfc_A	4tpo_A	0.81387
3dwe_X	4h6v_A	0.76468
1jfb_A	4tpo_A	0.81483
1v2x_A	3l8u_A	0.67209
2vea_A	8bor_A	0.73392
1a6n_A	5k1l_A	0.76054
1oxd_A	3rwa_A	0.66205
1ig5_A	4pe0_X	0.64196
2c9v_A	4l05_A	0.81091
3dvq_X	4h6v_A	0.76491
1itx_A	5jh8_A	0.64313
4fmw_A	6emv_A	0.77966
1pv2_A	5sya_A	0.61093
1m5e_A	4kqp_A	0.73611
1o6l_A	6hmd_A	0.70565
1a6n_A	5lkv_A	0.76454
1v2x_A	4cng_A	0.67199
4j3c_A	4l69_A	0.80003
3x0n_A	5ws7_A	0.64468
1kng_A	4hqz_A	0.78642
2v8b_A	4h6v_A	0.76527
4fon_A	4h6v_A	0.76594
1mqd_A	4kqp_A	0.73835
4h6v_A	5roi_A	0.76581
4h6v_A	5rot_A	0.76581
6l7e_A	6rwb_A	0.67237
3j7y_5	3j7y_s	0.68129
4eus_A	5flk_A	0.80703
4h6v_A	5rpv_A	0.76587
4o9y_A	6rwb_A	0.66303
1mfm_A	4l05_A	0.79319
4h6v_A	5roy_A	0.76557
2wur_A	3rwa_A	0.66299
1j85_A	1v2x_A	0.67467
3g3j_A	4kqp_A	0.74455
1s5m_A	5b7y_A	0.62196
3dw3_X	4h6v_A	0.76473
1j85_A	1zjr_A	0.64096
3kfa_A	4pf4_A	0.74599
3x0s_A	5ws7_A	0.64067
3kty_A	3l8u_A	0.72928
1sby_A	4one_A	0.76456
3ein_A	6f43_A	0.7272
3dw1_X	4h6v_A	0.76479
1nxz_A	4j3c_A	0.78107
1ixh_A	4f18_A	0.73273
2yr6_A	5yb6_A	0.72134
4yap_A	4zbd_A	0.64155
3mcw_A	3tg2_A	0.74428
1ixh_A	4f1v_A	0.73748
1j85_A	2ha8_A	0.78799
1mj5_A	3b12_A	0.80572
3rwa_A	5drf_A	0.66006
3rwa_A	5drg_A	0.66006
4kqp_A	4yki_A	0.76765
3b1b_A	7nh8_AAA	0.69563
2rac_A	4dp9_X	0.70374
3x0k_A	5ws7_A	0.64649
1ixh_A	4f19_A	0.73271
1yqs_A	6fm7_A	0.7794
4cyb_A	4xku_A	0.76602
1ixh_A	4f1u_A	0.73306
5aii_A	5kp1_A	0.7777
1g66_A	3qpa_A	0.72107
1pv2_A	5sy9_A	0.61124
1jfc_A	1zo4_A	0.73146
5k9b_A	5yob_A	0.70578
4yzz_A	5i7i_A	0.78025
1oh0_A	5aii_A	0.77951
3wmv_A	4p6a_A	0.67176
3oqp_A	3tg2_A	0.73956
3dcm_X	4cng_A	0.67529
1q6o_A	4lc8_A	0.79126
3b1b_A	7plf_AAA	0.6948
3l8u_A	4cng_A	0.76543
2v3j_A	3bbd_A	0.75304
3e0j_A	7lxd_F	0.72926
4h6v_A	5rp4_A	0.7651
1pv2_A	3ezg_A	0.60867
2ha8_A	3l8u_A	0.7609
4wkf_A	5jh8_A	0.72141
3kfa_A	6hmd_A	0.66278
1pv2_A	1soa_A	0.60932
4eus_A	4uhf_A	0.77841
2vea_A	4gw9_A	0.63146
1ea7_A	4h6v_A	0.72735
1jfb_A	1zo4_A	0.73166
4g9e_A	4uhc_A	0.79898
4eus_A	4g8c_A	0.77261
3ein_A	4yap_A	0.65745
4g9e_A	4uhf_A	0.79611
1j85_A	4cng_A	0.79502
2ha8_A	3kty_A	0.78707
1bzr_A	5lkv_A	0.76158
4wka_A	5jh8_A	0.72055
1a6g_A	5lkv_A	0.76831
1sby_A	1zjy_A	0.76306
4eus_A	4uhc_A	0.77915
5flk_A	6elx_A	0.75611
4wk9_A	5jh8_A	0.72119
4jwh_A	6emv_A	0.76791
4g8c_A	6elx_A	0.7964
4g9e_A	6elx_A	0.79756
1h1n_A	7a3h_A	0.7277
1q6o_A	3nqf_A	0.80109
4zbd_A	6f43_A	0.71254
4g8c_A	4uhc_A	0.80153
1ea7_A	3qfh_A	0.60372
4g8c_A	5flk_A	0.7689
3b1b_A	6zr9_A	0.69398
3b12_A	4g8c_A	0.78741
1o6l_A	3kfa_A	0.67143
2v06_A	3w42_A	0.68288
1sby_A	6d9y_A	0.77305
6yxx_EF	7aoi_XO	0.61736
1zjr_A	3l8u_A	0.63586
1mj5_A	4g8c_A	0.75683
1j85_A	3kty_A	0.76213
3b12_A	4g9e_A	0.78675
2o23_A	5if3_A	0.63911
4eus_A	6elx_A	0.75472
3b12_A	4uhc_A	0.79058
4one_A	5if3_A	0.63324
1sby_A	2o23_A	0.74124
1qtw_A	5b7y_A	0.75477
1a7s_A	6ff0_A	0.65936
3dcm_X	3l8u_A	0.62058
3b12_A	5flk_A	0.81058
1c0p_A	2gf3_A	0.72152
1qtw_A	1s5m_A	0.60047
3v5u_A	4kpp_A	0.60478
4yap_A	6f43_A	0.70069
4uhc_A	5flk_A	0.7661
4g9e_A	5flk_A	0.76669
1qtw_A	3u3h_A	0.60111
1qtw_A	4a8n_A	0.60072
2nrm_A	5k1l_A	0.74653
4mf5_A	6f43_A	0.71506
1mj5_A	4g9e_A	0.75686
4unu_A	5u64_B	0.70785
3wy2_A	5z0t_A	0.62394
1v2x_A	3kty_A	0.68636
2w20_A	6trg_XXX	0.66695
2jft_A	3w42_A	0.68278
4eus_A	4g9e_A	0.77168
3gyq_A	6yxx_EF	0.65444
3odf_A	6ff0_A	0.64272
4g8c_A	4uhf_A	0.79907
1zjr_A	4cng_A	0.63543
4uhf_A	5flk_A	0.76527
1qtw_A	1s5n_A	0.60064
3b12_A	4uhf_A	0.78948
4hno_A	5b7y_A	0.75058
2ha8_A	3ic6_A	0.63431
5avd_A	6ff0_A	0.61981
3mnc_A	6ff0_A	0.64285
3mu4_A	6ff0_A	0.64288
3mty_A	6ff0_A	0.6428
1muw_A	1qtw_A	0.60063
1zjy_A	5if3_A	0.63561
3rwa_A	4gf6_B	0.62802
1nnf_A	5mtu_A	0.67065
1pv2_A	5sy4_A	0.60441
1gz0_A	6yxx_EF	0.60627
5ctm_A	5vpq_A	0.64363
3vwn_X	6fm7_A	0.65937
1p1x_A	4lc8_A	0.65555
1x8q_A	3kfh_A	0.61147
5dkm_A	6ff0_A	0.64018
1sy1_A	3kfh_A	0.61002
1x8o_A	3kfh_A	0.61049
1zjr_A	3dcm_X	0.62033
3odd_A	6ff0_A	0.64297
1n40_A	1zo4_A	0.71428
3c77_X	3kfh_A	0.61099
1ywa_A	3kfh_A	0.60976
1x8p_A	3kfh_A	0.61
1nnf_A	5mka_A	0.66579
3c76_X	3kfh_A	0.61001
4hbt_A	5ctm_A	0.68161
1sxx_A	3kfh_A	0.6093
1sxy_A	3kfh_A	0.60824
4mf5_A	4yap_A	0.62119
1jcj_A	4lc8_A	0.65242
1ywd_A	3kfh_A	0.60984
1mj5_A	6elx_A	0.73963
1x8n_A	3kfh_A	0.60707
1c7k_A	1jk3_A	0.63339
3dcm_X	3ic6_A	0.63631
1j85_A	3dcm_X	0.64529
3b1b_A	7pri_AAA	0.67894
5if3_A	6d9y_A	0.63467
3c6x_A	4uhc_A	0.69069
5lgo_A	6ff0_A	0.65704
1mj5_A	4uhc_A	0.75103
3c6z_A	4uhc_A	0.69154
1p1x_A	3nqf_A	0.65623
3c6x_A	4uhf_A	0.691
5mnc_A	6ff0_A	0.6566
3c6z_A	4uhf_A	0.68999
1nnf_A	5mk9_A	0.65554
5mnn_A	6ff0_A	0.65731
1zjr_A	3kty_A	0.6578
1mj5_A	4uhf_A	0.75076
1hdo_A	6d9y_A	0.64848
5ctm_A	5eoo_A	0.67109
3c6x_A	6elx_A	0.71704
1zjr_A	3ic6_A	0.63706
5mnp_A	6ff0_A	0.65635
1o7t_A	5mk9_A	0.66229
3b1b_A	6qqm_A	0.68144
5mng_A	6ff0_A	0.65705
1j85_A	3ic6_A	0.62339
5p9p_A	5t39_A	0.6054
5mon_A	6ff0_A	0.65553
1s0r_A	6ff0_A	0.65035
1q6o_A	4b5w_A	0.62192
5mne_A	6ff0_A	0.65664
3c6z_A	6elx_A	0.71736
3dcm_X	3kty_A	0.68017
1hdo_A	2o23_A	0.6511
1jcj_A	3nqf_A	0.65229
3j7y_s	7qi6_5	0.6648
1w0n_A	2vzp_A	0.74947
1zo4_A	4tpo_A	0.70684
5p9v_A	5t39_A	0.60476
3c70_A	6elx_A	0.71721
3c70_A	4uhc_A	0.69181
1ub3_A	4lc8_A	0.70648
3b12_A	6elx_A	0.76664
5mnh_A	6ff0_A	0.65548
5ctm_A	6c79_A	0.68718
1v2x_A	3dcm_X	0.64445
3c70_A	4uhf_A	0.69067
1hdo_A	1zjy_A	0.64365
1s0q_A	6ff0_A	0.65037
4id4_A	5ctm_A	0.67471
2ha8_A	3dcm_X	0.63294
2qmm_A	3o7b_A	0.66475
1c7k_A	3f18_A	0.63702
2o3a_A	3l8u_A	0.65389
2ha8_A	2o3a_A	0.68045
1ra0_A	4m51_A	0.73617
1hj8_A	6ff0_A	0.6524
1ub3_A	3nqf_A	0.71447
5a92_A	5ctm_A	0.68657
5ctm_A	6qw8_A	0.68171
1h1n_A	1w3l_A	0.72747
1xt5_A	5u64_B	0.66571
5tj6_A	5u76_A	0.70452
1d2u_A	3kfh_A	0.60468
1ym1_A	5ctm_A	0.67267
3cmi_A	4hqz_A	0.6599
1yly_A	5ctm_A	0.67342
1c7k_A	3f19_A	0.63821
2ha8_A	4cng_A	0.7841
1o7t_A	5mka_A	0.67294
3c6x_A	4g8c_A	0.71838
1o7t_A	5mtu_A	0.67687
4i8l_A	6ff0_A	0.65714
1ju2_A	3b3r_A	0.72182
2zd8_A	5ctm_A	0.67117
3c6x_A	4g9e_A	0.71806
1n9b_A	5ctm_A	0.66345
4i8j_A	6ff0_A	0.65716
3cwo_X	3nqf_A	0.62433
3cwo_X	4lc8_A	0.62723
1ju2_A	3b6d_A	0.71403
3c70_A	4g9e_A	0.7187
1h1n_A	8a3h_A	0.72716
5ctm_A	5toy_A	0.67232
4k1c_A	4kpp_A	0.72494
4de0_A	5ctm_A	0.67429
1v2x_A	3ic6_A	0.6472
3qzr_A	3urd_A	0.66279
1ju2_A	4u2s_A	0.71255
2o3a_A	4cng_A	0.67179
4kjr_A	4kpp_A	0.65073
4euz_A	5ctm_A	0.66024
2ah4_X	6ff0_A	0.65593
1ylj_A	5ctm_A	0.67597
3c6z_A	4g8c_A	0.71839
1c0p_A	3nyc_A	0.69936
1yqs_A	3vwn_X	0.66911
4fh4_A	5ctm_A	0.66612
5ctm_A	5tfq_A	0.65321
1h1n_A	1v0m_A	0.70351
4gw9_A	6ndo_A	0.65615
1ong_A	5ctm_A	0.66556
1kko_A	4kem_A	0.68341
1ju2_A	4u2t_A	0.713
4oqi_A	5ctm_A	0.67471
3beu_A	6ff0_A	0.64415
4b5w_A	4lc8_A	0.60232
3w4p_A	5ctm_A	0.67734
3bc9_A	4x9y_A	0.6148
2fvy_A	4rdc_A	0.63745
2qmm_A	3bbd_A	0.68325
4gnu_A	5ctm_A	0.66473
1v6z_A	4l69_A	0.60419
3bc9_A	5emy_A	0.61488
2o3a_A	3kty_A	0.6607
4o8o_A	5a8c_A	0.7198
1hj8_A	3qzr_A	0.60134
3zho_A	5k9b_A	0.64392
2zq7_A	5ctm_A	0.68271
2qwv_A	3o7b_A	0.60259
1swz_A	2anv_A	0.63933
1swy_A	2anv_A	0.63915
1nxz_A	1v6z_A	0.60969
1q6o_A	1ub3_A	0.71881
1ju2_A	1n4v_A	0.71418
1swy_A	2anx_A	0.6405
1swz_A	2anx_A	0.64072
3urd_A	5lgo_A	0.61227
5dj7_A	6ff0_A	0.6386
2anx_A	3fa0_A	0.64704
1kwf_A	5m77_A	0.62604
2anv_A	3fa0_A	0.64595
1q6o_A	4wui_A	0.71768
1sx2_A	2anx_A	0.64027
1sx2_A	2anv_A	0.63778
3c70_A	4eus_A	0.67124
3b12_A	3c70_A	0.67819
1is9_A	5m77_A	0.63445
3c6z_A	4g9e_A	0.71844
1s0q_A	3urd_A	0.60896
3c6z_A	4eus_A	0.67074
1zkp_A	3rpc_A	0.68984
1o5x_A	1q6o_A	0.62755
4fcf_A	5ctm_A	0.66651
1hdo_A	4one_A	0.63104
1w3l_A	5y3x_A	0.60758
3c70_A	4g8c_A	0.7186
1h1n_A	1v0l_A	0.70268
1o5x_A	1ub3_A	0.62415
3b12_A	3c6z_A	0.67779
4wkf_A	5kz6_A	0.62136
2ah4_X	3urd_A	0.61406
1hdo_A	1sby_A	0.62675
4wka_A	5kz6_A	0.62011
1v6z_A	4j3c_A	0.61354
3c6x_A	4eus_A	0.67123
3beu_A	3qzr_A	0.61675
4wk9_A	5kz6_A	0.62042
4qrv_A	6x44_A	0.62762
2ddx_A	5y3x_A	0.67214
3i4g_A	3jq0_A	0.69265
1s0r_A	3urd_A	0.60957
4c5m_A	7c1z_A	0.61202
1mj5_A	3c6z_A	0.64668
5c77_A	6emv_A	0.60222
1mj5_A	3c70_A	0.64752
3b12_A	3c6x_A	0.67809
1q6o_A	3cwo_X	0.63133
3eo6_A	5wsf_A	0.60827
1mj5_A	3c6x_A	0.64672
1gok_A	1h1n_A	0.7045
1h1n_A	1v0k_A	0.70407
1v0k_A	1w3l_A	0.64865
1h1n_A	1i1w_A	0.70506
1ub3_A	2y62_A	0.61731
1v0k_A	7a3h_A	0.6487
1h1n_A	1i1x_A	0.70438
1v0m_A	1w3l_A	0.64715
1i1w_A	1w3l_A	0.65269
1v0m_A	7a3h_A	0.64689
3nqf_A	4b5w_A	0.60125
5nat_A	6ff0_A	0.65579
1v0l_A	1w3l_A	0.64711
3urd_A	5mne_A	0.61215
5y3x_A	8a3h_A	0.60816
3v5u_A	4kjr_A	0.65567
3urd_A	5mnp_A	0.61152
4qas_A	5epu_A	0.60585
1gok_A	7a3h_A	0.65261
3c6z_A	5flk_A	0.65365
2qmm_A	2v3j_A	0.66791
1gok_A	8a3h_A	0.65273
1o5x_A	4wui_A	0.60425
1o5x_A	3nqf_A	0.61127
1v0m_A	8a3h_A	0.64751
5p9n_A	5t39_A	0.60308
1v0l_A	7a3h_A	0.64748
3c6x_A	5flk_A	0.65319
1h1n_A	1qtw_A	0.6069
2fvy_A	3sg0_A	0.61722
3urd_A	4i8j_A	0.61273
1kng_A	3cmi_A	0.65624
3urd_A	5mnh_A	0.61174
3zho_A	5yob_A	0.63701
3nyd_A	8a3h_A	0.64879
1ra0_A	4gxw_A	0.61733
3urd_A	5mng_A	0.61247
1i1w_A	8a3h_A	0.65241
3urd_A	5mon_A	0.61188
2qwv_A	3bbd_A	0.63819
1w3l_A	3nyd_A	0.64901
1v0k_A	8a3h_A	0.64851
4c5m_A	7c1x_A	0.61681
3c70_A	5flk_A	0.65395
1gok_A	1w3l_A	0.65328
3urd_A	4i8l_A	0.6129
1h1n_A	3nyd_A	0.70655
1hj8_A	3urd_A	0.61516
1i1w_A	7a3h_A	0.65353
1o5x_A	4lc8_A	0.61147
1jcj_A	1o5x_A	0.63244
3u81_A	5t39_A	0.60233
1jcj_A	2j27_A	0.63485
1ixh_A	3cij_A	0.62356
5b7y_A	8a3h_A	0.60057
1p1x_A	2j27_A	0.63813
1o5x_A	1p1x_A	0.63595
1h1n_A	2ddx_A	0.62838
3nyd_A	7a3h_A	0.64936
1jcj_A	2y62_A	0.63346
1v0l_A	8a3h_A	0.64604
1i1x_A	7a3h_A	0.65308
5jh8_A	5kz6_A	0.63149
3urd_A	5mnn_A	0.61206
1v0m_A	4hno_A	0.6024
2vb8_A	6arg_A	0.62774
1v0k_A	4hno_A	0.60498
1p1x_A	2y62_A	0.63756
3urd_A	5mnc_A	0.61228
1h1n_A	5y3x_A	0.66277
5y3x_A	7a3h_A	0.60706
2vb8_A	4o9a_A	0.62829
5b7y_A	7a3h_A	0.60045
1w3l_A	5b7y_A	0.60425
3wy2_A	4x9y_A	0.62528
3wy2_A	5emy_A	0.62392
