sample_id	length	length_score	component_id
knot:1ml5_m	145	0.3496067691727528	COMP_781ede2ad70875008fca
knot:1rwaA	757	0.7238108033576066	COMP_693aad5b09a7354e944e
knot:2qsbA	89	0.252353422147614	COMP_be749664200e68d62f6a
knot:3a2vA	249	0.4741624422379819	COMP_5b677f4a21d6c9386bab
knot:3mvsA	210	0.4337488933789427	COMP_7f1ffce61a47edcda947
knot:3x0kA	170	0.384913603241883	COMP_93e74a6b5d2f1c642687
knot:3x0nA	170	0.384913603241883	COMP_93e74a6b5d2f1c642687
knot:3x0sA	170	0.384913603241883	COMP_93e74a6b5d2f1c642687
knot:4aw7A	591	0.6738612367922443	COMP_20cfb666965e7387d3dd
knot:4jeaA	106	0.2850222169770524	COMP_f4cb7a222116283964e0
knot:5dqlA	428	0.6025121259286893	COMP_4f587cf304d8e2d9d6ee
knot:5hd6A	175	0.39149713997257296	COMP_6cc64a614960ca168342
knot:5vscA	275	0.4979303347347414	COMP_2e7d37ec107ac72ef279
knot:5ws7A	156	0.3656552996911184	COMP_93e74a6b5d2f1c642687
knot:6zbl_B	792	0.7324053681924133	COMP_fad64024b8c05ef42d8d
knot:7nxg_A	463	0.6204309092808713	COMP_657c68979dcf5d8b52df
knot:7s9y_A	942	0.7637755753018488	COMP_01f982c98aa474b90c76
