sid	true	pred	component	source
knot:1by7_A	3_1	3_1	1BY7_A	old_dev
knot:1gku_B	3_1	3_1	1GKU_B	old_dev
knot:1he8_A	3_1	3_1	1HE8_A	old_dev
knot:1t0h_B	3_1	3_1	1T0H_B	old_dev
knot:1uak_A	3_1	3_1	1UAK_A	old_dev
knot:6qqw_A	3_1	3_1	1UAK_A	old_dev
knot:6qqz_A	3_1	3_1	1UAK_A	old_dev
p507:1UAL_A	3_1	3_1	1UAK_A	new
p507:1UAM_A	3_1	3_1	1UAK_A	new
p507:3AXZ_A	3_1	3_1	1UAK_A	new
p507:3KNU_A	3_1	3_1	1UAK_A	new
p507:4YPX_A	3_1	3_1	1UAK_A	new
p507:4YQD_A	3_1	3_1	1UAK_A	new
p507:4YVG_A	3_1	3_1	1UAK_A	new
p507:4YVH_A	3_1	3_1	1UAK_A	new
p507:4YVJ_A	3_1	3_1	1UAK_A	new
p507:5WYR_A	3_1	3_1	1UAK_A	new
p507:6AFK_A	3_1	3_1	1UAK_A	new
p507:6JOF_A	3_1	3_1	1UAK_A	new
p507:6QOE_A	3_1	3_1	1UAK_A	new
p507:6QOW_A	3_1	3_1	1UAK_A	new
p507:6QQQ_A	3_1	3_1	1UAK_A	new
p507:6QQY_A	3_1	3_1	1UAK_A	new
p507:6QR2_A	3_1	3_1	1UAK_A	new
p507:6QRD_A	3_1	3_1	1UAK_A	new
p507:6QRE_A	3_1	3_1	1UAK_A	new
knot:1xi5_A	3_1	3_1	1XI5_A	old_dev
knot:2cav_A	5_2	3_1	2CAV_A	old_dev
knot:2fy5_A	3_1	3_1	2FY5_A	old_dev
knot:2pps_F	3_1	3_1	2PPS_F	old_dev
knot:2r6e_A	3_1	3_1	2R6E_A	old_dev
knot:2qmm_A	3_1	3_1	2V3J_A	old_dev
knot:2qwv_A	3_1	3_1	2V3J_A	old_dev
knot:2v3j_A	3_1	3_1	2V3J_A	old_dev
knot:3bbd_A	3_1	3_1	2V3J_A	old_dev
knot:3o7b_A	3_1	3_1	2V3J_A	old_dev
p507:2V3K_A	3_1	3_1	2V3J_A	new
p507:5FAI_A	3_1	3_1	2V3J_A	new
p507:5OQL_e	3_1	3_1	2V3J_A	new
p507:6RXX_CN	3_1	3_1	2V3J_A	new
p507:6RXY_CN	3_1	3_1	2V3J_A	new
p507:6RXZ_CN	3_1	3_1	2V3J_A	new
knot:2w6e_G	3_1	3_1	2W6E_G	old_dev
knot:3ihr_A	5_2	5_2	3IHR_A	old_dev
p507:4UF5_A	5_2	5_2	3IHR_A	new
p507:4WLP_A	5_2	5_2	3IHR_A	new
knot:3iyk_A	3_1	3_1	3IYK_A	old_dev
knot:3m9s_M	3_1	4_1	3M9S_M	old_dev
knot:3o0p_A	3_1	3_1	3O0P_A	old_dev
knot:3oc3_A	3_1	3_1	3OC3_A	old_dev
p507:3V5S_A	3_1	3_1	3V5S_A	new
knot:3wpc_A	3_1	3_1	3WPC_A	old_dev
knot:4ce4_z	4_1	3_1	4CE4_Z	old_dev
knot:4cru_A	3_1	3_1	4CRU_A	old_dev
knot:4wz7_E	3_1	3_1	4WZ7_E	old_dev
knot:4ye9_A	3_1	3_1	4YE9_A	old_dev
knot:5aor_A	3_1	3_1	5AOR_A	old_dev
knot:5gao_E	3_1	3_1	5GAO_E	old_dev
p507:1RG9_A	3_1	3_1	5H9U_A	new
p507:5H9U_A	3_1	3_1	5H9U_A	new
p507:5UGH_A	3_1	3_1	5H9U_A	new
p507:7OCK_B	3_1	3_1	5H9U_A	new
knot:5if3_A	3_1	3_1	5IF3_A	old_dev
knot:2k0a_A	3_1	3_1	5IFE_D	old_dev
p507:5IFE_D	3_1	5_2	5IFE_D	new
p507:5O9Z_y	3_1	5_2	5IFE_D	new
p507:5JIR_A	3_1	3_1	5JIR_A	new
knot:5l3p_z	3_1	4_1	5L3P_Z	old_dev
p507:5OOM_s	3_1	3_1	5OOM_s	new
p507:6GAW_Bw	3_1	3_1	5OOM_s	new
knot:2vea_A	4_1	3_1	6FHT_A	old_dev
knot:4gw9_A	4_1	3_1	6FHT_A	old_dev
knot:6ndo_A	4_1	3_1	6FHT_A	old_dev
p507:3C2W_A	4_1	3_1	6FHT_A	new
p507:3G6O_A	4_1	3_1	6FHT_A	new
p507:3IBR_A	4_1	3_1	6FHT_A	new
p507:3NHQ_A	4_1	3_1	6FHT_A	new
p507:3NOP_C	4_1	3_1	6FHT_A	new
p507:3NOT_C	4_1	3_1	6FHT_A	new
p507:3NOU_C	4_1	3_1	6FHT_A	new
p507:3ZQ5_A	4_1	3_1	6FHT_A	new
p507:4O01_A	4_1	3_1	6FHT_A	new
p507:4O01_B	4_1	3_1	6FHT_A	new
p507:4O01_C	4_1	3_1	6FHT_A	new
p507:4O01_D	4_1	3_1	6FHT_A	new
p507:4O0P_A	4_1	3_1	6FHT_A	new
p507:4O0P_B	4_1	3_1	6FHT_A	new
p507:4Q0J_A	4_1	3_1	6FHT_A	new
p507:4R6L_A	4_1	3_1	6FHT_A	new
p507:5C5K_A	4_1	3_1	6FHT_A	new
p507:5HSQ_A	4_1	3_1	6FHT_A	new
p507:5I5L_A	4_1	3_1	6FHT_A	new
p507:5NM3_A	4_1	3_1	6FHT_A	new
p507:5NWN_A	4_1	3_1	6FHT_A	new
p507:6BAO_A	4_1	3_1	6FHT_A	new
p507:6BAP_A	4_1	3_1	6FHT_A	new
p507:6BAY_A	4_1	3_1	6FHT_A	new
p507:6FHT_A	4_1	3_1	6FHT_A	new
p507:6PTQ_A	4_1	3_1	6FHT_A	new
p507:6PTX_A	4_1	3_1	6FHT_A	new
p507:6PU2_A	4_1	3_1	6FHT_A	new
knot:6juy_A	3_1	3_1	6JUY_A	old_dev
knot:6k4n_A	3_1	3_1	6K4N_A	old_dev
knot:6nbq_F	3_1	3_1	6NBQ_F	old_dev
knot:6oaw_A	3_1	3_1	6OAW_A	old_dev
knot:6qam_A	3_1	3_1	6QAM_A	old_dev
knot:6rao_I	3_1	3_1	6RAO_I	old_dev
knot:6sg9_DH	3_1	3_1	6SG9_DH	old_dev
knot:6ted_V	3_1	5_2	6TED_V	old_dev
knot:6w1s_L	3_1	3_1	6W1S_L	old_dev
knot:6x0m_P	3_1	3_1	6X0M_P	old_dev
knot:6x44_A	4_1	5_2	6X44_A	old_dev
knot:6xp5_Q	3_1	3_1	6XP5_Q	old_dev
knot:6y5q_q	4_1	3_1	6Y5Q_Q	old_dev
knot:6y7c_i	3_1	3_1	6Y7C_I	old_dev
knot:6yxy_UX	3_1	3_1	6YXY_UX	old_dev
knot:7abg_s	5_2	3_1	7ABG_S	old_dev
knot:7bii_A	3_1	3_1	7BII_A	old_dev
knot:7bqd_A	3_1	3_1	7BQD_A	old_dev
knot:7c1x_A	3_1	3_1	7C1X_A	old_dev
knot:7c1z_A	3_1	3_1	7C1X_A	old_dev
knot:7o2w_B	3_1	3_1	7O2W_B	old_dev
knot:5c77_A	3_1	3_1	7ONU_F	old_dev
p507:5NFJ_A	3_1	3_1	7ONU_F	new
p507:6EMU_A	3_1	3_1	7ONU_F	new
p507:7ONU_F	3_1	3_1	7ONU_F	new
